section,group,id,text
Alphabet,0,0003,(˶˃ ᵕ ˂˶)(,,>﹏<,,)(⇀‸↼‶)
Alphabet,0,0004,(˶˃ ᵕ ˂˶)(,,>﹏<,,)(⇀‸↼‶)
Alphabet,0,0007,(˶˃ ᵕ ˂˶)(,,>﹏<,,)(⇀‸↼‶)
Alphabet,0,0009,(˶˃ ᵕ ˂˶)(,,>﹏<,,)(⇀‸↼‶)
Alphabet,0,0010,(˶˃ ᵕ ˂˶)(,,>﹏<,,)(⇀‸↼‶)
Alphabet,0,0011,(˶˃ ᵕ ˂˶)(,,>﹏<,,)(⇀‸↼‶)
Alphabet,0,0012,(˶˃ ᵕ ˂˶)(,,>﹏<,,)(⇀‸↼‶)
Alphabet,0,0018,(˶˃ ᵕ ˂˶)(,,>﹏<,,)(⇀‸↼‶)
Alphabet,0,0024,(˶˃ ᵕ ˂˶)(,,>﹏<,,)(⇀‸↼‶)
Alphabet,0,0025,(˶˃ ᵕ ˂˶)(,,>﹏<,,)(⇀‸↼‶)
Alphabet,0,0026,(˶˃ ᵕ ˂˶)(,,>﹏<,,)(⇀‸↼‶)
Alphabet,0,0027,(˶˃ ᵕ ˂˶)(,,>﹏<,,)(⇀‸↼‶)
Alphabet,0,0028,(˶˃ ᵕ ˂˶)(,,>﹏<,,)(⇀‸↼‶)
Alphabet,0,0029,(˶˃ ᵕ ˂˶)(,,>﹏<,,)(⇀‸↼‶)
Alphabet,0,0030,(˶˃ ᵕ ˂˶)(,,>﹏<,,)(⇀‸↼‶)
Alphabet,0,0031,(˶˃ ᵕ ˂˶)(,,>﹏<,,)(⇀‸↼‶)
Alphabet,0,0032,(˶˃ ᵕ ˂˶)(,,>﹏<,,)(⇀‸↼‶)
Alphabet,0,0037,(˶˃ ᵕ ˂˶)(,,>﹏<,,)(⇀‸↼‶)
Alphabet,0,0038,(˶˃ ᵕ ˂˶)(,,>﹏<,,)(⇀‸↼‶)
Alphabet,0,0039,(˶˃ ᵕ ˂˶)(,,>﹏<,,)(⇀‸↼‶)
Alphabet,0,0040,(˶˃ ᵕ ˂˶)(,,>﹏<,,)(⇀‸↼‶)
Alphabet,0,0045,(˶˃ ᵕ ˂˶)(,,>﹏<,,)(⇀‸↼‶)
Alphabet,0,0048,(˶˃ ᵕ ˂˶)(,,>﹏<,,)(⇀‸↼‶)
Alphabet,0,0054,(˶˃ ᵕ ˂˶)(,,>﹏<,,)(⇀‸↼‶)
Alphabet,0,0057,(˶˃ ᵕ ˂˶)(,,>﹏<,,)(⇀‸↼‶)
Alphabet,0,0060,(˶˃ ᵕ ˂˶)(,,>﹏<,,)(⇀‸↼‶)
Alphabet,0,0061,(˶˃ ᵕ ˂˶)(,,>﹏<,,)(⇀‸↼‶)
Alphabet,0,0075,(˶˃ ᵕ ˂˶)(,,>﹏<,,)(⇀‸↼‶)
Alphabet,0,0076,(˶˃ ᵕ ˂˶)(,,>﹏<,,)(⇀‸↼‶)
Alphabet,0,0077,(˶˃ ᵕ ˂˶)(,,>﹏<,,)(⇀‸↼‶)
Alphabet,0,0079,(˶˃ ᵕ ˂˶)(,,>﹏<,,)(⇀‸↼‶)
Alphabet,0,0080,(˶˃ ᵕ ˂˶)(,,>﹏<,,)(⇀‸↼‶)
Alphabet,0,0081,(˶˃ ᵕ ˂˶)(,,>﹏<,,)(⇀‸↼‶)
Alphabet,0,0082,(˶˃ ᵕ ˂˶)(,,>﹏<,,)(⇀‸↼‶)
Alphabet,0,0083,(˶˃ ᵕ ˂˶)(,,>﹏<,,)(⇀‸↼‶)
Alphabet,0,0084,(˶˃ ᵕ ˂˶)(,,>﹏<,,)(⇀‸↼‶)
Alphabet,0,0085,(˶˃ ᵕ ˂˶)(,,>﹏<,,)(⇀‸↼‶)
Alphabet,0,0087,(˶˃ ᵕ ˂˶)(,,>﹏<,,)(⇀‸↼‶)
Alphabet,0,0088,(˶˃ ᵕ ˂˶)(,,>﹏<,,)(⇀‸↼‶)
Alphabet,0,0090,(˶˃ ᵕ ˂˶)(,,>﹏<,,)(⇀‸↼‶)
Alphabet,0,0093,(˶˃ ᵕ ˂˶)(,,>﹏<,,)(⇀‸↼‶)
Alphabet,0,0094,(˶˃ ᵕ ˂˶)(,,>﹏<,,)(⇀‸↼‶)
Alphabet,0,0095,(˶˃ ᵕ ˂˶)(,,>﹏<,,)(⇀‸↼‶)
Alphabet,0,0098,(˶˃ ᵕ ˂˶)(,,>﹏<,,)(⇀‸↼‶)
Alphabet,0,0099,(˶˃ ᵕ ˂˶)(,,>﹏<,,)(⇀‸↼‶)
Alphabet,0,0100,(˶˃ ᵕ ˂˶)(,,>﹏<,,)(⇀‸↼‶)
Alphabet,0,0101,(˶˃ ᵕ ˂˶)(,,>﹏<,,)(⇀‸↼‶)
Alphabet,0,0102,(˶˃ ᵕ ˂˶)(,,>﹏<,,)(⇀‸↼‶)
Alphabet,0,0103,(˶˃ ᵕ ˂˶)(,,>﹏<,,)(⇀‸↼‶)
Alphabet,0,0105,(˶˃ ᵕ ˂˶)(,,>﹏<,,)(⇀‸↼‶)
Alphabet,0,0106,(˶˃ ᵕ ˂˶)(,,>﹏<,,)(⇀‸↼‶)
Alphabet,0,0107,(˶˃ ᵕ ˂˶)(,,>﹏<,,)(⇀‸↼‶)
Alphabet,0,0108,(˶˃ ᵕ ˂˶)(,,>﹏<,,)(⇀‸↼‶)
Alphabet,0,0109,(˶˃ ᵕ ˂˶)(,,>﹏<,,)(⇀‸↼‶)
Alphabet,0,0110,(˶˃ ᵕ ˂˶)(,,>﹏<,,)(⇀‸↼‶)
Alphabet,0,0111,(˶˃ ᵕ ˂˶)(,,>﹏<,,)(⇀‸↼‶)
Alphabet,0,0117,(˶˃ ᵕ ˂˶)(,,>﹏<,,)(⇀‸↼‶)
Alphabet,0,0118,(˶˃ ᵕ ˂˶)(,,>﹏<,,)(⇀‸↼‶)
Alphabet,0,0122,(˶˃ ᵕ ˂˶)(,,>﹏<,,)(⇀‸↼‶)
Alphabet,0,0123,(˶˃ ᵕ ˂˶)(,,>﹏<,,)(⇀‸↼‶)
Alphabet,0,0124,(˶˃ ᵕ ˂˶)(,,>﹏<,,)(⇀‸↼‶)
Alphabet,0,0125,(˶˃ ᵕ ˂˶)(,,>﹏<,,)(⇀‸↼‶)
Alphabet,0,0126,(˶˃ ᵕ ˂˶)(,,>﹏<,,)(⇀‸↼‶)
Alphabet,0,0127,(˶˃ ᵕ ˂˶)(,,>﹏<,,)(⇀‸↼‶)
Alphabet,0,0128,(˶˃ ᵕ ˂˶)(,,>﹏<,,)(⇀‸↼‶)
Alphabet,0,0129,(˶˃ ᵕ ˂˶)(,,>﹏<,,)(⇀‸↼‶)
Alphabet,0,0130,(˶˃ ᵕ ˂˶)(,,>﹏<,,)(⇀‸↼‶)
Alphabet,0,0131,(˶˃ ᵕ ˂˶)(,,>﹏<,,)(⇀‸↼‶)
Alphabet,0,0132,(˶˃ ᵕ ˂˶)(,,>﹏<,,)(⇀‸↼‶)
Alphabet,0,0133,(˶˃ ᵕ ˂˶)(,,>﹏<,,)(⇀‸↼‶)
Alphabet,0,0134,(˶˃ ᵕ ˂˶)(,,>﹏<,,)(⇀‸↼‶)
Alphabet,0,0135,(˶˃ ᵕ ˂˶)(,,>﹏<,,)(⇀‸↼‶)
Alphabet,0,0136,(˶˃ ᵕ ˂˶)(,,>﹏<,,)(⇀‸↼‶)
Alphabet,0,0137,(˶˃ ᵕ ˂˶)(,,>﹏<,,)(⇀‸↼‶)
Alphabet,0,0138,(˶˃ ᵕ ˂˶)(,,>﹏<,,)(⇀‸↼‶)
Alphabet,0,0139,(˶˃ ᵕ ˂˶)(,,>﹏<,,)(⇀‸↼‶)
Alphabet,0,0140,(˶˃ ᵕ ˂˶)(,,>﹏<,,)(⇀‸↼‶)
Alphabet,0,0141,(˶˃ ᵕ ˂˶)(,,>﹏<,,)(⇀‸↼‶)
Alphabet,0,0143,(˶˃ ᵕ ˂˶)(,,>﹏<,,)(⇀‸↼‶)
Alphabet,0,0144,(˶˃ ᵕ ˂˶)(,,>﹏<,,)(⇀‸↼‶)
Alphabet,0,0145,(˶˃ ᵕ ˂˶)(,,>﹏<,,)(⇀‸↼‶)
Alphabet,0,0146,(˶˃ ᵕ ˂˶)(,,>﹏<,,)(⇀‸↼‶)
Alphabet,0,0147,(˶˃ ᵕ ˂˶)(,,>﹏<,,)(⇀‸↼‶)
Alphabet,0,0148,(˶˃ ᵕ ˂˶)(,,>﹏<,,)(⇀‸↼‶)
Alphabet,0,0150,(˶˃ ᵕ ˂˶)(,,>﹏<,,)(⇀‸↼‶)
Alphabet,0,0151,(˶˃ ᵕ ˂˶)(,,>﹏<,,)(⇀‸↼‶)
Alphabet,0,0152,(˶˃ ᵕ ˂˶)(,,>﹏<,,)(⇀‸↼‶)
Alphabet,0,0154,(˶˃ ᵕ ˂˶)(,,>﹏<,,)(⇀‸↼‶)
Alphabet,0,0155,(˶˃ ᵕ ˂˶)(,,>﹏<,,)(⇀‸↼‶)
Alphabet,0,0156,(˶˃ ᵕ ˂˶)(,,>﹏<,,)(⇀‸↼‶)
Alphabet,0,0158,(˶˃ ᵕ ˂˶)(,,>﹏<,,)(⇀‸↼‶)
Alphabet,0,0159,(˶˃ ᵕ ˂˶)(,,>﹏<,,)(⇀‸↼‶)
Alphabet,0,0160,(˶˃ ᵕ ˂˶)(,,>﹏<,,)(⇀‸↼‶)
Alphabet,0,0161,(˶˃ ᵕ ˂˶)(,,>﹏<,,)(⇀‸↼‶)
Alphabet,0,0162,(˶˃ ᵕ ˂˶)(,,>﹏<,,)(⇀‸↼‶)
Alphabet,0,0163,(˶˃ ᵕ ˂˶)(,,>﹏<,,)(⇀‸↼‶)
Alphabet,0,0164,(˶˃ ᵕ ˂˶)(,,>﹏<,,)(⇀‸↼‶)
Alphabet,0,0167,(˶˃ ᵕ ˂˶)(,,>﹏<,,)(⇀‸↼‶)
Alphabet,0,0168,(˶˃ ᵕ ˂˶)(,,>﹏<,,)(⇀‸↼‶)
Alphabet,0,0169,(˶˃ ᵕ ˂˶)(,,>﹏<,,)(⇀‸↼‶)
Alphabet,0,0170,(˶˃ ᵕ ˂˶)(,,>﹏<,,)(⇀‸↼‶)
Alphabet,0,0173,(˶˃ ᵕ ˂˶)(,,>﹏<,,)(⇀‸↼‶)
Alphabet,0,0176,(˶˃ ᵕ ˂˶)(,,>﹏<,,)(⇀‸↼‶)
Alphabet,0,0177,(˶˃ ᵕ ˂˶)(,,>﹏<,,)(⇀‸↼‶)
Alphabet,0,0179,(˶˃ ᵕ ˂˶)(,,>﹏<,,)(⇀‸↼‶)
Alphabet,0,0181,(˶˃ ᵕ ˂˶)(,,>﹏<,,)(⇀‸↼‶)
Alphabet,0,0182,(˶˃ ᵕ ˂˶)(,,>﹏<,,)(⇀‸↼‶)
Alphabet,0,0183,(˶˃ ᵕ ˂˶)(,,>﹏<,,)(⇀‸↼‶)
Alphabet,0,0184,(˶˃ ᵕ ˂˶)(,,>﹏<,,)(⇀‸↼‶)
Alphabet,0,0185,(˶˃ ᵕ ˂˶)(,,>﹏<,,)(⇀‸↼‶)
Alphabet,0,0186,(˶˃ ᵕ ˂˶)(,,>﹏<,,)(⇀‸↼‶)
Alphabet,0,0187,(˶˃ ᵕ ˂˶)(,,>﹏<,,)(⇀‸↼‶)
Alphabet,0,0188,(˶˃ ᵕ ˂˶)(,,>﹏<,,)(⇀‸↼‶)
Alphabet,0,0189,(˶˃ ᵕ ˂˶)(,,>﹏<,,)(⇀‸↼‶)
Alphabet,0,0190,(˶˃ ᵕ ˂˶)(,,>﹏<,,)(⇀‸↼‶)
Alphabet,0,0193,(˶˃ ᵕ ˂˶)(,,>﹏<,,)(⇀‸↼‶)
Alphabet,0,0194,(˶˃ ᵕ ˂˶)(,,>﹏<,,)(⇀‸↼‶)
Alphabet,0,0195,(˶˃ ᵕ ˂˶)(,,>﹏<,,)(⇀‸↼‶)
Alphabet,0,0197,(˶˃ ᵕ ˂˶)(,,>﹏<,,)(⇀‸↼‶)
Alphabet,0,0198,(˶˃ ᵕ ˂˶)(,,>﹏<,,)(⇀‸↼‶)
Alphabet,0,0199,(˶˃ ᵕ ˂˶)(,,>﹏<,,)(⇀‸↼‶)
Alphabet,0,0200,(˶˃ ᵕ ˂˶)(,,>﹏<,,)(⇀‸↼‶)
Alphabet,0,0201,(˶˃ ᵕ ˂˶)(,,>﹏<,,)(⇀‸↼‶)
Alphabet,0,0202,(˶˃ ᵕ ˂˶)(,,>﹏<,,)(⇀‸↼‶)
Alphabet,0,0203,(˶˃ ᵕ ˂˶)(,,>﹏<,,)(⇀‸↼‶)
Alphabet,0,0204,(˶˃ ᵕ ˂˶)(,,>﹏<,,)(⇀‸↼‶)
Alphabet,0,0205,(˶˃ ᵕ ˂˶)(,,>﹏<,,)(⇀‸↼‶)
Alphabet,0,0207,(˶˃ ᵕ ˂˶)(,,>﹏<,,)(⇀‸↼‶)
Alphabet,0,0208,(˶˃ ᵕ ˂˶)(,,>﹏<,,)(⇀‸↼‶)
Alphabet,0,0210,(˶˃ ᵕ ˂˶)(,,>﹏<,,)(⇀‸↼‶)
Alphabet,0,0215,(˶˃ ᵕ ˂˶)(,,>﹏<,,)(⇀‸↼‶)
Alphabet,0,0216,(˶˃ ᵕ ˂˶)(,,>﹏<,,)(⇀‸↼‶)
Alphabet,0,0218,(˶˃ ᵕ ˂˶)(,,>﹏<,,)(⇀‸↼‶)
Alphabet,0,0219,(˶˃ ᵕ ˂˶)(,,>﹏<,,)(⇀‸↼‶)
Alphabet,0,0220,(˶˃ ᵕ ˂˶)(,,>﹏<,,)(⇀‸↼‶)
Alphabet,0,0221,(˶˃ ᵕ ˂˶)(,,>﹏<,,)(⇀‸↼‶)
Alphabet,0,0222,(˶˃ ᵕ ˂˶)(,,>﹏<,,)(⇀‸↼‶)
Alphabet,0,0223,(˶˃ ᵕ ˂˶)(,,>﹏<,,)(⇀‸↼‶)
Alphabet,0,0224,(˶˃ ᵕ ˂˶)(,,>﹏<,,)(⇀‸↼‶)
Alphabet,0,0225,(˶˃ ᵕ ˂˶)(,,>﹏<,,)(⇀‸↼‶)
Alphabet,0,0226,(˶˃ ᵕ ˂˶)(,,>﹏<,,)(⇀‸↼‶)
Alphabet,0,0227,(˶˃ ᵕ ˂˶)(,,>﹏<,,)(⇀‸↼‶)
Alphabet,0,0228,(˶˃ ᵕ ˂˶)(,,>﹏<,,)(⇀‸↼‶)
Alphabet,0,0229,(˶˃ ᵕ ˂˶)(,,>﹏<,,)(⇀‸↼‶)
Alphabet,0,0230,(˶˃ ᵕ ˂˶)(,,>﹏<,,)(⇀‸↼‶)
Alphabet,0,0231,(˶˃ ᵕ ˂˶)(,,>﹏<,,)(⇀‸↼‶)
Alphabet,0,0232,(˶˃ ᵕ ˂˶)(,,>﹏<,,)(⇀‸↼‶)
Alphabet,0,0233,(˶˃ ᵕ ˂˶)(,,>﹏<,,)(⇀‸↼‶)
Alphabet,0,0234,(˶˃ ᵕ ˂˶)(,,>﹏<,,)(⇀‸↼‶)
Alphabet,0,0238,(˶˃ ᵕ ˂˶)(,,>﹏<,,)(⇀‸↼‶)
Alphabet,0,0239,(˶˃ ᵕ ˂˶)(,,>﹏<,,)(⇀‸↼‶)
Alphabet,0,0242,(˶˃ ᵕ ˂˶)(,,>﹏<,,)(⇀‸↼‶)
Alphabet,0,0243,(˶˃ ᵕ ˂˶)(,,>﹏<,,)(⇀‸↼‶)
Alphabet,0,0245,(˶˃ ᵕ ˂˶)(,,>﹏<,,)(⇀‸↼‶)
Alphabet,0,0246,(˶˃ ᵕ ˂˶)(,,>﹏<,,)(⇀‸↼‶)
Alphabet,0,0247,(˶˃ ᵕ ˂˶)(,,>﹏<,,)(⇀‸↼‶)
Alphabet,0,0248,(˶˃ ᵕ ˂˶)(,,>﹏<,,)(⇀‸↼‶)
Alphabet,0,0249,(˶˃ ᵕ ˂˶)(,,>﹏<,,)(⇀‸↼‶)
Alphabet,0,0251,(˶˃ ᵕ ˂˶)(,,>﹏<,,)(⇀‸↼‶)
Alphabet,0,0252,(˶˃ ᵕ ˂˶)(,,>﹏<,,)(⇀‸↼‶)
Alphabet,0,0253,(˶˃ ᵕ ˂˶)(,,>﹏<,,)(⇀‸↼‶)
Alphabet,0,0254,(˶˃ ᵕ ˂˶)(,,>﹏<,,)(⇀‸↼‶)
Alphabet,0,0256,(˶˃ ᵕ ˂˶)(,,>﹏<,,)(⇀‸↼‶)
Alphabet,0,0257,(˶˃ ᵕ ˂˶)(,,>﹏<,,)(⇀‸↼‶)
Alphabet,0,0258,(˶˃ ᵕ ˂˶)(,,>﹏<,,)(⇀‸↼‶)
Alphabet,0,0259,(˶˃ ᵕ ˂˶)(,,>﹏<,,)(⇀‸↼‶)
Alphabet,0,0261,(˶˃ ᵕ ˂˶)(,,>﹏<,,)(⇀‸↼‶)
Alphabet,0,0262,(˶˃ ᵕ ˂˶)(,,>﹏<,,)(⇀‸↼‶)
Alphabet,0,0265,(˶˃ ᵕ ˂˶)(,,>﹏<,,)(⇀‸↼‶)
Alphabet,0,0266,(˶˃ ᵕ ˂˶)(,,>﹏<,,)(⇀‸↼‶)
Alphabet,0,0269,(˶˃ ᵕ ˂˶)(,,>﹏<,,)(⇀‸↼‶)
Alphabet,0,0270,(˶˃ ᵕ ˂˶)(,,>﹏<,,)(⇀‸↼‶)
Alphabet,0,0271,(˶˃ ᵕ ˂˶)(,,>﹏<,,)(⇀‸↼‶)
Alphabet,0,0272,(˶˃ ᵕ ˂˶)(,,>﹏<,,)(⇀‸↼‶)
Alphabet,0,0273,(˶˃ ᵕ ˂˶)(,,>﹏<,,)(⇀‸↼‶)
Alphabet,0,0274,(˶˃ ᵕ ˂˶)(,,>﹏<,,)(⇀‸↼‶)
Alphabet,0,0275,(˶˃ ᵕ ˂˶)(,,>﹏<,,)(⇀‸↼‶)
Alphabet,0,0276,(˶˃ ᵕ ˂˶)(,,>﹏<,,)(⇀‸↼‶)
Alphabet,0,0278,(˶˃ ᵕ ˂˶)(,,>﹏<,,)(⇀‸↼‶)
Alphabet,0,0280,(˶˃ ᵕ ˂˶)(,,>﹏<,,)(⇀‸↼‶)
Alphabet,0,0281,(˶˃ ᵕ ˂˶)(,,>﹏<,,)(⇀‸↼‶)
Alphabet,0,0282,(˶˃ ᵕ ˂˶)(,,>﹏<,,)(⇀‸↼‶)
Alphabet,0,0283,(˶˃ ᵕ ˂˶)(,,>﹏<,,)(⇀‸↼‶)
Alphabet,0,0287,(˶˃ ᵕ ˂˶)(,,>﹏<,,)(⇀‸↼‶)
Alphabet,0,0288,(˶˃ ᵕ ˂˶)(,,>﹏<,,)(⇀‸↼‶)
Alphabet,0,0290,(˶˃ ᵕ ˂˶)(,,>﹏<,,)(⇀‸↼‶)
Alphabet,0,0292,(˶˃ ᵕ ˂˶)(,,>﹏<,,)(⇀‸↼‶)
Alphabet,0,0293,(˶˃ ᵕ ˂˶)(,,>﹏<,,)(⇀‸↼‶)
Alphabet,0,0297,(˶˃ ᵕ ˂˶)(,,>﹏<,,)(⇀‸↼‶)
Alphabet,0,0298,(˶˃ ᵕ ˂˶)(,,>﹏<,,)(⇀‸↼‶)
Alphabet,0,0304,(˶˃ ᵕ ˂˶)(,,>﹏<,,)(⇀‸↼‶)
Alphabet,0,0305,(˶˃ ᵕ ˂˶)(,,>﹏<,,)(⇀‸↼‶)
Alphabet,0,0307,(˶˃ ᵕ ˂˶)(,,>﹏<,,)(⇀‸↼‶)
Alphabet,0,0308,(˶˃ ᵕ ˂˶)(,,>﹏<,,)(⇀‸↼‶)
Alphabet,0,0309,(˶˃ ᵕ ˂˶)(,,>﹏<,,)(⇀‸↼‶)
Alphabet,0,0310,(˶˃ ᵕ ˂˶)(,,>﹏<,,)(⇀‸↼‶)
Alphabet,0,0311,(˶˃ ᵕ ˂˶)(,,>﹏<,,)(⇀‸↼‶)
Alphabet,0,0312,(˶˃ ᵕ ˂˶)(,,>﹏<,,)(⇀‸↼‶)
Alphabet,0,0313,(˶˃ ᵕ ˂˶)(,,>﹏<,,)(⇀‸↼‶)
Alphabet,0,0314,(˶˃ ᵕ ˂˶)(,,>﹏<,,)(⇀‸↼‶)
Alphabet,0,0315,(˶˃ ᵕ ˂˶)(,,>﹏<,,)(⇀‸↼‶)
Alphabet,0,0316,(˶˃ ᵕ ˂˶)(,,>﹏<,,)(⇀‸↼‶)
Alphabet,0,0317,(˶˃ ᵕ ˂˶)(,,>﹏<,,)(⇀‸↼‶)
Alphabet,0,0318,(˶˃ ᵕ ˂˶)(,,>﹏<,,)(⇀‸↼‶)
Alphabet,0,0324,(˶˃ ᵕ ˂˶)(,,>﹏<,,)(⇀‸↼‶)
Alphabet,0,0325,(˶˃ ᵕ ˂˶)(,,>﹏<,,)(⇀‸↼‶)
Alphabet,0,0326,(˶˃ ᵕ ˂˶)(,,>﹏<,,)(⇀‸↼‶)
Alphabet,0,0327,(˶˃ ᵕ ˂˶)(,,>﹏<,,)(⇀‸↼‶)
Alphabet,0,0328,(˶˃ ᵕ ˂˶)(,,>﹏<,,)(⇀‸↼‶)
Alphabet,0,0329,(˶˃ ᵕ ˂˶)(,,>﹏<,,)(⇀‸↼‶)
Alphabet,0,0330,(˶˃ ᵕ ˂˶)(,,>﹏<,,)(⇀‸↼‶)
Alphabet,0,0331,(˶˃ ᵕ ˂˶)(,,>﹏<,,)(⇀‸↼‶)
Alphabet,0,0333,(˶˃ ᵕ ˂˶)(,,>﹏<,,)(⇀‸↼‶)
Alphabet,0,0334,(˶˃ ᵕ ˂˶)(,,>﹏<,,)(⇀‸↼‶)
Alphabet,0,0335,(˶˃ ᵕ ˂˶)(,,>﹏<,,)(⇀‸↼‶)
Alphabet,0,0336,(˶˃ ᵕ ˂˶)(,,>﹏<,,)(⇀‸↼‶)
Alphabet,0,0337,(˶˃ ᵕ ˂˶)(,,>﹏<,,)(⇀‸↼‶)
Alphabet,0,0339,(˶˃ ᵕ ˂˶)(,,>﹏<,,)(⇀‸↼‶)
Alphabet,0,0340,(˶˃ ᵕ ˂˶)(,,>﹏<,,)(⇀‸↼‶)
Alphabet,0,0341,(˶˃ ᵕ ˂˶)(,,>﹏<,,)(⇀‸↼‶)
Alphabet,0,0342,(˶˃ ᵕ ˂˶)(,,>﹏<,,)(⇀‸↼‶)
Alphabet,0,0343,(˶˃ ᵕ ˂˶)(,,>﹏<,,)(⇀‸↼‶)
Alphabet,0,0344,(˶˃ ᵕ ˂˶)(,,>﹏<,,)(⇀‸↼‶)
Alphabet,0,0345,(˶˃ ᵕ ˂˶)(,,>﹏<,,)(⇀‸↼‶)
Alphabet,0,0346,(˶˃ ᵕ ˂˶)(,,>﹏<,,)(⇀‸↼‶)
Alphabet,0,0347,(˶˃ ᵕ ˂˶)(,,>﹏<,,)(⇀‸↼‶)
Alphabet,0,0348,(˶˃ ᵕ ˂˶)(,,>﹏<,,)(⇀‸↼‶)
Alphabet,0,0349,(˶˃ ᵕ ˂˶)(,,>﹏<,,)(⇀‸↼‶)
Alphabet,0,0350,(˶˃ ᵕ ˂˶)(,,>﹏<,,)(⇀‸↼‶)
Alphabet,0,0351,(˶˃ ᵕ ˂˶)(,,>﹏<,,)(⇀‸↼‶)
Alphabet,0,0352,(˶˃ ᵕ ˂˶)(,,>﹏<,,)(⇀‸↼‶)
Alphabet,0,0353,(˶˃ ᵕ ˂˶)(,,>﹏<,,)(⇀‸↼‶)
Alphabet,0,0354,(˶˃ ᵕ ˂˶)(,,>﹏<,,)(⇀‸↼‶)
Alphabet,0,0355,(˶˃ ᵕ ˂˶)(,,>﹏<,,)(⇀‸↼‶)
Alphabet,0,0356,(˶˃ ᵕ ˂˶)(,,>﹏<,,)(⇀‸↼‶)
Alphabet,0,0357,(˶˃ ᵕ ˂˶)(,,>﹏<,,)(⇀‸↼‶)
Alphabet,0,0358,(˶˃ ᵕ ˂˶)(,,>﹏<,,)(⇀‸↼‶)
Alphabet,0,0363,(˶˃ ᵕ ˂˶)(,,>﹏<,,)(⇀‸↼‶)
Alphabet,0,0364,(˶˃ ᵕ ˂˶)(,,>﹏<,,)(⇀‸↼‶)
Alphabet,0,0365,(˶˃ ᵕ ˂˶)(,,>﹏<,,)(⇀‸↼‶)
Alphabet,0,0366,(˶˃ ᵕ ˂˶)(,,>﹏<,,)(⇀‸↼‶)
Alphabet,0,0367,(˶˃ ᵕ ˂˶)(,,>﹏<,,)(⇀‸↼‶)
Alphabet,0,0368,(˶˃ ᵕ ˂˶)(,,>﹏<,,)(⇀‸↼‶)
Alphabet,0,0369,(˶˃ ᵕ ˂˶)(,,>﹏<,,)(⇀‸↼‶)
Alphabet,0,0371,(˶˃ ᵕ ˂˶)(,,>﹏<,,)(⇀‸↼‶)
Alphabet,0,0372,(˶˃ ᵕ ˂˶)(,,>﹏<,,)(⇀‸↼‶)
Alphabet,0,0373,(˶˃ ᵕ ˂˶)(,,>﹏<,,)(⇀‸↼‶)
Alphabet,0,0374,(˶˃ ᵕ ˂˶)(,,>﹏<,,)(⇀‸↼‶)
Alphabet,0,0375,(˶˃ ᵕ ˂˶)(,,>﹏<,,)(⇀‸↼‶)
Alphabet,0,0376,(˶˃ ᵕ ˂˶)(,,>﹏<,,)(⇀‸↼‶)
Alphabet,0,0381,(˶˃ ᵕ ˂˶)(,,>﹏<,,)(⇀‸↼‶)
Alphabet,0,0382,(˶˃ ᵕ ˂˶)(,,>﹏<,,)(⇀‸↼‶)
Alphabet,0,0384,(˶˃ ᵕ ˂˶)(,,>﹏<,,)(⇀‸↼‶)
Alphabet,0,0388,(˶˃ ᵕ ˂˶)(,,>﹏<,,)(⇀‸↼‶)
Alphabet,0,0389,(˶˃ ᵕ ˂˶)(,,>﹏<,,)(⇀‸↼‶)
Alphabet,0,0390,(˶˃ ᵕ ˂˶)(,,>﹏<,,)(⇀‸↼‶)
Alphabet,0,0391,(˶˃ ᵕ ˂˶)(,,>﹏<,,)(⇀‸↼‶)
Alphabet,0,0393,(˶˃ ᵕ ˂˶)(,,>﹏<,,)(⇀‸↼‶)
Alphabet,0,0395,(˶˃ ᵕ ˂˶)(,,>﹏<,,)(⇀‸↼‶)
Alphabet,0,0396,(˶˃ ᵕ ˂˶)(,,>﹏<,,)(⇀‸↼‶)
Alphabet,0,0397,(˶˃ ᵕ ˂˶)(,,>﹏<,,)(⇀‸↼‶)
Alphabet,0,0398,(˶˃ ᵕ ˂˶)(,,>﹏<,,)(⇀‸↼‶)
Alphabet,0,0401,(˶˃ ᵕ ˂˶)(,,>﹏<,,)(⇀‸↼‶)
Alphabet,0,0402,(˶˃ ᵕ ˂˶)(,,>﹏<,,)(⇀‸↼‶)
Alphabet,0,0403,(˶˃ ᵕ ˂˶)(,,>﹏<,,)(⇀‸↼‶)
Alphabet,0,0405,(˶˃ ᵕ ˂˶)(,,>﹏<,,)(⇀‸↼‶)
Alphabet,0,0406,(˶˃ ᵕ ˂˶)(,,>﹏<,,)(⇀‸↼‶)
Alphabet,0,0412,(˶˃ ᵕ ˂˶)(,,>﹏<,,)(⇀‸↼‶)
Alphabet,0,0413,(˶˃ ᵕ ˂˶)(,,>﹏<,,)(⇀‸↼‶)
Alphabet,0,0416,(˶˃ ᵕ ˂˶)(,,>﹏<,,)(⇀‸↼‶)
Alphabet,0,0417,(˶˃ ᵕ ˂˶)(,,>﹏<,,)(⇀‸↼‶)
Alphabet,0,0418,(˶˃ ᵕ ˂˶)(,,>﹏<,,)(⇀‸↼‶)
Alphabet,0,0419,(˶˃ ᵕ ˂˶)(,,>﹏<,,)(⇀‸↼‶)
Alphabet,0,0421,(˶˃ ᵕ ˂˶)(,,>﹏<,,)(⇀‸↼‶)
Alphabet,0,0422,(˶˃ ᵕ ˂˶)(,,>﹏<,,)(⇀‸↼‶)
Alphabet,0,0423,(˶˃ ᵕ ˂˶)(,,>﹏<,,)(⇀‸↼‶)
Alphabet,0,0424,(˶˃ ᵕ ˂˶)(,,>﹏<,,)(⇀‸↼‶)
Alphabet,0,0425,(˶˃ ᵕ ˂˶)(,,>﹏<,,)(⇀‸↼‶)
Alphabet,0,0426,(˶˃ ᵕ ˂˶)(,,>﹏<,,)(⇀‸↼‶)
Alphabet,0,0427,(˶˃ ᵕ ˂˶)(,,>﹏<,,)(⇀‸↼‶)
Alphabet,0,0428,(˶˃ ᵕ ˂˶)(,,>﹏<,,)(⇀‸↼‶)
Alphabet,0,0429,(˶˃ ᵕ ˂˶)(,,>﹏<,,)(⇀‸↼‶)
Alphabet,0,0430,(˶˃ ᵕ ˂˶)(,,>﹏<,,)(⇀‸↼‶)
Alphabet,0,0433,(˶˃ ᵕ ˂˶)(,,>﹏<,,)(⇀‸↼‶)
Alphabet,0,0434,(˶˃ ᵕ ˂˶)(,,>﹏<,,)(⇀‸↼‶)
Alphabet,0,0436,(˶˃ ᵕ ˂˶)(,,>﹏<,,)(⇀‸↼‶)
Alphabet,0,0437,(˶˃ ᵕ ˂˶)(,,>﹏<,,)(⇀‸↼‶)
Alphabet,0,0438,(˶˃ ᵕ ˂˶)(,,>﹏<,,)(⇀‸↼‶)
Alphabet,0,0441,(˶˃ ᵕ ˂˶)(,,>﹏<,,)(⇀‸↼‶)
Alphabet,0,0442,(˶˃ ᵕ ˂˶)(,,>﹏<,,)(⇀‸↼‶)
Alphabet,0,0443,(˶˃ ᵕ ˂˶)(,,>﹏<,,)(⇀‸↼‶)
Alphabet,0,0444,(˶˃ ᵕ ˂˶)(,,>﹏<,,)(⇀‸↼‶)
Alphabet,0,0446,(˶˃ ᵕ ˂˶)(,,>﹏<,,)(⇀‸↼‶)
Alphabet,0,0449,(˶˃ ᵕ ˂˶)(,,>﹏<,,)(⇀‸↼‶)
Alphabet,0,0450,(˶˃ ᵕ ˂˶)(,,>﹏<,,)(⇀‸↼‶)
Alphabet,0,0452,(˶˃ ᵕ ˂˶)(,,>﹏<,,)(⇀‸↼‶)
Alphabet,0,0457,(˶˃ ᵕ ˂˶)(,,>﹏<,,)(⇀‸↼‶)
Alphabet,0,0458,(˶˃ ᵕ ˂˶)(,,>﹏<,,)(⇀‸↼‶)
Alphabet,0,0459,(˶˃ ᵕ ˂˶)(,,>﹏<,,)(⇀‸↼‶)
Alphabet,0,0460,(˶˃ ᵕ ˂˶)(,,>﹏<,,)(⇀‸↼‶)
Alphabet,0,0461,(˶˃ ᵕ ˂˶)(,,>﹏<,,)(⇀‸↼‶)
Alphabet,0,0462,(˶˃ ᵕ ˂˶)(,,>﹏<,,)(⇀‸↼‶)
Alphabet,0,0463,(˶˃ ᵕ ˂˶)(,,>﹏<,,)(⇀‸↼‶)
Alphabet,0,0464,(˶˃ ᵕ ˂˶)(,,>﹏<,,)(⇀‸↼‶)
Alphabet,0,0465,(˶˃ ᵕ ˂˶)(,,>﹏<,,)(⇀‸↼‶)
Alphabet,0,0466,(˶˃ ᵕ ˂˶)(,,>﹏<,,)(⇀‸↼‶)
Alphabet,0,0469,(˶˃ ᵕ ˂˶)(,,>﹏<,,)(⇀‸↼‶)
Alphabet,0,0474,(˶˃ ᵕ ˂˶)(,,>﹏<,,)(⇀‸↼‶)
Alphabet,0,0475,(˶˃ ᵕ ˂˶)(,,>﹏<,,)(⇀‸↼‶)
Alphabet,0,0489,(˶˃ ᵕ ˂˶)(,,>﹏<,,)(⇀‸↼‶)
Alphabet,0,0490,(˶˃ ᵕ ˂˶)(,,>﹏<,,)(⇀‸↼‶)
Alphabet,0,0493,(˶˃ ᵕ ˂˶)(,,>﹏<,,)(⇀‸↼‶)
Alphabet,0,0494,(˶˃ ᵕ ˂˶)(,,>﹏<,,)(⇀‸↼‶)
Alphabet,0,0495,(˶˃ ᵕ ˂˶)(,,>﹏<,,)(⇀‸↼‶)
Alphabet,0,0496,(˶˃ ᵕ ˂˶)(,,>﹏<,,)(⇀‸↼‶)
Alphabet,0,0497,(˶˃ ᵕ ˂˶)(,,>﹏<,,)(⇀‸↼‶)
Alphabet,0,0498,(˶˃ ᵕ ˂˶)(,,>﹏<,,)(⇀‸↼‶)
Alphabet,0,0499,(˶˃ ᵕ ˂˶)(,,>﹏<,,)(⇀‸↼‶)
Alphabet,0,0500,(˶˃ ᵕ ˂˶)(,,>﹏<,,)(⇀‸↼‶)
Alphabet,0,0501,(˶˃ ᵕ ˂˶)(,,>﹏<,,)(⇀‸↼‶)
Alphabet,0,0502,(˶˃ ᵕ ˂˶)(,,>﹏<,,)(⇀‸↼‶)
Alphabet,0,0506,(˶˃ ᵕ ˂˶)(,,>﹏<,,)(⇀‸↼‶)
Alphabet,0,0507,(˶˃ ᵕ ˂˶)(,,>﹏<,,)(⇀‸↼‶)
Alphabet,0,0509,(˶˃ ᵕ ˂˶)(,,>﹏<,,)(⇀‸↼‶)
Alphabet,0,0511,(˶˃ ᵕ ˂˶)(,,>﹏<,,)(⇀‸↼‶)
Alphabet,0,0512,(˶˃ ᵕ ˂˶)(,,>﹏<,,)(⇀‸↼‶)
Alphabet,0,0514,(˶˃ ᵕ ˂˶)(,,>﹏<,,)(⇀‸↼‶)
Alphabet,0,0516,(˶˃ ᵕ ˂˶)(,,>﹏<,,)(⇀‸↼‶)
Alphabet,0,0517,(˶˃ ᵕ ˂˶)(,,>﹏<,,)(⇀‸↼‶)
Alphabet,0,0519,(˶˃ ᵕ ˂˶)(,,>﹏<,,)(⇀‸↼‶)
Alphabet,0,0521,(˶˃ ᵕ ˂˶)(,,>﹏<,,)(⇀‸↼‶)
Alphabet,0,0522,(˶˃ ᵕ ˂˶)(,,>﹏<,,)(⇀‸↼‶)
Alphabet,0,0523,(˶˃ ᵕ ˂˶)(,,>﹏<,,)(⇀‸↼‶)
Alphabet,0,0524,(˶˃ ᵕ ˂˶)(,,>﹏<,,)(⇀‸↼‶)
Alphabet,0,0525,(˶˃ ᵕ ˂˶)(,,>﹏<,,)(⇀‸↼‶)
Alphabet,0,0526,(˶˃ ᵕ ˂˶)(,,>﹏<,,)(⇀‸↼‶)
Alphabet,0,0529,(˶˃ ᵕ ˂˶)(,,>﹏<,,)(⇀‸↼‶)
Alphabet,0,0533,(˶˃ ᵕ ˂˶)(,,>﹏<,,)(⇀‸↼‶)
Alphabet,0,0534,(˶˃ ᵕ ˂˶)(,,>﹏<,,)(⇀‸↼‶)
Alphabet,0,0535,(˶˃ ᵕ ˂˶)(,,>﹏<,,)(⇀‸↼‶)
Alphabet,0,0536,(˶˃ ᵕ ˂˶)(,,>﹏<,,)(⇀‸↼‶)
Alphabet,0,0539,(˶˃ ᵕ ˂˶)(,,>﹏<,,)(⇀‸↼‶)
Alphabet,0,0540,(˶˃ ᵕ ˂˶)(,,>﹏<,,)(⇀‸↼‶)
Alphabet,0,0543,(˶˃ ᵕ ˂˶)(,,>﹏<,,)(⇀‸↼‶)
Alphabet,0,0544,(˶˃ ᵕ ˂˶)(,,>﹏<,,)(⇀‸↼‶)
Alphabet,0,0545,(˶˃ ᵕ ˂˶)(,,>﹏<,,)(⇀‸↼‶)
Alphabet,0,0546,(˶˃ ᵕ ˂˶)(,,>﹏<,,)(⇀‸↼‶)
Alphabet,0,0547,(˶˃ ᵕ ˂˶)(,,>﹏<,,)(⇀‸↼‶)
Alphabet,0,0549,(˶˃ ᵕ ˂˶)(,,>﹏<,,)(⇀‸↼‶)
Alphabet,0,0550,(˶˃ ᵕ ˂˶)(,,>﹏<,,)(⇀‸↼‶)
Alphabet,0,0551,(˶˃ ᵕ ˂˶)(,,>﹏<,,)(⇀‸↼‶)
Alphabet,0,0560,(˶˃ ᵕ ˂˶)(,,>﹏<,,)(⇀‸↼‶)
Alphabet,0,0563,(˶˃ ᵕ ˂˶)(,,>﹏<,,)(⇀‸↼‶)
Alphabet,0,0564,(˶˃ ᵕ ˂˶)(,,>﹏<,,)(⇀‸↼‶)
Alphabet,0,0565,(˶˃ ᵕ ˂˶)(,,>﹏<,,)(⇀‸↼‶)
Alphabet,0,0566,(˶˃ ᵕ ˂˶)(,,>﹏<,,)(⇀‸↼‶)
Alphabet,0,0568,(˶˃ ᵕ ˂˶)(,,>﹏<,,)(⇀‸↼‶)
Alphabet,0,0569,(˶˃ ᵕ ˂˶)(,,>﹏<,,)(⇀‸↼‶)
Alphabet,0,0570,(˶˃ ᵕ ˂˶)(,,>﹏<,,)(⇀‸↼‶)
Alphabet,0,0571,(˶˃ ᵕ ˂˶)(,,>﹏<,,)(⇀‸↼‶)
Alphabet,0,0572,(˶˃ ᵕ ˂˶)(,,>﹏<,,)(⇀‸↼‶)
Alphabet,0,0573,(˶˃ ᵕ ˂˶)(,,>﹏<,,)(⇀‸↼‶)
Alphabet,0,0574,(˶˃ ᵕ ˂˶)(,,>﹏<,,)(⇀‸↼‶)
Alphabet,0,0575,(˶˃ ᵕ ˂˶)(,,>﹏<,,)(⇀‸↼‶)
Alphabet,0,0576,(˶˃ ᵕ ˂˶)(,,>﹏<,,)(⇀‸↼‶)
Alphabet,0,0577,(˶˃ ᵕ ˂˶)(,,>﹏<,,)(⇀‸↼‶)
Alphabet,0,0578,(˶˃ ᵕ ˂˶)(,,>﹏<,,)(⇀‸↼‶)
Alphabet,0,0579,(˶˃ ᵕ ˂˶)(,,>﹏<,,)(⇀‸↼‶)
Alphabet,0,0580,(˶˃ ᵕ ˂˶)(,,>﹏<,,)(⇀‸↼‶)
Alphabet,0,0581,(˶˃ ᵕ ˂˶)(,,>﹏<,,)(⇀‸↼‶)
Alphabet,0,0582,(˶˃ ᵕ ˂˶)(,,>﹏<,,)(⇀‸↼‶)
Alphabet,0,0583,(˶˃ ᵕ ˂˶)(,,>﹏<,,)(⇀‸↼‶)
Alphabet,0,0584,(˶˃ ᵕ ˂˶)(,,>﹏<,,)(⇀‸↼‶)
Alphabet,0,0585,(˶˃ ᵕ ˂˶)(,,>﹏<,,)(⇀‸↼‶)
Alphabet,0,0586,(˶˃ ᵕ ˂˶)(,,>﹏<,,)(⇀‸↼‶)
Alphabet,0,0587,(˶˃ ᵕ ˂˶)(,,>﹏<,,)(⇀‸↼‶)
Alphabet,0,0588,(˶˃ ᵕ ˂˶)(,,>﹏<,,)(⇀‸↼‶)
Alphabet,0,0589,(˶˃ ᵕ ˂˶)(,,>﹏<,,)(⇀‸↼‶)
Alphabet,0,0590,(˶˃ ᵕ ˂˶)(,,>﹏<,,)(⇀‸↼‶)
Alphabet,0,0591,(˶˃ ᵕ ˂˶)(,,>﹏<,,)(⇀‸↼‶)
Alphabet,0,0592,(˶˃ ᵕ ˂˶)(,,>﹏<,,)(⇀‸↼‶)
Alphabet,0,0593,(˶˃ ᵕ ˂˶)(,,>﹏<,,)(⇀‸↼‶)
Alphabet,0,0594,(˶˃ ᵕ ˂˶)(,,>﹏<,,)(⇀‸↼‶)
Alphabet,0,0595,(˶˃ ᵕ ˂˶)(,,>﹏<,,)(⇀‸↼‶)
Alphabet,0,0596,(˶˃ ᵕ ˂˶)(,,>﹏<,,)(⇀‸↼‶)
Alphabet,0,0597,(˶˃ ᵕ ˂˶)(,,>﹏<,,)(⇀‸↼‶)
Alphabet,0,0598,(˶˃ ᵕ ˂˶)(,,>﹏<,,)(⇀‸↼‶)
Alphabet,0,0599,(˶˃ ᵕ ˂˶)(,,>﹏<,,)(⇀‸↼‶)
Alphabet,0,0600,(˶˃ ᵕ ˂˶)(,,>﹏<,,)(⇀‸↼‶)
Alphabet,0,0601,(˶˃ ᵕ ˂˶)(,,>﹏<,,)(⇀‸↼‶)
Alphabet,0,0602,(˶˃ ᵕ ˂˶)(,,>﹏<,,)(⇀‸↼‶)
Alphabet,0,0603,(˶˃ ᵕ ˂˶)(,,>﹏<,,)(⇀‸↼‶)
Alphabet,0,604,(˶˃ ᵕ ˂˶)(,,>﹏<,,)(⇀‸↼‶)
Alphabet,0,605,(˶˃ ᵕ ˂˶)(,,>﹏<,,)(⇀‸↼‶)
Alphabet,0,606,(˶˃ ᵕ ˂˶)(,,>﹏<,,)(⇀‸↼‶)
Alphabet,0,607,(˶˃ ᵕ ˂˶)(,,>﹏<,,)(⇀‸↼‶)
Alphabet,0,608,(˶˃ ᵕ ˂˶)(,,>﹏<,,)(⇀‸↼‶)
Alphabet,0,609,(˶˃ ᵕ ˂˶)(,,>﹏<,,)(⇀‸↼‶)
Alphabet,0,610,(˶˃ ᵕ ˂˶)(,,>﹏<,,)(⇀‸↼‶)
Alphabet,0,611,(˶˃ ᵕ ˂˶)(,,>﹏<,,)(⇀‸↼‶)
Alphabet,0,612,(˶˃ ᵕ ˂˶)(,,>﹏<,,)(⇀‸↼‶)
Alphabet,0,615,(˶˃ ᵕ ˂˶)(,,>﹏<,,)(⇀‸↼‶)
Alphabet,0,616,(˶˃ ᵕ ˂˶)(,,>﹏<,,)(⇀‸↼‶)
Alphabet,0,617,(˶˃ ᵕ ˂˶)(,,>﹏<,,)(⇀‸↼‶)
Alphabet,0,618,(˶˃ ᵕ ˂˶)(,,>﹏<,,)(⇀‸↼‶)
Alphabet,0,619,(˶˃ ᵕ ˂˶)(,,>﹏<,,)(⇀‸↼‶)
Alphabet,0,620,(˶˃ ᵕ ˂˶)(,,>﹏<,,)(⇀‸↼‶)
Alphabet,0,623,(˶˃ ᵕ ˂˶)(,,>﹏<,,)(⇀‸↼‶)
Alphabet,0,624,(˶˃ ᵕ ˂˶)(,,>﹏<,,)(⇀‸↼‶)
Alphabet,0,625,(˶˃ ᵕ ˂˶)(,,>﹏<,,)(⇀‸↼‶)
Alphabet,0,626,(˶˃ ᵕ ˂˶)(,,>﹏<,,)(⇀‸↼‶)
Alphabet,0,627,(˶˃ ᵕ ˂˶)(,,>﹏<,,)(⇀‸↼‶)
Alphabet,0,628,(˶˃ ᵕ ˂˶)(,,>﹏<,,)(⇀‸↼‶)
Alphabet,0,629,(˶˃ ᵕ ˂˶)(,,>﹏<,,)(⇀‸↼‶)
Alphabet,0,630,(˶˃ ᵕ ˂˶)(,,>﹏<,,)(⇀‸↼‶)
Alphabet,0,631,(˶˃ ᵕ ˂˶)(,,>﹏<,,)(⇀‸↼‶)
Alphabet,0,632,(˶˃ ᵕ ˂˶)(,,>﹏<,,)(⇀‸↼‶)
Alphabet,0,633,(˶˃ ᵕ ˂˶)(,,>﹏<,,)(⇀‸↼‶)
Alphabet,0,634,(˶˃ ᵕ ˂˶)(,,>﹏<,,)(⇀‸↼‶)
Alphabet,0,635,(˶˃ ᵕ ˂˶)(,,>﹏<,,)(⇀‸↼‶)
Alphabet,0,636,(˶˃ ᵕ ˂˶)(,,>﹏<,,)(⇀‸↼‶)
Alphabet,0,637,(˶˃ ᵕ ˂˶)(,,>﹏<,,)(⇀‸↼‶)
Alphabet,0,638,(˶˃ ᵕ ˂˶)(,,>﹏<,,)(⇀‸↼‶)
Alphabet,0,639,(˶˃ ᵕ ˂˶)(,,>﹏<,,)(⇀‸↼‶)
Alphabet,0,641,(˶˃ ᵕ ˂˶)(,,>﹏<,,)(⇀‸↼‶)
Alphabet,0,642,(˶˃ ᵕ ˂˶)(,,>﹏<,,)(⇀‸↼‶)
Alphabet,0,643,(˶˃ ᵕ ˂˶)(,,>﹏<,,)(⇀‸↼‶)
Alphabet,0,644,(˶˃ ᵕ ˂˶)(,,>﹏<,,)(⇀‸↼‶)
Alphabet,0,645,(˶˃ ᵕ ˂˶)(,,>﹏<,,)(⇀‸↼‶)
Alphabet,0,646,(˶˃ ᵕ ˂˶)(,,>﹏<,,)(⇀‸↼‶)
Alphabet,0,647,(˶˃ ᵕ ˂˶)(,,>﹏<,,)(⇀‸↼‶)
Alphabet,0,648,(˶˃ ᵕ ˂˶)(,,>﹏<,,)(⇀‸↼‶)
Alphabet,0,649,(˶˃ ᵕ ˂˶)(,,>﹏<,,)(⇀‸↼‶)
Alphabet,0,650,(˶˃ ᵕ ˂˶)(,,>﹏<,,)(⇀‸↼‶)
Alphabet,0,651,(˶˃ ᵕ ˂˶)(,,>﹏<,,)(⇀‸↼‶)
Alphabet,0,652,(˶˃ ᵕ ˂˶)(,,>﹏<,,)(⇀‸↼‶)
Alphabet,0,653,(˶˃ ᵕ ˂˶)(,,>﹏<,,)(⇀‸↼‶)
Alphabet,0,654,(˶˃ ᵕ ˂˶)(,,>﹏<,,)(⇀‸↼‶)
Alphabet,0,655,(˶˃ ᵕ ˂˶)(,,>﹏<,,)(⇀‸↼‶)
Alphabet,0,656,(˶˃ ᵕ ˂˶)(,,>﹏<,,)(⇀‸↼‶)
Alphabet,0,657,(˶˃ ᵕ ˂˶)(,,>﹏<,,)(⇀‸↼‶)
Alphabet,0,658,(˶˃ ᵕ ˂˶)(,,>﹏<,,)(⇀‸↼‶)
Alphabet,0,659,(˶˃ ᵕ ˂˶)(,,>﹏<,,)(⇀‸↼‶)
Alphabet,0,660,(˶˃ ᵕ ˂˶)(,,>﹏<,,)(⇀‸↼‶)
Alphabet,0,661,(˶˃ ᵕ ˂˶)(,,>﹏<,,)(⇀‸↼‶)
Alphabet,0,662,(˶˃ ᵕ ˂˶)(,,>﹏<,,)(⇀‸↼‶)
Alphabet,0,663,(˶˃ ᵕ ˂˶)(,,>﹏<,,)(⇀‸↼‶)
Alphabet,0,664,(˶˃ ᵕ ˂˶)(,,>﹏<,,)(⇀‸↼‶)
Alphabet,0,665,(˶˃ ᵕ ˂˶)(,,>﹏<,,)(⇀‸↼‶)
Alphabet,0,666,(˶˃ ᵕ ˂˶)(,,>﹏<,,)(⇀‸↼‶)
Alphabet,0,667,(˶˃ ᵕ ˂˶)(,,>﹏<,,)(⇀‸↼‶)
Alphabet,0,668,(˶˃ ᵕ ˂˶)(,,>﹏<,,)(⇀‸↼‶)
Alphabet,0,669,(˶˃ ᵕ ˂˶)(,,>﹏<,,)(⇀‸↼‶)
Alphabet,0,670,(˶˃ ᵕ ˂˶)(,,>﹏<,,)(⇀‸↼‶)
Alphabet,0,671,(˶˃ ᵕ ˂˶)(,,>﹏<,,)(⇀‸↼‶)
Alphabet,0,672,(˶˃ ᵕ ˂˶)(,,>﹏<,,)(⇀‸↼‶)
Alphabet,0,673,(˶˃ ᵕ ˂˶)(,,>﹏<,,)(⇀‸↼‶)
Alphabet,0,674,(˶˃ ᵕ ˂˶)(,,>﹏<,,)(⇀‸↼‶)
Alphabet,0,675,(˶˃ ᵕ ˂˶)(,,>﹏<,,)(⇀‸↼‶)
Alphabet,0,676,(˶˃ ᵕ ˂˶)(,,>﹏<,,)(⇀‸↼‶)
Alphabet,0,677,(˶˃ ᵕ ˂˶)(,,>﹏<,,)(⇀‸↼‶)
Alphabet,0,678,(˶˃ ᵕ ˂˶)(,,>﹏<,,)(⇀‸↼‶)
Alphabet,0,679,(˶˃ ᵕ ˂˶)(,,>﹏<,,)(⇀‸↼‶)
Alphabet,0,680,(˶˃ ᵕ ˂˶)(,,>﹏<,,)(⇀‸↼‶)
Alphabet,0,681,(˶˃ ᵕ ˂˶)(,,>﹏<,,)(⇀‸↼‶)
Alphabet,0,682,(˶˃ ᵕ ˂˶)(,,>﹏<,,)(⇀‸↼‶)
Alphabet,0,683,(˶˃ ᵕ ˂˶)(,,>﹏<,,)(⇀‸↼‶)
Alphabet,0,684,(˶˃ ᵕ ˂˶)(,,>﹏<,,)(⇀‸↼‶)
Alphabet,0,685,(˶˃ ᵕ ˂˶)(,,>﹏<,,)(⇀‸↼‶)
Alphabet,0,686,(˶˃ ᵕ ˂˶)(,,>﹏<,,)(⇀‸↼‶)
Alphabet,0,687,(˶˃ ᵕ ˂˶)(,,>﹏<,,)(⇀‸↼‶)
Alphabet,0,688,(˶˃ ᵕ ˂˶)(,,>﹏<,,)(⇀‸↼‶)
Alphabet,0,689,(˶˃ ᵕ ˂˶)(,,>﹏<,,)(⇀‸↼‶)
Alphabet,0,690,(˶˃ ᵕ ˂˶)(,,>﹏<,,)(⇀‸↼‶)
Alphabet,0,691,(˶˃ ᵕ ˂˶)(,,>﹏<,,)(⇀‸↼‶)
Alphabet,0,692,(˶˃ ᵕ ˂˶)(,,>﹏<,,)(⇀‸↼‶)
Alphabet,0,693,(˶˃ ᵕ ˂˶)(,,>﹏<,,)(⇀‸↼‶)
Alphabet,0,694,(˶˃ ᵕ ˂˶)(,,>﹏<,,)(⇀‸↼‶)
Alphabet,0,695,(˶˃ ᵕ ˂˶)(,,>﹏<,,)(⇀‸↼‶)
Alphabet,0,696,(˶˃ ᵕ ˂˶)(,,>﹏<,,)(⇀‸↼‶)
Alphabet,0,697,(˶˃ ᵕ ˂˶)(,,>﹏<,,)(⇀‸↼‶)
Alphabet,0,698,(˶˃ ᵕ ˂˶)(,,>﹏<,,)(⇀‸↼‶)
Alphabet,0,699,(˶˃ ᵕ ˂˶)(,,>﹏<,,)(⇀‸↼‶)
Alphabet,0,700,(˶˃ ᵕ ˂˶)(,,>﹏<,,)(⇀‸↼‶)
Alphabet,0,701,(˶˃ ᵕ ˂˶)(,,>﹏<,,)(⇀‸↼‶)
Alphabet,0,702,(˶˃ ᵕ ˂˶)(,,>﹏<,,)(⇀‸↼‶)
Alphabet,0,703,(˶˃ ᵕ ˂˶)(,,>﹏<,,)(⇀‸↼‶)
Alphabet,0,704,(˶˃ ᵕ ˂˶)(,,>﹏<,,)(⇀‸↼‶)
Alphabet,0,705,(˶˃ ᵕ ˂˶)(,,>﹏<,,)(⇀‸↼‶)
Alphabet,0,706,(˶˃ ᵕ ˂˶)(,,>﹏<,,)(⇀‸↼‶)
Alphabet,0,707,(˶˃ ᵕ ˂˶)(,,>﹏<,,)(⇀‸↼‶)
Alphabet,0,708,(˶˃ ᵕ ˂˶)(,,>﹏<,,)(⇀‸↼‶)
Alphabet,0,709,(˶˃ ᵕ ˂˶)(,,>﹏<,,)(⇀‸↼‶)
Alphabet,0,710,(˶˃ ᵕ ˂˶)(,,>﹏<,,)(⇀‸↼‶)
Alphabet,0,711,(˶˃ ᵕ ˂˶)(,,>﹏<,,)(⇀‸↼‶)
Alphabet,0,712,(˶˃ ᵕ ˂˶)(,,>﹏<,,)(⇀‸↼‶)
Alphabet,0,713,(˶˃ ᵕ ˂˶)(,,>﹏<,,)(⇀‸↼‶)
Alphabet,0,714,(˶˃ ᵕ ˂˶)(,,>﹏<,,)(⇀‸↼‶)
Alphabet,0,715,(˶˃ ᵕ ˂˶)(,,>﹏<,,)(⇀‸↼‶)
Alphabet,0,716,(˶˃ ᵕ ˂˶)(,,>﹏<,,)(⇀‸↼‶)
Alphabet,0,717,(˶˃ ᵕ ˂˶)(,,>﹏<,,)(⇀‸↼‶)
Alphabet,0,718,(˶˃ ᵕ ˂˶)(,,>﹏<,,)(⇀‸↼‶)
Alphabet,0,719,(˶˃ ᵕ ˂˶)(,,>﹏<,,)(⇀‸↼‶)
Alphabet,0,720,(˶˃ ᵕ ˂˶)(,,>﹏<,,)(⇀‸↼‶)
Alphabet,0,721,(˶˃ ᵕ ˂˶)(,,>﹏<,,)(⇀‸↼‶)
Alphabet,0,722,(˶˃ ᵕ ˂˶)(,,>﹏<,,)(⇀‸↼‶)
Alphabet,0,723,(˶˃ ᵕ ˂˶)(,,>﹏<,,)(⇀‸↼‶)
Alphabet,0,724,(˶˃ ᵕ ˂˶)(,,>﹏<,,)(⇀‸↼‶)
Alphabet,0,725,(˶˃ ᵕ ˂˶)(,,>﹏<,,)(⇀‸↼‶)
Alphabet,0,726,(˶˃ ᵕ ˂˶)(,,>﹏<,,)(⇀‸↼‶)
Alphabet,0,727,(˶˃ ᵕ ˂˶)(,,>﹏<,,)(⇀‸↼‶)
Alphabet,0,728,(˶˃ ᵕ ˂˶)(,,>﹏<,,)(⇀‸↼‶)
Alphabet,0,729,(˶˃ ᵕ ˂˶)(,,>﹏<,,)(⇀‸↼‶)
Alphabet,0,730,(˶˃ ᵕ ˂˶)(,,>﹏<,,)(⇀‸↼‶)
Alphabet,0,731,(˶˃ ᵕ ˂˶)(,,>﹏<,,)(⇀‸↼‶)
Alphabet,0,732,(˶˃ ᵕ ˂˶)(,,>﹏<,,)(⇀‸↼‶)
Alphabet,0,733,(˶˃ ᵕ ˂˶)(,,>﹏<,,)(⇀‸↼‶)
Alphabet,0,734,(˶˃ ᵕ ˂˶)(,,>﹏<,,)(⇀‸↼‶)
Alphabet,0,735,(˶˃ ᵕ ˂˶)(,,>﹏<,,)(⇀‸↼‶)
Alphabet,0,736,(˶˃ ᵕ ˂˶)(,,>﹏<,,)(⇀‸↼‶)
Alphabet,0,737,(˶˃ ᵕ ˂˶)(,,>﹏<,,)(⇀‸↼‶)
Alphabet,0,738,(˶˃ ᵕ ˂˶)(,,>﹏<,,)(⇀‸↼‶)
Alphabet,0,739,(˶˃ ᵕ ˂˶)(,,>﹏<,,)(⇀‸↼‶)
Alphabet,0,740,(˶˃ ᵕ ˂˶)(,,>﹏<,,)(⇀‸↼‶)
Alphabet,0,741,(˶˃ ᵕ ˂˶)(,,>﹏<,,)(⇀‸↼‶)
Alphabet,0,742,(˶˃ ᵕ ˂˶)(,,>﹏<,,)(⇀‸↼‶)
Alphabet,0,743,(˶˃ ᵕ ˂˶)(,,>﹏<,,)(⇀‸↼‶)
Alphabet,0,744,(˶˃ ᵕ ˂˶)(,,>﹏<,,)(⇀‸↼‶)
Alphabet,0,745,(˶˃ ᵕ ˂˶)(,,>﹏<,,)(⇀‸↼‶)
Alphabet,0,746,(˶˃ ᵕ ˂˶)(,,>﹏<,,)(⇀‸↼‶)
Alphabet,0,747,(˶˃ ᵕ ˂˶)(,,>﹏<,,)(⇀‸↼‶)
Alphabet,0,748,(˶˃ ᵕ ˂˶)(,,>﹏<,,)(⇀‸↼‶)
Alphabet,0,749,(˶˃ ᵕ ˂˶)(,,>﹏<,,)(⇀‸↼‶)
Alphabet,0,750,(˶˃ ᵕ ˂˶)(,,>﹏<,,)(⇀‸↼‶)
Alphabet,0,751,(˶˃ ᵕ ˂˶)(,,>﹏<,,)(⇀‸↼‶)
Alphabet,0,752,(˶˃ ᵕ ˂˶)(,,>﹏<,,)(⇀‸↼‶)
Alphabet,0,753,(˶˃ ᵕ ˂˶)(,,>﹏<,,)(⇀‸↼‶)
Alphabet,0,754,(˶˃ ᵕ ˂˶)(,,>﹏<,,)(⇀‸↼‶)
Alphabet,0,755,(˶˃ ᵕ ˂˶)(,,>﹏<,,)(⇀‸↼‶)
Alphabet,0,756,(˶˃ ᵕ ˂˶)(,,>﹏<,,)(⇀‸↼‶)
Alphabet,0,757,(˶˃ ᵕ ˂˶)(,,>﹏<,,)(⇀‸↼‶)
Alphabet,0,758,(˶˃ ᵕ ˂˶)(,,>﹏<,,)(⇀‸↼‶)
Alphabet,0,759,(˶˃ ᵕ ˂˶)(,,>﹏<,,)(⇀‸↼‶)
Alphabet,0,760,(˶˃ ᵕ ˂˶)(,,>﹏<,,)(⇀‸↼‶)
Alphabet,0,761,(˶˃ ᵕ ˂˶)(,,>﹏<,,)(⇀‸↼‶)
Alphabet,0,762,(˶˃ ᵕ ˂˶)(,,>﹏<,,)(⇀‸↼‶)
Alphabet,0,763,(˶˃ ᵕ ˂˶)(,,>﹏<,,)(⇀‸↼‶)
Alphabet,0,764,(˶˃ ᵕ ˂˶)(,,>﹏<,,)(⇀‸↼‶)
Alphabet,0,765,(˶˃ ᵕ ˂˶)(,,>﹏<,,)(⇀‸↼‶)
Alphabet,0,766,(˶˃ ᵕ ˂˶)(,,>﹏<,,)(⇀‸↼‶)
Alphabet,0,767,(˶˃ ᵕ ˂˶)(,,>﹏<,,)(⇀‸↼‶)
Alphabet,0,768,(˶˃ ᵕ ˂˶)(,,>﹏<,,)(⇀‸↼‶)
Alphabet,0,769,(˶˃ ᵕ ˂˶)(,,>﹏<,,)(⇀‸↼‶)
Alphabet,0,770,(˶˃ ᵕ ˂˶)(,,>﹏<,,)(⇀‸↼‶)
Alphabet,0,771,(˶˃ ᵕ ˂˶)(,,>﹏<,,)(⇀‸↼‶)
Alphabet,0,772,(˶˃ ᵕ ˂˶)(,,>﹏<,,)(⇀‸↼‶)
Alphabet,0,773,(˶˃ ᵕ ˂˶)(,,>﹏<,,)(⇀‸↼‶)
Alphabet,0,774,(˶˃ ᵕ ˂˶)(,,>﹏<,,)(⇀‸↼‶)
Alphabet,0,775,(˶˃ ᵕ ˂˶)(,,>﹏<,,)(⇀‸↼‶)
Alphabet,0,776,(˶˃ ᵕ ˂˶)(,,>﹏<,,)(⇀‸↼‶)
Alphabet,0,777,(˶˃ ᵕ ˂˶)(,,>﹏<,,)(⇀‸↼‶)
Alphabet,0,778,(˶˃ ᵕ ˂˶)(,,>﹏<,,)(⇀‸↼‶)
Alphabet,0,779,(˶˃ ᵕ ˂˶)(,,>﹏<,,)(⇀‸↼‶)
Alphabet,0,780,(˶˃ ᵕ ˂˶)(,,>﹏<,,)(⇀‸↼‶)
Alphabet,0,781,(˶˃ ᵕ ˂˶)(,,>﹏<,,)(⇀‸↼‶)
Alphabet,0,782,(˶˃ ᵕ ˂˶)(,,>﹏<,,)(⇀‸↼‶)
Alphabet,0,783,(˶˃ ᵕ ˂˶)(,,>﹏<,,)(⇀‸↼‶)
Alphabet,0,784,(˶˃ ᵕ ˂˶)(,,>﹏<,,)(⇀‸↼‶)
Alphabet,0,785,(˶˃ ᵕ ˂˶)(,,>﹏<,,)(⇀‸↼‶)
Alphabet,0,786,(˶˃ ᵕ ˂˶)(,,>﹏<,,)(⇀‸↼‶)
Alphabet,0,787,(˶˃ ᵕ ˂˶)(,,>﹏<,,)(⇀‸↼‶)
Alphabet,0,788,(˶˃ ᵕ ˂˶)(,,>﹏<,,)(⇀‸↼‶)
Alphabet,0,789,(˶˃ ᵕ ˂˶)(,,>﹏<,,)(⇀‸↼‶)
Alphabet,0,790,(˶˃ ᵕ ˂˶)(,,>﹏<,,)(⇀‸↼‶)
Alphabet,0,791,(˶˃ ᵕ ˂˶)(,,>﹏<,,)(⇀‸↼‶)
Alphabet,0,792,(˶˃ ᵕ ˂˶)(,,>﹏<,,)(⇀‸↼‶)
Alphabet,0,793,(˶˃ ᵕ ˂˶)(,,>﹏<,,)(⇀‸↼‶)
Alphabet,0,794,(˶˃ ᵕ ˂˶)(,,>﹏<,,)(⇀‸↼‶)
Alphabet,0,795,(˶˃ ᵕ ˂˶)(,,>﹏<,,)(⇀‸↼‶)
Alphabet,0,796,(˶˃ ᵕ ˂˶)(,,>﹏<,,)(⇀‸↼‶)
Alphabet,0,797,(˶˃ ᵕ ˂˶)(,,>﹏<,,)(⇀‸↼‶)
Alphabet,0,798,(˶˃ ᵕ ˂˶)(,,>﹏<,,)(⇀‸↼‶)
Alphabet,0,799,(˶˃ ᵕ ˂˶)(,,>﹏<,,)(⇀‸↼‶)
Alphabet,0,800,(˶˃ ᵕ ˂˶)(,,>﹏<,,)(⇀‸↼‶)
Alphabet,0,801,(˶˃ ᵕ ˂˶)(,,>﹏<,,)(⇀‸↼‶)
Alphabet,0,802,(˶˃ ᵕ ˂˶)(,,>﹏<,,)(⇀‸↼‶)
Alphabet,0,803,(˶˃ ᵕ ˂˶)(,,>﹏<,,)(⇀‸↼‶)
Alphabet,0,804,(˶˃ ᵕ ˂˶)(,,>﹏<,,)(⇀‸↼‶)
Alphabet,0,805,(˶˃ ᵕ ˂˶)(,,>﹏<,,)(⇀‸↼‶)
Alphabet,0,806,(˶˃ ᵕ ˂˶)(,,>﹏<,,)(⇀‸↼‶)
Alphabet,0,807,(˶˃ ᵕ ˂˶)(,,>﹏<,,)(⇀‸↼‶)
Alphabet,0,808,(˶˃ ᵕ ˂˶)(,,>﹏<,,)(⇀‸↼‶)
Alphabet,0,809,(˶˃ ᵕ ˂˶)(,,>﹏<,,)(⇀‸↼‶)
Alphabet,0,810,(˶˃ ᵕ ˂˶)(,,>﹏<,,)(⇀‸↼‶)
Alphabet,0,811,(˶˃ ᵕ ˂˶)(,,>﹏<,,)(⇀‸↼‶)
Alphabet,0,812,(˶˃ ᵕ ˂˶)(,,>﹏<,,)(⇀‸↼‶)
Alphabet,0,813,(˶˃ ᵕ ˂˶)(,,>﹏<,,)(⇀‸↼‶)
Alphabet,0,814,(˶˃ ᵕ ˂˶)(,,>﹏<,,)(⇀‸↼‶)
Alphabet,0,815,(˶˃ ᵕ ˂˶)(,,>﹏<,,)(⇀‸↼‶)
Alphabet,0,816,(˶˃ ᵕ ˂˶)(,,>﹏<,,)(⇀‸↼‶)
Alphabet,0,817,(˶˃ ᵕ ˂˶)(,,>﹏<,,)(⇀‸↼‶)
Alphabet,0,818,(˶˃ ᵕ ˂˶)(,,>﹏<,,)(⇀‸↼‶)
Alphabet,0,820,(˶˃ ᵕ ˂˶)(,,>﹏<,,)(⇀‸↼‶)
Alphabet,0,821,(˶˃ ᵕ ˂˶)(,,>﹏<,,)(⇀‸↼‶)
Alphabet,0,822,(˶˃ ᵕ ˂˶)(,,>﹏<,,)(⇀‸↼‶)
Alphabet,0,823,(˶˃ ᵕ ˂˶)(,,>﹏<,,)(⇀‸↼‶)
Alphabet,0,824,(˶˃ ᵕ ˂˶)(,,>﹏<,,)(⇀‸↼‶)
Alphabet,0,825,(˶˃ ᵕ ˂˶)(,,>﹏<,,)(⇀‸↼‶)
Alphabet,0,826,(˶˃ ᵕ ˂˶)(,,>﹏<,,)(⇀‸↼‶)
Alphabet,0,827,(˶˃ ᵕ ˂˶)(,,>﹏<,,)(⇀‸↼‶)
Alphabet,0,828,(˶˃ ᵕ ˂˶)(,,>﹏<,,)(⇀‸↼‶)
Alphabet,0,829,(˶˃ ᵕ ˂˶)(,,>﹏<,,)(⇀‸↼‶)
Alphabet,0,830,(˶˃ ᵕ ˂˶)(,,>﹏<,,)(⇀‸↼‶)
Alphabet,0,831,(˶˃ ᵕ ˂˶)(,,>﹏<,,)(⇀‸↼‶)
Alphabet,0,832,(˶˃ ᵕ ˂˶)(,,>﹏<,,)(⇀‸↼‶)
Alphabet,0,833,(˶˃ ᵕ ˂˶)(,,>﹏<,,)(⇀‸↼‶)
Alphabet,0,834,(˶˃ ᵕ ˂˶)(,,>﹏<,,)(⇀‸↼‶)
Alphabet,0,835,(˶˃ ᵕ ˂˶)(,,>﹏<,,)(⇀‸↼‶)
Alphabet,0,836,(˶˃ ᵕ ˂˶)(,,>﹏<,,)(⇀‸↼‶)
Alphabet,0,837,(˶˃ ᵕ ˂˶)(,,>﹏<,,)(⇀‸↼‶)
Alphabet,0,838,(˶˃ ᵕ ˂˶)(,,>﹏<,,)(⇀‸↼‶)
Alphabet,0,839,(˶˃ ᵕ ˂˶)(,,>﹏<,,)(⇀‸↼‶)
Alphabet,0,840,(˶˃ ᵕ ˂˶)(,,>﹏<,,)(⇀‸↼‶)
Alphabet,0,841,(˶˃ ᵕ ˂˶)(,,>﹏<,,)(⇀‸↼‶)
Alphabet,0,842,(˶˃ ᵕ ˂˶)(,,>﹏<,,)(⇀‸↼‶)
Alphabet,0,843,(˶˃ ᵕ ˂˶)(,,>﹏<,,)(⇀‸↼‶)
Alphabet,0,844,(˶˃ ᵕ ˂˶)(,,>﹏<,,)(⇀‸↼‶)
Alphabet,0,845,(˶˃ ᵕ ˂˶)(,,>﹏<,,)(⇀‸↼‶)
Alphabet,0,846,(˶˃ ᵕ ˂˶)(,,>﹏<,,)(⇀‸↼‶)
Alphabet,0,847,(˶˃ ᵕ ˂˶)(,,>﹏<,,)(⇀‸↼‶)
Alphabet,0,848,(˶˃ ᵕ ˂˶)(,,>﹏<,,)(⇀‸↼‶)
Alphabet,0,849,(˶˃ ᵕ ˂˶)(,,>﹏<,,)(⇀‸↼‶)
Alphabet,0,850,(˶˃ ᵕ ˂˶)(,,>﹏<,,)(⇀‸↼‶)
Alphabet,0,851,(˶˃ ᵕ ˂˶)(,,>﹏<,,)(⇀‸↼‶)
Alphabet,0,852,(˶˃ ᵕ ˂˶)(,,>﹏<,,)(⇀‸↼‶)
Alphabet,0,853,(˶˃ ᵕ ˂˶)(,,>﹏<,,)(⇀‸↼‶)
Alphabet,0,854,(˶˃ ᵕ ˂˶)(,,>﹏<,,)(⇀‸↼‶)
Alphabet,0,855,(˶˃ ᵕ ˂˶)(,,>﹏<,,)(⇀‸↼‶)
Alphabet,0,856,(˶˃ ᵕ ˂˶)(,,>﹏<,,)(⇀‸↼‶)
Alphabet,0,857,(˶˃ ᵕ ˂˶)(,,>﹏<,,)(⇀‸↼‶)
Alphabet,0,858,(˶˃ ᵕ ˂˶)(,,>﹏<,,)(⇀‸↼‶)
Alphabet,0,859,(˶˃ ᵕ ˂˶)(,,>﹏<,,)(⇀‸↼‶)
Alphabet,0,860,(˶˃ ᵕ ˂˶)(,,>﹏<,,)(⇀‸↼‶)
Alphabet,0,861,(˶˃ ᵕ ˂˶)(,,>﹏<,,)(⇀‸↼‶)
Alphabet,0,862,(˶˃ ᵕ ˂˶)(,,>﹏<,,)(⇀‸↼‶)
Alphabet,0,863,(˶˃ ᵕ ˂˶)(,,>﹏<,,)(⇀‸↼‶)
Alphabet,0,864,(˶˃ ᵕ ˂˶)(,,>﹏<,,)(⇀‸↼‶)
Alphabet,0,865,(˶˃ ᵕ ˂˶)(,,>﹏<,,)(⇀‸↼‶)
Alphabet,0,866,(˶˃ ᵕ ˂˶)(,,>﹏<,,)(⇀‸↼‶)
Alphabet,0,867,(˶˃ ᵕ ˂˶)(,,>﹏<,,)(⇀‸↼‶)
Alphabet,0,868,(˶˃ ᵕ ˂˶)(,,>﹏<,,)(⇀‸↼‶)
Alphabet,0,869,(˶˃ ᵕ ˂˶)(,,>﹏<,,)(⇀‸↼‶)
Alphabet,0,870,(˶˃ ᵕ ˂˶)(,,>﹏<,,)(⇀‸↼‶)
Alphabet,0,871,(˶˃ ᵕ ˂˶)(,,>﹏<,,)(⇀‸↼‶)
Alphabet,0,872,(˶˃ ᵕ ˂˶)(,,>﹏<,,)(⇀‸↼‶)
Alphabet,0,873,(˶˃ ᵕ ˂˶)(,,>﹏<,,)(⇀‸↼‶)
Alphabet,0,874,(˶˃ ᵕ ˂˶)(,,>﹏<,,)(⇀‸↼‶)
Alphabet,0,875,(˶˃ ᵕ ˂˶)(,,>﹏<,,)(⇀‸↼‶)
Alphabet,0,876,(˶˃ ᵕ ˂˶)(,,>﹏<,,)(⇀‸↼‶)
Alphabet,0,877,(˶˃ ᵕ ˂˶)(,,>﹏<,,)(⇀‸↼‶)
Alphabet,0,878,(˶˃ ᵕ ˂˶)(,,>﹏<,,)(⇀‸↼‶)
Alphabet,0,879,(˶˃ ᵕ ˂˶)(,,>﹏<,,)(⇀‸↼‶)
Alphabet,0,880,(˶˃ ᵕ ˂˶)(,,>﹏<,,)(⇀‸↼‶)
Alphabet,0,881,(˶˃ ᵕ ˂˶)(,,>﹏<,,)(⇀‸↼‶)
Alphabet,0,882,(˶˃ ᵕ ˂˶)(,,>﹏<,,)(⇀‸↼‶)
Alphabet,0,883,(˶˃ ᵕ ˂˶)(,,>﹏<,,)(⇀‸↼‶)
Alphabet,0,884,(˶˃ ᵕ ˂˶)(,,>﹏<,,)(⇀‸↼‶)
Alphabet,0,885,(˶˃ ᵕ ˂˶)(,,>﹏<,,)(⇀‸↼‶)
Alphabet,0,886,(˶˃ ᵕ ˂˶)(,,>﹏<,,)(⇀‸↼‶)
Alphabet,0,887,(˶˃ ᵕ ˂˶)(,,>﹏<,,)(⇀‸↼‶)
Alphabet,0,888,(˶˃ ᵕ ˂˶)(,,>﹏<,,)(⇀‸↼‶)
Alphabet,0,889,(˶˃ ᵕ ˂˶)(,,>﹏<,,)(⇀‸↼‶)
Alphabet,0,890,(˶˃ ᵕ ˂˶)(,,>﹏<,,)(⇀‸↼‶)
Alphabet,0,891,(˶˃ ᵕ ˂˶)(,,>﹏<,,)(⇀‸↼‶)
Alphabet,0,892,(˶˃ ᵕ ˂˶)(,,>﹏<,,)(⇀‸↼‶)
Alphabet,0,893,(˶˃ ᵕ ˂˶)(,,>﹏<,,)(⇀‸↼‶)
Alphabet,0,894,(˶˃ ᵕ ˂˶)(,,>﹏<,,)(⇀‸↼‶)
Alphabet,0,895,(˶˃ ᵕ ˂˶)(,,>﹏<,,)(⇀‸↼‶)
Alphabet,0,896,(˶˃ ᵕ ˂˶)(,,>﹏<,,)(⇀‸↼‶)
Alphabet,0,897,(˶˃ ᵕ ˂˶)(,,>﹏<,,)(⇀‸↼‶)
Alphabet,0,898,(˶˃ ᵕ ˂˶)(,,>﹏<,,)(⇀‸↼‶)
Alphabet,0,899,(˶˃ ᵕ ˂˶)(,,>﹏<,,)(⇀‸↼‶)
Alphabet,0,900,(˶˃ ᵕ ˂˶)(,,>﹏<,,)(⇀‸↼‶)
Alphabet,0,901,(˶˃ ᵕ ˂˶)(,,>﹏<,,)(⇀‸↼‶)
Alphabet,0,902,(˶˃ ᵕ ˂˶)(,,>﹏<,,)(⇀‸↼‶)
Alphabet,0,903,(˶˃ ᵕ ˂˶)(,,>﹏<,,)(⇀‸↼‶)
Alphabet,0,904,(˶˃ ᵕ ˂˶)(,,>﹏<,,)(⇀‸↼‶)
Alphabet,0,905,(˶˃ ᵕ ˂˶)(,,>﹏<,,)(⇀‸↼‶)
Alphabet,0,906,(˶˃ ᵕ ˂˶)(,,>﹏<,,)(⇀‸↼‶)
Alphabet,0,907,(˶˃ ᵕ ˂˶)(,,>﹏<,,)(⇀‸↼‶)
Alphabet,0,908,(˶˃ ᵕ ˂˶)(,,>﹏<,,)(⇀‸↼‶)
Alphabet,0,909,(˶˃ ᵕ ˂˶)(,,>﹏<,,)(⇀‸↼‶)
Alphabet,0,910,(˶˃ ᵕ ˂˶)(,,>﹏<,,)(⇀‸↼‶)
Alphabet,0,911,(˶˃ ᵕ ˂˶)(,,>﹏<,,)(⇀‸↼‶)
Alphabet,0,912,(˶˃ ᵕ ˂˶)(,,>﹏<,,)(⇀‸↼‶)
Alphabet,0,913,(˶˃ ᵕ ˂˶)(,,>﹏<,,)(⇀‸↼‶)
Alphabet,0,914,(˶˃ ᵕ ˂˶)(,,>﹏<,,)(⇀‸↼‶)
Alphabet,0,915,(˶˃ ᵕ ˂˶)(,,>﹏<,,)(⇀‸↼‶)
Alphabet,0,916,(˶˃ ᵕ ˂˶)(,,>﹏<,,)(⇀‸↼‶)
Alphabet,0,917,(˶˃ ᵕ ˂˶)(,,>﹏<,,)(⇀‸↼‶)
Alphabet,0,918,(˶˃ ᵕ ˂˶)(,,>﹏<,,)(⇀‸↼‶)
Alphabet,0,919,(˶˃ ᵕ ˂˶)(,,>﹏<,,)(⇀‸↼‶)
Alphabet,0,920,(˶˃ ᵕ ˂˶)(,,>﹏<,,)(⇀‸↼‶)
Alphabet,0,921,(˶˃ ᵕ ˂˶)(,,>﹏<,,)(⇀‸↼‶)
Alphabet,0,922,(˶˃ ᵕ ˂˶)(,,>﹏<,,)(⇀‸↼‶)
Alphabet,0,923,(˶˃ ᵕ ˂˶)(,,>﹏<,,)(⇀‸↼‶)
Alphabet,0,924,(˶˃ ᵕ ˂˶)(,,>﹏<,,)(⇀‸↼‶)
Alphabet,0,925,(˶˃ ᵕ ˂˶)(,,>﹏<,,)(⇀‸↼‶)
Alphabet,0,926,(˶˃ ᵕ ˂˶)(,,>﹏<,,)(⇀‸↼‶)
Alphabet,0,927,(˶˃ ᵕ ˂˶)(,,>﹏<,,)(⇀‸↼‶)
Alphabet,0,928,(˶˃ ᵕ ˂˶)(,,>﹏<,,)(⇀‸↼‶)
Alphabet,0,929,(˶˃ ᵕ ˂˶)(,,>﹏<,,)(⇀‸↼‶)
Alphabet,0,930,(˶˃ ᵕ ˂˶)(,,>﹏<,,)(⇀‸↼‶)
Alphabet,0,931,(˶˃ ᵕ ˂˶)(,,>﹏<,,)(⇀‸↼‶)
Alphabet,0,932,(˶˃ ᵕ ˂˶)(,,>﹏<,,)(⇀‸↼‶)
Alphabet,0,933,(˶˃ ᵕ ˂˶)(,,>﹏<,,)(⇀‸↼‶)
Alphabet,0,934,(˶˃ ᵕ ˂˶)(,,>﹏<,,)(⇀‸↼‶)
Alphabet,0,935,(˶˃ ᵕ ˂˶)(,,>﹏<,,)(⇀‸↼‶)
Alphabet,0,936,(˶˃ ᵕ ˂˶)(,,>﹏<,,)(⇀‸↼‶)
Alphabet,0,937,(˶˃ ᵕ ˂˶)(,,>﹏<,,)(⇀‸↼‶)
Alphabet,0,938,(˶˃ ᵕ ˂˶)(,,>﹏<,,)(⇀‸↼‶)
Alphabet,0,939,(˶˃ ᵕ ˂˶)(,,>﹏<,,)(⇀‸↼‶)
Alphabet,0,940,(˶˃ ᵕ ˂˶)(,,>﹏<,,)(⇀‸↼‶)
Alphabet,0,941,(˶˃ ᵕ ˂˶)(,,>﹏<,,)(⇀‸↼‶)
Alphabet,0,942,(˶˃ ᵕ ˂˶)(,,>﹏<,,)(⇀‸↼‶)
Alphabet,0,943,(˶˃ ᵕ ˂˶)(,,>﹏<,,)(⇀‸↼‶)
Alphabet,0,944,(˶˃ ᵕ ˂˶)(,,>﹏<,,)(⇀‸↼‶)
Alphabet,0,945,(˶˃ ᵕ ˂˶)(,,>﹏<,,)(⇀‸↼‶)
Alphabet,0,946,(˶˃ ᵕ ˂˶)(,,>﹏<,,)(⇀‸↼‶)
Alphabet,0,947,(˶˃ ᵕ ˂˶)(,,>﹏<,,)(⇀‸↼‶)
Alphabet,0,948,(˶˃ ᵕ ˂˶)(,,>﹏<,,)(⇀‸↼‶)
Alphabet,0,949,(˶˃ ᵕ ˂˶)(,,>﹏<,,)(⇀‸↼‶)
Alphabet,0,950,(˶˃ ᵕ ˂˶)(,,>﹏<,,)(⇀‸↼‶)
Alphabet,0,951,(˶˃ ᵕ ˂˶)(,,>﹏<,,)(⇀‸↼‶)
Alphabet,0,952,(˶˃ ᵕ ˂˶)(,,>﹏<,,)(⇀‸↼‶)
Alphabet,0,953,(˶˃ ᵕ ˂˶)(,,>﹏<,,)(⇀‸↼‶)
Alphabet,0,954,(˶˃ ᵕ ˂˶)(,,>﹏<,,)(⇀‸↼‶)
Alphabet,0,955,(˶˃ ᵕ ˂˶)(,,>﹏<,,)(⇀‸↼‶)
Alphabet,0,956,(˶˃ ᵕ ˂˶)(,,>﹏<,,)(⇀‸↼‶)
Alphabet,0,957,(˶˃ ᵕ ˂˶)(,,>﹏<,,)(⇀‸↼‶)
Alphabet,0,958,(˶˃ ᵕ ˂˶)(,,>﹏<,,)(⇀‸↼‶)
Alphabet,0,959,(˶˃ ᵕ ˂˶)(,,>﹏<,,)(⇀‸↼‶)
Alphabet,0,960,(˶˃ ᵕ ˂˶)(,,>﹏<,,)(⇀‸↼‶)
Alphabet,0,961,(˶˃ ᵕ ˂˶)(,,>﹏<,,)(⇀‸↼‶)
Alphabet,0,962,(˶˃ ᵕ ˂˶)(,,>﹏<,,)(⇀‸↼‶)
Alphabet,0,963,(˶˃ ᵕ ˂˶)(,,>﹏<,,)(⇀‸↼‶)
Alphabet,0,964,(˶˃ ᵕ ˂˶)(,,>﹏<,,)(⇀‸↼‶)
Alphabet,0,965,(˶˃ ᵕ ˂˶)(,,>﹏<,,)(⇀‸↼‶)
Alphabet,0,966,(˶˃ ᵕ ˂˶)(,,>﹏<,,)(⇀‸↼‶)
Alphabet,0,967,(˶˃ ᵕ ˂˶)(,,>﹏<,,)(⇀‸↼‶)
Alphabet,0,968,(˶˃ ᵕ ˂˶)(,,>﹏<,,)(⇀‸↼‶)
Alphabet,0,969,(˶˃ ᵕ ˂˶)(,,>﹏<,,)(⇀‸↼‶)
Alphabet,0,970,(˶˃ ᵕ ˂˶)(,,>﹏<,,)(⇀‸↼‶)
Alphabet,0,971,(˶˃ ᵕ ˂˶)(,,>﹏<,,)(⇀‸↼‶)
Alphabet,0,972,(˶˃ ᵕ ˂˶)(,,>﹏<,,)(⇀‸↼‶)
Alphabet,0,973,(˶˃ ᵕ ˂˶)(,,>﹏<,,)(⇀‸↼‶)
Alphabet,0,974,(˶˃ ᵕ ˂˶)(,,>﹏<,,)(⇀‸↼‶)
Alphabet,0,975,(˶˃ ᵕ ˂˶)(,,>﹏<,,)(⇀‸↼‶)
Alphabet,0,976,(˶˃ ᵕ ˂˶)(,,>﹏<,,)(⇀‸↼‶)
Alphabet,0,977,(˶˃ ᵕ ˂˶)(,,>﹏<,,)(⇀‸↼‶)
Alphabet,0,978,(˶˃ ᵕ ˂˶)(,,>﹏<,,)(⇀‸↼‶)
Alphabet,0,979,(˶˃ ᵕ ˂˶)(,,>﹏<,,)(⇀‸↼‶)
Alphabet,0,980,(˶˃ ᵕ ˂˶)(,,>﹏<,,)(⇀‸↼‶)
Alphabet,0,981,(˶˃ ᵕ ˂˶)(,,>﹏<,,)(⇀‸↼‶)
Alphabet,0,982,(˶˃ ᵕ ˂˶)(,,>﹏<,,)(⇀‸↼‶)
Alphabet,0,983,(˶˃ ᵕ ˂˶)(,,>﹏<,,)(⇀‸↼‶)
Alphabet,0,984,(˶˃ ᵕ ˂˶)(,,>﹏<,,)(⇀‸↼‶)
Alphabet,0,985,(˶˃ ᵕ ˂˶)(,,>﹏<,,)(⇀‸↼‶)
Alphabet,0,986,(˶˃ ᵕ ˂˶)(,,>﹏<,,)(⇀‸↼‶)
Alphabet,0,987,(˶˃ ᵕ ˂˶)(,,>﹏<,,)(⇀‸↼‶)
Alphabet,0,988,(˶˃ ᵕ ˂˶)(,,>﹏<,,)(⇀‸↼‶)
Alphabet,0,989,(˶˃ ᵕ ˂˶)(,,>﹏<,,)(⇀‸↼‶)
Alphabet,0,990,(˶˃ ᵕ ˂˶)(,,>﹏<,,)(⇀‸↼‶)
Alphabet,0,991,(˶˃ ᵕ ˂˶)(,,>﹏<,,)(⇀‸↼‶)
Alphabet,0,992,(˶˃ ᵕ ˂˶)(,,>﹏<,,)(⇀‸↼‶)
Alphabet,0,993,(˶˃ ᵕ ˂˶)(,,>﹏<,,)(⇀‸↼‶)
Alphabet,0,994,(˶˃ ᵕ ˂˶)(,,>﹏<,,)(⇀‸↼‶)
Alphabet,0,995,(˶˃ ᵕ ˂˶)(,,>﹏<,,)(⇀‸↼‶)
Alphabet,0,996,(˶˃ ᵕ ˂˶)(,,>﹏<,,)(⇀‸↼‶)
Alphabet,0,997,(˶˃ ᵕ ˂˶)(,,>﹏<,,)(⇀‸↼‶)
Alphabet,0,998,(˶˃ ᵕ ˂˶)(,,>﹏<,,)(⇀‸↼‶)
Alphabet,0,999,(˶˃ ᵕ ˂˶)(,,>﹏<,,)(⇀‸↼‶)
Alphabet,0,1000,(˶˃ ᵕ ˂˶)(,,>﹏<,,)(⇀‸↼‶)
Alphabet,0,1001,(˶˃ ᵕ ˂˶)(,,>﹏<,,)(⇀‸↼‶)
Alphabet,0,1002,(˶˃ ᵕ ˂˶)(,,>﹏<,,)(⇀‸↼‶)
Alphabet,0,1003,(˶˃ ᵕ ˂˶)(,,>﹏<,,)(⇀‸↼‶)
Alphabet,0,1004,(˶˃ ᵕ ˂˶)(,,>﹏<,,)(⇀‸↼‶)
Alphabet,0,1005,(˶˃ ᵕ ˂˶)(,,>﹏<,,)(⇀‸↼‶)
Alphabet,0,1006,(˶˃ ᵕ ˂˶)(,,>﹏<,,)(⇀‸↼‶)
Alphabet,0,1007,(˶˃ ᵕ ˂˶)(,,>﹏<,,)(⇀‸↼‶)
Alphabet,0,1009,(˶˃ ᵕ ˂˶)(,,>﹏<,,)(⇀‸↼‶)
Alphabet,0,1010,(˶˃ ᵕ ˂˶)(,,>﹏<,,)(⇀‸↼‶)
Alphabet,0,1011,(˶˃ ᵕ ˂˶)(,,>﹏<,,)(⇀‸↼‶)
Alphabet,0,1012,(˶˃ ᵕ ˂˶)(,,>﹏<,,)(⇀‸↼‶)
Alphabet,0,1013,(˶˃ ᵕ ˂˶)(,,>﹏<,,)(⇀‸↼‶)
Alphabet,0,1014,(˶˃ ᵕ ˂˶)(,,>﹏<,,)(⇀‸↼‶)
Alphabet,0,1015,(˶˃ ᵕ ˂˶)(,,>﹏<,,)(⇀‸↼‶)
Alphabet,0,1016,(˶˃ ᵕ ˂˶)(,,>﹏<,,)(⇀‸↼‶)
Alphabet,0,1017,(˶˃ ᵕ ˂˶)(,,>﹏<,,)(⇀‸↼‶)
Alphabet,0,1018,(˶˃ ᵕ ˂˶)(,,>﹏<,,)(⇀‸↼‶)
Alphabet,0,1019,(˶˃ ᵕ ˂˶)(,,>﹏<,,)(⇀‸↼‶)
Alphabet,0,1020,(˶˃ ᵕ ˂˶)(,,>﹏<,,)(⇀‸↼‶)
Alphabet,0,1021,(˶˃ ᵕ ˂˶)(,,>﹏<,,)(⇀‸↼‶)
Alphabet,0,1022,(˶˃ ᵕ ˂˶)(,,>﹏<,,)(⇀‸↼‶)
Alphabet,0,1023,(˶˃ ᵕ ˂˶)(,,>﹏<,,)(⇀‸↼‶)
Alphabet,0,1024,(˶˃ ᵕ ˂˶)(,,>﹏<,,)(⇀‸↼‶)
Alphabet,0,1025,(˶˃ ᵕ ˂˶)(,,>﹏<,,)(⇀‸↼‶)
Alphabet,0,1026,(˶˃ ᵕ ˂˶)(,,>﹏<,,)(⇀‸↼‶)
Alphabet,0,1027,(˶˃ ᵕ ˂˶)(,,>﹏<,,)(⇀‸↼‶)
Alphabet,0,1028,(˶˃ ᵕ ˂˶)(,,>﹏<,,)(⇀‸↼‶)
Alphabet,0,1029,(˶˃ ᵕ ˂˶)(,,>﹏<,,)(⇀‸↼‶)
Alphabet,0,1030,(˶˃ ᵕ ˂˶)(,,>﹏<,,)(⇀‸↼‶)
Alphabet,0,1031,(˶˃ ᵕ ˂˶)(,,>﹏<,,)(⇀‸↼‶)
Alphabet,0,1033,(˶˃ ᵕ ˂˶)(,,>﹏<,,)(⇀‸↼‶)
Alphabet,0,1034,(˶˃ ᵕ ˂˶)(,,>﹏<,,)(⇀‸↼‶)
Alphabet,0,1035,(˶˃ ᵕ ˂˶)(,,>﹏<,,)(⇀‸↼‶)
Alphabet,0,1036,(˶˃ ᵕ ˂˶)(,,>﹏<,,)(⇀‸↼‶)
Alphabet,0,1037,(˶˃ ᵕ ˂˶)(,,>﹏<,,)(⇀‸↼‶)
Alphabet,0,1038,(˶˃ ᵕ ˂˶)(,,>﹏<,,)(⇀‸↼‶)
Alphabet,0,1039,(˶˃ ᵕ ˂˶)(,,>﹏<,,)(⇀‸↼‶)
Alphabet,0,1040,(˶˃ ᵕ ˂˶)(,,>﹏<,,)(⇀‸↼‶)
Alphabet,0,1041,(˶˃ ᵕ ˂˶)(,,>﹏<,,)(⇀‸↼‶)
Alphabet,0,1042,(˶˃ ᵕ ˂˶)(,,>﹏<,,)(⇀‸↼‶)
Alphabet,0,1043,(˶˃ ᵕ ˂˶)(,,>﹏<,,)(⇀‸↼‶)
Alphabet,0,1044,(˶˃ ᵕ ˂˶)(,,>﹏<,,)(⇀‸↼‶)
Alphabet,0,1045,(˶˃ ᵕ ˂˶)(,,>﹏<,,)(⇀‸↼‶)
Alphabet,0,1046,(˶˃ ᵕ ˂˶)(,,>﹏<,,)(⇀‸↼‶)
Alphabet,0,1047,(˶˃ ᵕ ˂˶)(,,>﹏<,,)(⇀‸↼‶)
Alphabet,0,1048,(˶˃ ᵕ ˂˶)(,,>﹏<,,)(⇀‸↼‶)
Alphabet,0,1049,(˶˃ ᵕ ˂˶)(,,>﹏<,,)(⇀‸↼‶)
Alphabet,0,1050,(˶˃ ᵕ ˂˶)(,,>﹏<,,)(⇀‸↼‶)
Alphabet,0,1051,(˶˃ ᵕ ˂˶)(,,>﹏<,,)(⇀‸↼‶)
Alphabet,0,1052,(˶˃ ᵕ ˂˶)(,,>﹏<,,)(⇀‸↼‶)
Alphabet,0,1053,(˶˃ ᵕ ˂˶)(,,>﹏<,,)(⇀‸↼‶)
Alphabet,0,1054,(˶˃ ᵕ ˂˶)(,,>﹏<,,)(⇀‸↼‶)
Alphabet,0,1055,(˶˃ ᵕ ˂˶)(,,>﹏<,,)(⇀‸↼‶)
Alphabet,0,1056,(˶˃ ᵕ ˂˶)(,,>﹏<,,)(⇀‸↼‶)
Alphabet,0,1057,(˶˃ ᵕ ˂˶)(,,>﹏<,,)(⇀‸↼‶)
Alphabet,0,1058,(˶˃ ᵕ ˂˶)(,,>﹏<,,)(⇀‸↼‶)
Alphabet,0,1059,(˶˃ ᵕ ˂˶)(,,>﹏<,,)(⇀‸↼‶)
Alphabet,0,1060,(˶˃ ᵕ ˂˶)(,,>﹏<,,)(⇀‸↼‶)
Alphabet,0,1061,(˶˃ ᵕ ˂˶)(,,>﹏<,,)(⇀‸↼‶)
Alphabet,0,1062,(˶˃ ᵕ ˂˶)(,,>﹏<,,)(⇀‸↼‶)
Alphabet,0,1063,(˶˃ ᵕ ˂˶)(,,>﹏<,,)(⇀‸↼‶)
Alphabet,0,1064,(˶˃ ᵕ ˂˶)(,,>﹏<,,)(⇀‸↼‶)
Alphabet,0,1065,(˶˃ ᵕ ˂˶)(,,>﹏<,,)(⇀‸↼‶)
Alphabet,0,1066,(˶˃ ᵕ ˂˶)(,,>﹏<,,)(⇀‸↼‶)
Alphabet,0,1067,(˶˃ ᵕ ˂˶)(,,>﹏<,,)(⇀‸↼‶)
Alphabet,0,1068,(˶˃ ᵕ ˂˶)(,,>﹏<,,)(⇀‸↼‶)
Alphabet,0,1069,(˶˃ ᵕ ˂˶)(,,>﹏<,,)(⇀‸↼‶)
Alphabet,0,1070,(˶˃ ᵕ ˂˶)(,,>﹏<,,)(⇀‸↼‶)
Alphabet,0,1071,(˶˃ ᵕ ˂˶)(,,>﹏<,,)(⇀‸↼‶)
Alphabet,0,1072,(˶˃ ᵕ ˂˶)(,,>﹏<,,)(⇀‸↼‶)
Alphabet,0,1073,(˶˃ ᵕ ˂˶)(,,>﹏<,,)(⇀‸↼‶)
Alphabet,0,1074,(˶˃ ᵕ ˂˶)(,,>﹏<,,)(⇀‸↼‶)
Alphabet,0,1075,(˶˃ ᵕ ˂˶)(,,>﹏<,,)(⇀‸↼‶)
Alphabet,0,1076,(˶˃ ᵕ ˂˶)(,,>﹏<,,)(⇀‸↼‶)
Alphabet,0,1077,(˶˃ ᵕ ˂˶)(,,>﹏<,,)(⇀‸↼‶)
Alphabet,0,1078,(˶˃ ᵕ ˂˶)(,,>﹏<,,)(⇀‸↼‶)
Alphabet,0,1079,(˶˃ ᵕ ˂˶)(,,>﹏<,,)(⇀‸↼‶)
Alphabet,0,1080,(˶˃ ᵕ ˂˶)(,,>﹏<,,)(⇀‸↼‶)
Alphabet,0,1081,(˶˃ ᵕ ˂˶)(,,>﹏<,,)(⇀‸↼‶)
Alphabet,0,1082,(˶˃ ᵕ ˂˶)(,,>﹏<,,)(⇀‸↼‶)
Alphabet,0,1083,(˶˃ ᵕ ˂˶)(,,>﹏<,,)(⇀‸↼‶)
Alphabet,0,1084,(˶˃ ᵕ ˂˶)(,,>﹏<,,)(⇀‸↼‶)
Alphabet,0,1085,(˶˃ ᵕ ˂˶)(,,>﹏<,,)(⇀‸↼‶)
Alphabet,0,1086,(˶˃ ᵕ ˂˶)(,,>﹏<,,)(⇀‸↼‶)
Alphabet,0,1087,(˶˃ ᵕ ˂˶)(,,>﹏<,,)(⇀‸↼‶)
Alphabet,0,1089,(˶˃ ᵕ ˂˶)(,,>﹏<,,)(⇀‸↼‶)
Alphabet,0,1090,(˶˃ ᵕ ˂˶)(,,>﹏<,,)(⇀‸↼‶)
Alphabet,0,1091,(˶˃ ᵕ ˂˶)(,,>﹏<,,)(⇀‸↼‶)
Alphabet,0,1092,(˶˃ ᵕ ˂˶)(,,>﹏<,,)(⇀‸↼‶)
Alphabet,0,1093,(˶˃ ᵕ ˂˶)(,,>﹏<,,)(⇀‸↼‶)
Alphabet,0,1094,(˶˃ ᵕ ˂˶)(,,>﹏<,,)(⇀‸↼‶)
Alphabet,0,1095,(˶˃ ᵕ ˂˶)(,,>﹏<,,)(⇀‸↼‶)
Alphabet,0,1096,(˶˃ ᵕ ˂˶)(,,>﹏<,,)(⇀‸↼‶)
Alphabet,0,1097,(˶˃ ᵕ ˂˶)(,,>﹏<,,)(⇀‸↼‶)
Alphabet,0,1098,(˶˃ ᵕ ˂˶)(,,>﹏<,,)(⇀‸↼‶)
Alphabet,0,1099,(˶˃ ᵕ ˂˶)(,,>﹏<,,)(⇀‸↼‶)
Alphabet,0,1100,(˶˃ ᵕ ˂˶)(,,>﹏<,,)(⇀‸↼‶)
Alphabet,0,1101,(˶˃ ᵕ ˂˶)(,,>﹏<,,)(⇀‸↼‶)
Alphabet,0,1102,(˶˃ ᵕ ˂˶)(,,>﹏<,,)(⇀‸↼‶)
Alphabet,0,1103,(˶˃ ᵕ ˂˶)(,,>﹏<,,)(⇀‸↼‶)
Alphabet,0,1104,(˶˃ ᵕ ˂˶)(,,>﹏<,,)(⇀‸↼‶)
Alphabet,0,1105,(˶˃ ᵕ ˂˶)(,,>﹏<,,)(⇀‸↼‶)
Alphabet,0,1106,(˶˃ ᵕ ˂˶)(,,>﹏<,,)(⇀‸↼‶)
Alphabet,0,1107,(˶˃ ᵕ ˂˶)(,,>﹏<,,)(⇀‸↼‶)
Alphabet,0,1108,(˶˃ ᵕ ˂˶)(,,>﹏<,,)(⇀‸↼‶)
Alphabet,0,1109,(˶˃ ᵕ ˂˶)(,,>﹏<,,)(⇀‸↼‶)
Alphabet,0,1110,(˶˃ ᵕ ˂˶)(,,>﹏<,,)(⇀‸↼‶)
Alphabet,0,1111,(˶˃ ᵕ ˂˶)(,,>﹏<,,)(⇀‸↼‶)
Alphabet,0,1112,(˶˃ ᵕ ˂˶)(,,>﹏<,,)(⇀‸↼‶)
Alphabet,0,1113,(˶˃ ᵕ ˂˶)(,,>﹏<,,)(⇀‸↼‶)
Alphabet,0,1114,(˶˃ ᵕ ˂˶)(,,>﹏<,,)(⇀‸↼‶)
Alphabet,0,1115,(˶˃ ᵕ ˂˶)(,,>﹏<,,)(⇀‸↼‶)
Alphabet,0,1120,(˶˃ ᵕ ˂˶)(,,>﹏<,,)(⇀‸↼‶)
Alphabet,0,1122,(˶˃ ᵕ ˂˶)(,,>﹏<,,)(⇀‸↼‶)
Alphabet,0,1123,(˶˃ ᵕ ˂˶)(,,>﹏<,,)(⇀‸↼‶)
Alphabet,0,1124,(˶˃ ᵕ ˂˶)(,,>﹏<,,)(⇀‸↼‶)
Alphabet,0,1129,(˶˃ ᵕ ˂˶)(,,>﹏<,,)(⇀‸↼‶)
Alphabet,0,1130,(˶˃ ᵕ ˂˶)(,,>﹏<,,)(⇀‸↼‶)
Alphabet,0,1131,(˶˃ ᵕ ˂˶)(,,>﹏<,,)(⇀‸↼‶)
Alphabet,0,1132,(˶˃ ᵕ ˂˶)(,,>﹏<,,)(⇀‸↼‶)
Alphabet,0,1133,(˶˃ ᵕ ˂˶)(,,>﹏<,,)(⇀‸↼‶)
Alphabet,0,1134,(˶˃ ᵕ ˂˶)(,,>﹏<,,)(⇀‸↼‶)
Alphabet,0,1135,(˶˃ ᵕ ˂˶)(,,>﹏<,,)(⇀‸↼‶)
Alphabet,0,1136,(˶˃ ᵕ ˂˶)(,,>﹏<,,)(⇀‸↼‶)
Alphabet,0,1137,(˶˃ ᵕ ˂˶)(,,>﹏<,,)(⇀‸↼‶)
Alphabet,0,1138,(˶˃ ᵕ ˂˶)(,,>﹏<,,)(⇀‸↼‶)
Alphabet,0,1139,(˶˃ ᵕ ˂˶)(,,>﹏<,,)(⇀‸↼‶)
Alphabet,0,1140,(˶˃ ᵕ ˂˶)(,,>﹏<,,)(⇀‸↼‶)
Alphabet,0,1141,(˶˃ ᵕ ˂˶)(,,>﹏<,,)(⇀‸↼‶)
Alphabet,0,1142,(˶˃ ᵕ ˂˶)(,,>﹏<,,)(⇀‸↼‶)
Alphabet,0,1143,(˶˃ ᵕ ˂˶)(,,>﹏<,,)(⇀‸↼‶)
Alphabet,0,1145,(˶˃ ᵕ ˂˶)(,,>﹏<,,)(⇀‸↼‶)
Alphabet,0,1146,(˶˃ ᵕ ˂˶)(,,>﹏<,,)(⇀‸↼‶)
Alphabet,0,1147,(˶˃ ᵕ ˂˶)(,,>﹏<,,)(⇀‸↼‶)
Alphabet,0,1148,(˶˃ ᵕ ˂˶)(,,>﹏<,,)(⇀‸↼‶)
Alphabet,0,1149,(˶˃ ᵕ ˂˶)(,,>﹏<,,)(⇀‸↼‶)
Alphabet,0,1150,(˶˃ ᵕ ˂˶)(,,>﹏<,,)(⇀‸↼‶)
Alphabet,0,1151,(˶˃ ᵕ ˂˶)(,,>﹏<,,)(⇀‸↼‶)
Alphabet,0,1152,(˶˃ ᵕ ˂˶)(,,>﹏<,,)(⇀‸↼‶)
Alphabet,0,1153,(˶˃ ᵕ ˂˶)(,,>﹏<,,)(⇀‸↼‶)
Alphabet,0,1154,(˶˃ ᵕ ˂˶)(,,>﹏<,,)(⇀‸↼‶)
Alphabet,0,1155,(˶˃ ᵕ ˂˶)(,,>﹏<,,)(⇀‸↼‶)
Alphabet,0,1156,(˶˃ ᵕ ˂˶)(,,>﹏<,,)(⇀‸↼‶)
Alphabet,0,1157,(˶˃ ᵕ ˂˶)(,,>﹏<,,)(⇀‸↼‶)
Alphabet,0,1158,(˶˃ ᵕ ˂˶)(,,>﹏<,,)(⇀‸↼‶)
Alphabet,0,1159,(˶˃ ᵕ ˂˶)(,,>﹏<,,)(⇀‸↼‶)
Alphabet,0,1160,(˶˃ ᵕ ˂˶)(,,>﹏<,,)(⇀‸↼‶)
Alphabet,0,1161,(˶˃ ᵕ ˂˶)(,,>﹏<,,)(⇀‸↼‶)
Alphabet,0,1162,(˶˃ ᵕ ˂˶)(,,>﹏<,,)(⇀‸↼‶)
Alphabet,0,1164,(˶˃ ᵕ ˂˶)(,,>﹏<,,)(⇀‸↼‶)
Alphabet,0,1165,(˶˃ ᵕ ˂˶)(,,>﹏<,,)(⇀‸↼‶)
Alphabet,0,1166,(˶˃ ᵕ ˂˶)(,,>﹏<,,)(⇀‸↼‶)
Alphabet,0,1167,(˶˃ ᵕ ˂˶)(,,>﹏<,,)(⇀‸↼‶)
Alphabet,0,1168,(˶˃ ᵕ ˂˶)(,,>﹏<,,)(⇀‸↼‶)
Alphabet,0,1169,(˶˃ ᵕ ˂˶)(,,>﹏<,,)(⇀‸↼‶)
Alphabet,0,1170,(˶˃ ᵕ ˂˶)(,,>﹏<,,)(⇀‸↼‶)
Alphabet,0,1171,(˶˃ ᵕ ˂˶)(,,>﹏<,,)(⇀‸↼‶)
Alphabet,0,1172,(˶˃ ᵕ ˂˶)(,,>﹏<,,)(⇀‸↼‶)
Alphabet,0,1173,(˶˃ ᵕ ˂˶)(,,>﹏<,,)(⇀‸↼‶)
Alphabet,0,1174,(˶˃ ᵕ ˂˶)(,,>﹏<,,)(⇀‸↼‶)
Alphabet,0,1175,(˶˃ ᵕ ˂˶)(,,>﹏<,,)(⇀‸↼‶)
Alphabet,0,1176,(˶˃ ᵕ ˂˶)(,,>﹏<,,)(⇀‸↼‶)
Alphabet,0,1177,(˶˃ ᵕ ˂˶)(,,>﹏<,,)(⇀‸↼‶)
Alphabet,0,1178,(˶˃ ᵕ ˂˶)(,,>﹏<,,)(⇀‸↼‶)
Alphabet,0,1179,(˶˃ ᵕ ˂˶)(,,>﹏<,,)(⇀‸↼‶)
Alphabet,0,1180,(˶˃ ᵕ ˂˶)(,,>﹏<,,)(⇀‸↼‶)
Alphabet,0,1181,(˶˃ ᵕ ˂˶)(,,>﹏<,,)(⇀‸↼‶)
Alphabet,0,1182,(˶˃ ᵕ ˂˶)(,,>﹏<,,)(⇀‸↼‶)
Alphabet,0,1183,(˶˃ ᵕ ˂˶)(,,>﹏<,,)(⇀‸↼‶)
Alphabet,0,1184,(˶˃ ᵕ ˂˶)(,,>﹏<,,)(⇀‸↼‶)
Alphabet,0,1185,(˶˃ ᵕ ˂˶)(,,>﹏<,,)(⇀‸↼‶)
Alphabet,0,1186,(˶˃ ᵕ ˂˶)(,,>﹏<,,)(⇀‸↼‶)
Alphabet,0,1187,(˶˃ ᵕ ˂˶)(,,>﹏<,,)(⇀‸↼‶)
Alphabet,0,1188,(˶˃ ᵕ ˂˶)(,,>﹏<,,)(⇀‸↼‶)
Alphabet,0,1189,(˶˃ ᵕ ˂˶)(,,>﹏<,,)(⇀‸↼‶)
Alphabet,0,1190,(˶˃ ᵕ ˂˶)(,,>﹏<,,)(⇀‸↼‶)
Alphabet,0,1191,(˶˃ ᵕ ˂˶)(,,>﹏<,,)(⇀‸↼‶)
Alphabet,0,1192,(˶˃ ᵕ ˂˶)(,,>﹏<,,)(⇀‸↼‶)
Alphabet,0,1193,(˶˃ ᵕ ˂˶)(,,>﹏<,,)(⇀‸↼‶)
Alphabet,0,1194,(˶˃ ᵕ ˂˶)(,,>﹏<,,)(⇀‸↼‶)
Alphabet,0,1195,(˶˃ ᵕ ˂˶)(,,>﹏<,,)(⇀‸↼‶)
Alphabet,0,1196,(˶˃ ᵕ ˂˶)(,,>﹏<,,)(⇀‸↼‶)
Alphabet,0,1197,(˶˃ ᵕ ˂˶)(,,>﹏<,,)(⇀‸↼‶)
Alphabet,0,1198,(˶˃ ᵕ ˂˶)(,,>﹏<,,)(⇀‸↼‶)
Alphabet,0,1199,(˶˃ ᵕ ˂˶)(,,>﹏<,,)(⇀‸↼‶)
Alphabet,0,1200,(˶˃ ᵕ ˂˶)(,,>﹏<,,)(⇀‸↼‶)
Alphabet,0,1201,(˶˃ ᵕ ˂˶)(,,>﹏<,,)(⇀‸↼‶)
Alphabet,0,1202,(˶˃ ᵕ ˂˶)(,,>﹏<,,)(⇀‸↼‶)
Alphabet,0,1203,(˶˃ ᵕ ˂˶)(,,>﹏<,,)(⇀‸↼‶)
Alphabet,0,1204,(˶˃ ᵕ ˂˶)(,,>﹏<,,)(⇀‸↼‶)
Alphabet,0,1205,(˶˃ ᵕ ˂˶)(,,>﹏<,,)(⇀‸↼‶)
Alphabet,0,1206,(˶˃ ᵕ ˂˶)(,,>﹏<,,)(⇀‸↼‶)
Alphabet,0,1207,(˶˃ ᵕ ˂˶)(,,>﹏<,,)(⇀‸↼‶)
Alphabet,0,1208,(˶˃ ᵕ ˂˶)(,,>﹏<,,)(⇀‸↼‶)
Alphabet,0,1209,(˶˃ ᵕ ˂˶)(,,>﹏<,,)(⇀‸↼‶)
Alphabet,0,1210,(˶˃ ᵕ ˂˶)(,,>﹏<,,)(⇀‸↼‶)
Alphabet,0,1211,(˶˃ ᵕ ˂˶)(,,>﹏<,,)(⇀‸↼‶)
Alphabet,0,1212,(˶˃ ᵕ ˂˶)(,,>﹏<,,)(⇀‸↼‶)
Alphabet,0,1213,(˶˃ ᵕ ˂˶)(,,>﹏<,,)(⇀‸↼‶)
Alphabet,0,1214,(˶˃ ᵕ ˂˶)(,,>﹏<,,)(⇀‸↼‶)
Alphabet,0,1215,(˶˃ ᵕ ˂˶)(,,>﹏<,,)(⇀‸↼‶)
Alphabet,0,1216,(˶˃ ᵕ ˂˶)(,,>﹏<,,)(⇀‸↼‶)
Alphabet,0,1217,(˶˃ ᵕ ˂˶)(,,>﹏<,,)(⇀‸↼‶)
Alphabet,0,1218,(˶˃ ᵕ ˂˶)(,,>﹏<,,)(⇀‸↼‶)
Alphabet,0,1219,(˶˃ ᵕ ˂˶)(,,>﹏<,,)(⇀‸↼‶)
Alphabet,0,1220,(˶˃ ᵕ ˂˶)(,,>﹏<,,)(⇀‸↼‶)
Alphabet,0,1221,(˶˃ ᵕ ˂˶)(,,>﹏<,,)(⇀‸↼‶)
Alphabet,0,1222,(˶˃ ᵕ ˂˶)(,,>﹏<,,)(⇀‸↼‶)
Alphabet,0,1223,(˶˃ ᵕ ˂˶)(,,>﹏<,,)(⇀‸↼‶)
Alphabet,0,1224,(˶˃ ᵕ ˂˶)(,,>﹏<,,)(⇀‸↼‶)
Alphabet,0,1225,(˶˃ ᵕ ˂˶)(,,>﹏<,,)(⇀‸↼‶)
Alphabet,0,1226,(˶˃ ᵕ ˂˶)(,,>﹏<,,)(⇀‸↼‶)
Alphabet,0,1227,(˶˃ ᵕ ˂˶)(,,>﹏<,,)(⇀‸↼‶)
Alphabet,0,1228,(˶˃ ᵕ ˂˶)(,,>﹏<,,)(⇀‸↼‶)
Alphabet,0,1229,(˶˃ ᵕ ˂˶)(,,>﹏<,,)(⇀‸↼‶)
Alphabet,0,1230,(˶˃ ᵕ ˂˶)(,,>﹏<,,)(⇀‸↼‶)
Alphabet,0,1231,(˶˃ ᵕ ˂˶)(,,>﹏<,,)(⇀‸↼‶)
Alphabet,0,1232,(˶˃ ᵕ ˂˶)(,,>﹏<,,)(⇀‸↼‶)
Alphabet,0,1233,(˶˃ ᵕ ˂˶)(,,>﹏<,,)(⇀‸↼‶)
Alphabet,0,1234,(˶˃ ᵕ ˂˶)(,,>﹏<,,)(⇀‸↼‶)
Alphabet,0,1235,(˶˃ ᵕ ˂˶)(,,>﹏<,,)(⇀‸↼‶)
Alphabet,0,1236,(˶˃ ᵕ ˂˶)(,,>﹏<,,)(⇀‸↼‶)
Alphabet,0,1237,(˶˃ ᵕ ˂˶)(,,>﹏<,,)(⇀‸↼‶)
Alphabet,0,1238,(˶˃ ᵕ ˂˶)(,,>﹏<,,)(⇀‸↼‶)
Alphabet,0,1239,(˶˃ ᵕ ˂˶)(,,>﹏<,,)(⇀‸↼‶)
Alphabet,0,1240,(˶˃ ᵕ ˂˶)(,,>﹏<,,)(⇀‸↼‶)
Alphabet,0,1241,(˶˃ ᵕ ˂˶)(,,>﹏<,,)(⇀‸↼‶)
Alphabet,0,1242,(˶˃ ᵕ ˂˶)(,,>﹏<,,)(⇀‸↼‶)
Alphabet,0,1243,(˶˃ ᵕ ˂˶)(,,>﹏<,,)(⇀‸↼‶)
Alphabet,0,1244,(˶˃ ᵕ ˂˶)(,,>﹏<,,)(⇀‸↼‶)
Alphabet,0,1245,(˶˃ ᵕ ˂˶)(,,>﹏<,,)(⇀‸↼‶)
Alphabet,0,1247,(˶˃ ᵕ ˂˶)(,,>﹏<,,)(⇀‸↼‶)
Alphabet,0,1248,(˶˃ ᵕ ˂˶)(,,>﹏<,,)(⇀‸↼‶)
Alphabet,0,1251,(˶˃ ᵕ ˂˶)(,,>﹏<,,)(⇀‸↼‶)
Alphabet,0,1252,(˶˃ ᵕ ˂˶)(,,>﹏<,,)(⇀‸↼‶)
Alphabet,0,1253,(˶˃ ᵕ ˂˶)(,,>﹏<,,)(⇀‸↼‶)
Alphabet,0,1254,(˶˃ ᵕ ˂˶)(,,>﹏<,,)(⇀‸↼‶)
Alphabet,0,1255,(˶˃ ᵕ ˂˶)(,,>﹏<,,)(⇀‸↼‶)
Alphabet,0,1256,(˶˃ ᵕ ˂˶)(,,>﹏<,,)(⇀‸↼‶)
Alphabet,0,1257,(˶˃ ᵕ ˂˶)(,,>﹏<,,)(⇀‸↼‶)
Alphabet,0,1258,(˶˃ ᵕ ˂˶)(,,>﹏<,,)(⇀‸↼‶)
Alphabet,0,1259,(˶˃ ᵕ ˂˶)(,,>﹏<,,)(⇀‸↼‶)
Alphabet,0,1260,(˶˃ ᵕ ˂˶)(,,>﹏<,,)(⇀‸↼‶)
Alphabet,0,1261,(˶˃ ᵕ ˂˶)(,,>﹏<,,)(⇀‸↼‶)
Alphabet,0,1262,(˶˃ ᵕ ˂˶)(,,>﹏<,,)(⇀‸↼‶)
Alphabet,0,1263,(˶˃ ᵕ ˂˶)(,,>﹏<,,)(⇀‸↼‶)
Alphabet,0,1264,(˶˃ ᵕ ˂˶)(,,>﹏<,,)(⇀‸↼‶)
Alphabet,0,1265,(˶˃ ᵕ ˂˶)(,,>﹏<,,)(⇀‸↼‶)
Alphabet,0,1266,(˶˃ ᵕ ˂˶)(,,>﹏<,,)(⇀‸↼‶)
Alphabet,0,1267,(˶˃ ᵕ ˂˶)(,,>﹏<,,)(⇀‸↼‶)
Alphabet,0,1268,(˶˃ ᵕ ˂˶)(,,>﹏<,,)(⇀‸↼‶)
Alphabet,0,1269,(˶˃ ᵕ ˂˶)(,,>﹏<,,)(⇀‸↼‶)
Alphabet,0,1270,(˶˃ ᵕ ˂˶)(,,>﹏<,,)(⇀‸↼‶)
Alphabet,0,1271,(˶˃ ᵕ ˂˶)(,,>﹏<,,)(⇀‸↼‶)
Alphabet,0,1272,(˶˃ ᵕ ˂˶)(,,>﹏<,,)(⇀‸↼‶)
Alphabet,0,1273,(˶˃ ᵕ ˂˶)(,,>﹏<,,)(⇀‸↼‶)
Alphabet,0,1274,(˶˃ ᵕ ˂˶)(,,>﹏<,,)(⇀‸↼‶)
Alphabet,0,1275,(˶˃ ᵕ ˂˶)(,,>﹏<,,)(⇀‸↼‶)
Alphabet,0,1276,(˶˃ ᵕ ˂˶)(,,>﹏<,,)(⇀‸↼‶)
Alphabet,0,1277,(˶˃ ᵕ ˂˶)(,,>﹏<,,)(⇀‸↼‶)
Alphabet,0,1278,(˶˃ ᵕ ˂˶)(,,>﹏<,,)(⇀‸↼‶)
Alphabet,0,1279,(˶˃ ᵕ ˂˶)(,,>﹏<,,)(⇀‸↼‶)
Alphabet,0,1280,(˶˃ ᵕ ˂˶)(,,>﹏<,,)(⇀‸↼‶)
Alphabet,0,1281,(˶˃ ᵕ ˂˶)(,,>﹏<,,)(⇀‸↼‶)
Alphabet,0,1282,(˶˃ ᵕ ˂˶)(,,>﹏<,,)(⇀‸↼‶)
Alphabet,0,1283,(˶˃ ᵕ ˂˶)(,,>﹏<,,)(⇀‸↼‶)
Alphabet,0,1284,(˶˃ ᵕ ˂˶)(,,>﹏<,,)(⇀‸↼‶)
Alphabet,0,1285,(˶˃ ᵕ ˂˶)(,,>﹏<,,)(⇀‸↼‶)
Alphabet,0,1286,(˶˃ ᵕ ˂˶)(,,>﹏<,,)(⇀‸↼‶)
Alphabet,0,1287,(˶˃ ᵕ ˂˶)(,,>﹏<,,)(⇀‸↼‶)
Alphabet,0,1289,(˶˃ ᵕ ˂˶)(,,>﹏<,,)(⇀‸↼‶)
Alphabet,0,1290,(˶˃ ᵕ ˂˶)(,,>﹏<,,)(⇀‸↼‶)
Alphabet,0,1291,(˶˃ ᵕ ˂˶)(,,>﹏<,,)(⇀‸↼‶)
Alphabet,0,1293,(˶˃ ᵕ ˂˶)(,,>﹏<,,)(⇀‸↼‶)
Alphabet,0,1294,(˶˃ ᵕ ˂˶)(,,>﹏<,,)(⇀‸↼‶)
Alphabet,0,1295,(˶˃ ᵕ ˂˶)(,,>﹏<,,)(⇀‸↼‶)
Alphabet,0,1296,(˶˃ ᵕ ˂˶)(,,>﹏<,,)(⇀‸↼‶)
Alphabet,0,1297,(˶˃ ᵕ ˂˶)(,,>﹏<,,)(⇀‸↼‶)
Alphabet,0,1298,(˶˃ ᵕ ˂˶)(,,>﹏<,,)(⇀‸↼‶)
Alphabet,0,1299,(˶˃ ᵕ ˂˶)(,,>﹏<,,)(⇀‸↼‶)
Alphabet,0,1300,(˶˃ ᵕ ˂˶)(,,>﹏<,,)(⇀‸↼‶)
Alphabet,0,1301,(˶˃ ᵕ ˂˶)(,,>﹏<,,)(⇀‸↼‶)
Alphabet,0,1302,(˶˃ ᵕ ˂˶)(,,>﹏<,,)(⇀‸↼‶)
Alphabet,0,1303,(˶˃ ᵕ ˂˶)(,,>﹏<,,)(⇀‸↼‶)
Alphabet,0,1304,(˶˃ ᵕ ˂˶)(,,>﹏<,,)(⇀‸↼‶)
Alphabet,0,1305,(˶˃ ᵕ ˂˶)(,,>﹏<,,)(⇀‸↼‶)
Alphabet,0,1306,(˶˃ ᵕ ˂˶)(,,>﹏<,,)(⇀‸↼‶)
Alphabet,0,1307,(˶˃ ᵕ ˂˶)(,,>﹏<,,)(⇀‸↼‶)
Alphabet,0,1308,(˶˃ ᵕ ˂˶)(,,>﹏<,,)(⇀‸↼‶)
Alphabet,0,1309,(˶˃ ᵕ ˂˶)(,,>﹏<,,)(⇀‸↼‶)
Alphabet,0,1310,(˶˃ ᵕ ˂˶)(,,>﹏<,,)(⇀‸↼‶)
Alphabet,0,1311,(˶˃ ᵕ ˂˶)(,,>﹏<,,)(⇀‸↼‶)
Alphabet,0,1313,(˶˃ ᵕ ˂˶)(,,>﹏<,,)(⇀‸↼‶)
Alphabet,0,1314,(˶˃ ᵕ ˂˶)(,,>﹏<,,)(⇀‸↼‶)
Alphabet,0,1315,(˶˃ ᵕ ˂˶)(,,>﹏<,,)(⇀‸↼‶)
Alphabet,0,1316,(˶˃ ᵕ ˂˶)(,,>﹏<,,)(⇀‸↼‶)
Alphabet,0,1317,(˶˃ ᵕ ˂˶)(,,>﹏<,,)(⇀‸↼‶)
Alphabet,0,1318,(˶˃ ᵕ ˂˶)(,,>﹏<,,)(⇀‸↼‶)
Alphabet,0,1319,(˶˃ ᵕ ˂˶)(,,>﹏<,,)(⇀‸↼‶)
Alphabet,0,1320,(˶˃ ᵕ ˂˶)(,,>﹏<,,)(⇀‸↼‶)
Alphabet,0,1321,(˶˃ ᵕ ˂˶)(,,>﹏<,,)(⇀‸↼‶)
Alphabet,0,1322,(˶˃ ᵕ ˂˶)(,,>﹏<,,)(⇀‸↼‶)
Alphabet,0,1323,(˶˃ ᵕ ˂˶)(,,>﹏<,,)(⇀‸↼‶)
Alphabet,0,1324,(˶˃ ᵕ ˂˶)(,,>﹏<,,)(⇀‸↼‶)
Alphabet,0,1325,(˶˃ ᵕ ˂˶)(,,>﹏<,,)(⇀‸↼‶)
Alphabet,0,1327,(˶˃ ᵕ ˂˶)(,,>﹏<,,)(⇀‸↼‶)
Alphabet,0,1328,(˶˃ ᵕ ˂˶)(,,>﹏<,,)(⇀‸↼‶)
Alphabet,0,1329,(˶˃ ᵕ ˂˶)(,,>﹏<,,)(⇀‸↼‶)
Alphabet,0,1330,(˶˃ ᵕ ˂˶)(,,>﹏<,,)(⇀‸↼‶)
Alphabet,0,1331,(˶˃ ᵕ ˂˶)(,,>﹏<,,)(⇀‸↼‶)
Alphabet,0,1332,(˶˃ ᵕ ˂˶)(,,>﹏<,,)(⇀‸↼‶)
Alphabet,0,1333,(˶˃ ᵕ ˂˶)(,,>﹏<,,)(⇀‸↼‶)
Alphabet,0,1334,(˶˃ ᵕ ˂˶)(,,>﹏<,,)(⇀‸↼‶)
Alphabet,0,1335,(˶˃ ᵕ ˂˶)(,,>﹏<,,)(⇀‸↼‶)
Alphabet,0,1336,(˶˃ ᵕ ˂˶)(,,>﹏<,,)(⇀‸↼‶)
Alphabet,0,1337,(˶˃ ᵕ ˂˶)(,,>﹏<,,)(⇀‸↼‶)
Alphabet,0,1338,(˶˃ ᵕ ˂˶)(,,>﹏<,,)(⇀‸↼‶)
Alphabet,0,1339,(˶˃ ᵕ ˂˶)(,,>﹏<,,)(⇀‸↼‶)
Alphabet,0,1340,(˶˃ ᵕ ˂˶)(,,>﹏<,,)(⇀‸↼‶)
Alphabet,0,1341,(˶˃ ᵕ ˂˶)(,,>﹏<,,)(⇀‸↼‶)
Alphabet,0,1342,(˶˃ ᵕ ˂˶)(,,>﹏<,,)(⇀‸↼‶)
Alphabet,0,1343,(˶˃ ᵕ ˂˶)(,,>﹏<,,)(⇀‸↼‶)
Alphabet,0,1344,(˶˃ ᵕ ˂˶)(,,>﹏<,,)(⇀‸↼‶)
Alphabet,0,1345,(˶˃ ᵕ ˂˶)(,,>﹏<,,)(⇀‸↼‶)
Alphabet,0,1346,(˶˃ ᵕ ˂˶)(,,>﹏<,,)(⇀‸↼‶)
Alphabet,0,1347,(˶˃ ᵕ ˂˶)(,,>﹏<,,)(⇀‸↼‶)
Alphabet,0,1348,(˶˃ ᵕ ˂˶)(,,>﹏<,,)(⇀‸↼‶)
Alphabet,0,1349,(˶˃ ᵕ ˂˶)(,,>﹏<,,)(⇀‸↼‶)
Alphabet,0,1350,(˶˃ ᵕ ˂˶)(,,>﹏<,,)(⇀‸↼‶)
Alphabet,0,1351,(˶˃ ᵕ ˂˶)(,,>﹏<,,)(⇀‸↼‶)
Alphabet,0,1352,(˶˃ ᵕ ˂˶)(,,>﹏<,,)(⇀‸↼‶)
Alphabet,0,1353,(˶˃ ᵕ ˂˶)(,,>﹏<,,)(⇀‸↼‶)
Alphabet,0,1354,(˶˃ ᵕ ˂˶)(,,>﹏<,,)(⇀‸↼‶)
Alphabet,0,1355,(˶˃ ᵕ ˂˶)(,,>﹏<,,)(⇀‸↼‶)
Alphabet,0,1356,(˶˃ ᵕ ˂˶)(,,>﹏<,,)(⇀‸↼‶)
Alphabet,0,1357,(˶˃ ᵕ ˂˶)(,,>﹏<,,)(⇀‸↼‶)
Alphabet,0,1358,(˶˃ ᵕ ˂˶)(,,>﹏<,,)(⇀‸↼‶)
Alphabet,0,1359,(˶˃ ᵕ ˂˶)(,,>﹏<,,)(⇀‸↼‶)
Alphabet,0,1360,(˶˃ ᵕ ˂˶)(,,>﹏<,,)(⇀‸↼‶)
Alphabet,0,1361,(˶˃ ᵕ ˂˶)(,,>﹏<,,)(⇀‸↼‶)
Alphabet,0,1362,(˶˃ ᵕ ˂˶)(,,>﹏<,,)(⇀‸↼‶)
Alphabet,0,1363,(˶˃ ᵕ ˂˶)(,,>﹏<,,)(⇀‸↼‶)
Alphabet,0,1364,(˶˃ ᵕ ˂˶)(,,>﹏<,,)(⇀‸↼‶)
Alphabet,0,1365,(˶˃ ᵕ ˂˶)(,,>﹏<,,)(⇀‸↼‶)
Alphabet,0,1366,(˶˃ ᵕ ˂˶)(,,>﹏<,,)(⇀‸↼‶)
Alphabet,0,1367,(˶˃ ᵕ ˂˶)(,,>﹏<,,)(⇀‸↼‶)
Alphabet,0,1368,(˶˃ ᵕ ˂˶)(,,>﹏<,,)(⇀‸↼‶)
Alphabet,0,1369,(˶˃ ᵕ ˂˶)(,,>﹏<,,)(⇀‸↼‶)
Alphabet,0,1370,(˶˃ ᵕ ˂˶)(,,>﹏<,,)(⇀‸↼‶)
Alphabet,0,1371,(˶˃ ᵕ ˂˶)(,,>﹏<,,)(⇀‸↼‶)
Alphabet,0,1372,(˶˃ ᵕ ˂˶)(,,>﹏<,,)(⇀‸↼‶)
Alphabet,0,1373,(˶˃ ᵕ ˂˶)(,,>﹏<,,)(⇀‸↼‶)
Alphabet,0,1374,(˶˃ ᵕ ˂˶)(,,>﹏<,,)(⇀‸↼‶)
Alphabet,0,1375,(˶˃ ᵕ ˂˶)(,,>﹏<,,)(⇀‸↼‶)
Alphabet,0,1376,(˶˃ ᵕ ˂˶)(,,>﹏<,,)(⇀‸↼‶)
Alphabet,0,1377,(˶˃ ᵕ ˂˶)(,,>﹏<,,)(⇀‸↼‶)
Alphabet,0,1378,(˶˃ ᵕ ˂˶)(,,>﹏<,,)(⇀‸↼‶)
Alphabet,0,1379,(˶˃ ᵕ ˂˶)(,,>﹏<,,)(⇀‸↼‶)
Alphabet,0,1380,(˶˃ ᵕ ˂˶)(,,>﹏<,,)(⇀‸↼‶)
Alphabet,0,1381,(˶˃ ᵕ ˂˶)(,,>﹏<,,)(⇀‸↼‶)
Alphabet,0,1382,(˶˃ ᵕ ˂˶)(,,>﹏<,,)(⇀‸↼‶)
Alphabet,0,1383,(˶˃ ᵕ ˂˶)(,,>﹏<,,)(⇀‸↼‶)
Alphabet,0,1384,(˶˃ ᵕ ˂˶)(,,>﹏<,,)(⇀‸↼‶)
Alphabet,0,1385,(˶˃ ᵕ ˂˶)(,,>﹏<,,)(⇀‸↼‶)
Alphabet,0,1386,(˶˃ ᵕ ˂˶)(,,>﹏<,,)(⇀‸↼‶)
Alphabet,0,1387,(˶˃ ᵕ ˂˶)(,,>﹏<,,)(⇀‸↼‶)
Alphabet,0,1388,(˶˃ ᵕ ˂˶)(,,>﹏<,,)(⇀‸↼‶)
Alphabet,0,1389,(˶˃ ᵕ ˂˶)(,,>﹏<,,)(⇀‸↼‶)
Alphabet,0,1390,(˶˃ ᵕ ˂˶)(,,>﹏<,,)(⇀‸↼‶)
Alphabet,0,1391,(˶˃ ᵕ ˂˶)(,,>﹏<,,)(⇀‸↼‶)
Alphabet,0,1392,(˶˃ ᵕ ˂˶)(,,>﹏<,,)(⇀‸↼‶)
Alphabet,0,1393,(˶˃ ᵕ ˂˶)(,,>﹏<,,)(⇀‸↼‶)
Alphabet,0,1394,(˶˃ ᵕ ˂˶)(,,>﹏<,,)(⇀‸↼‶)
Alphabet,0,1395,(˶˃ ᵕ ˂˶)(,,>﹏<,,)(⇀‸↼‶)
Alphabet,0,1396,(˶˃ ᵕ ˂˶)(,,>﹏<,,)(⇀‸↼‶)
Alphabet,0,1397,(˶˃ ᵕ ˂˶)(,,>﹏<,,)(⇀‸↼‶)
Alphabet,0,1398,(˶˃ ᵕ ˂˶)(,,>﹏<,,)(⇀‸↼‶)
Alphabet,0,1400,(˶˃ ᵕ ˂˶)(,,>﹏<,,)(⇀‸↼‶)
Alphabet,0,1402,(˶˃ ᵕ ˂˶)(,,>﹏<,,)(⇀‸↼‶)
Alphabet,0,1403,(˶˃ ᵕ ˂˶)(,,>﹏<,,)(⇀‸↼‶)
Alphabet,0,1404,(˶˃ ᵕ ˂˶)(,,>﹏<,,)(⇀‸↼‶)
Alphabet,0,1405,(˶˃ ᵕ ˂˶)(,,>﹏<,,)(⇀‸↼‶)
Alphabet,0,1406,(˶˃ ᵕ ˂˶)(,,>﹏<,,)(⇀‸↼‶)
Alphabet,0,1407,(˶˃ ᵕ ˂˶)(,,>﹏<,,)(⇀‸↼‶)
Alphabet,0,1408,(˶˃ ᵕ ˂˶)(,,>﹏<,,)(⇀‸↼‶)
Alphabet,0,1409,(˶˃ ᵕ ˂˶)(,,>﹏<,,)(⇀‸↼‶)
Alphabet,0,1410,(˶˃ ᵕ ˂˶)(,,>﹏<,,)(⇀‸↼‶)
Alphabet,0,1411,(˶˃ ᵕ ˂˶)(,,>﹏<,,)(⇀‸↼‶)
Alphabet,0,1412,(˶˃ ᵕ ˂˶)(,,>﹏<,,)(⇀‸↼‶)
Alphabet,0,1415,(˶˃ ᵕ ˂˶)(,,>﹏<,,)(⇀‸↼‶)
Alphabet,0,1416,(˶˃ ᵕ ˂˶)(,,>﹏<,,)(⇀‸↼‶)
Alphabet,0,1417,(˶˃ ᵕ ˂˶)(,,>﹏<,,)(⇀‸↼‶)
Alphabet,0,1418,(˶˃ ᵕ ˂˶)(,,>﹏<,,)(⇀‸↼‶)
Alphabet,0,1419,(˶˃ ᵕ ˂˶)(,,>﹏<,,)(⇀‸↼‶)
Alphabet,0,1420,(˶˃ ᵕ ˂˶)(,,>﹏<,,)(⇀‸↼‶)
Alphabet,0,1421,(˶˃ ᵕ ˂˶)(,,>﹏<,,)(⇀‸↼‶)
Alphabet,0,1422,(˶˃ ᵕ ˂˶)(,,>﹏<,,)(⇀‸↼‶)
Alphabet,0,1423,(˶˃ ᵕ ˂˶)(,,>﹏<,,)(⇀‸↼‶)
Alphabet,0,1424,(˶˃ ᵕ ˂˶)(,,>﹏<,,)(⇀‸↼‶)
Alphabet,0,1425,(˶˃ ᵕ ˂˶)(,,>﹏<,,)(⇀‸↼‶)
Alphabet,0,1426,(˶˃ ᵕ ˂˶)(,,>﹏<,,)(⇀‸↼‶)
Alphabet,0,1427,(˶˃ ᵕ ˂˶)(,,>﹏<,,)(⇀‸↼‶)
Alphabet,0,1428,(˶˃ ᵕ ˂˶)(,,>﹏<,,)(⇀‸↼‶)
Alphabet,0,1429,(˶˃ ᵕ ˂˶)(,,>﹏<,,)(⇀‸↼‶)
Alphabet,0,1430,(˶˃ ᵕ ˂˶)(,,>﹏<,,)(⇀‸↼‶)
Alphabet,0,1431,(˶˃ ᵕ ˂˶)(,,>﹏<,,)(⇀‸↼‶)
Alphabet,0,1432,(˶˃ ᵕ ˂˶)(,,>﹏<,,)(⇀‸↼‶)
Alphabet,0,1433,(˶˃ ᵕ ˂˶)(,,>﹏<,,)(⇀‸↼‶)
Alphabet,0,1434,(˶˃ ᵕ ˂˶)(,,>﹏<,,)(⇀‸↼‶)
Alphabet,0,1435,(˶˃ ᵕ ˂˶)(,,>﹏<,,)(⇀‸↼‶)
Alphabet,0,1436,(˶˃ ᵕ ˂˶)(,,>﹏<,,)(⇀‸↼‶)
Alphabet,0,1437,(˶˃ ᵕ ˂˶)(,,>﹏<,,)(⇀‸↼‶)
Alphabet,0,1438,(˶˃ ᵕ ˂˶)(,,>﹏<,,)(⇀‸↼‶)
Alphabet,0,1439,(˶˃ ᵕ ˂˶)(,,>﹏<,,)(⇀‸↼‶)
Alphabet,0,1440,(˶˃ ᵕ ˂˶)(,,>﹏<,,)(⇀‸↼‶)
Alphabet,0,1441,(˶˃ ᵕ ˂˶)(,,>﹏<,,)(⇀‸↼‶)
Alphabet,0,1442,(˶˃ ᵕ ˂˶)(,,>﹏<,,)(⇀‸↼‶)
Alphabet,0,1443,(˶˃ ᵕ ˂˶)(,,>﹏<,,)(⇀‸↼‶)
Alphabet,0,1444,(˶˃ ᵕ ˂˶)(,,>﹏<,,)(⇀‸↼‶)
Alphabet,0,1445,(˶˃ ᵕ ˂˶)(,,>﹏<,,)(⇀‸↼‶)
Alphabet,0,1446,(˶˃ ᵕ ˂˶)(,,>﹏<,,)(⇀‸↼‶)
Alphabet,0,1447,(˶˃ ᵕ ˂˶)(,,>﹏<,,)(⇀‸↼‶)
Alphabet,0,1448,(˶˃ ᵕ ˂˶)(,,>﹏<,,)(⇀‸↼‶)
Alphabet,0,1449,(˶˃ ᵕ ˂˶)(,,>﹏<,,)(⇀‸↼‶)
Alphabet,0,1450,(˶˃ ᵕ ˂˶)(,,>﹏<,,)(⇀‸↼‶)
Alphabet,0,1451,(˶˃ ᵕ ˂˶)(,,>﹏<,,)(⇀‸↼‶)
Alphabet,0,1452,(˶˃ ᵕ ˂˶)(,,>﹏<,,)(⇀‸↼‶)
Alphabet,0,1453,(˶˃ ᵕ ˂˶)(,,>﹏<,,)(⇀‸↼‶)
Alphabet,0,1454,(˶˃ ᵕ ˂˶)(,,>﹏<,,)(⇀‸↼‶)
Alphabet,0,1455,(˶˃ ᵕ ˂˶)(,,>﹏<,,)(⇀‸↼‶)
Alphabet,0,1456,(˶˃ ᵕ ˂˶)(,,>﹏<,,)(⇀‸↼‶)
Alphabet,0,1457,(˶˃ ᵕ ˂˶)(,,>﹏<,,)(⇀‸↼‶)
Alphabet,0,1458,(˶˃ ᵕ ˂˶)(,,>﹏<,,)(⇀‸↼‶)
Alphabet,0,1459,(˶˃ ᵕ ˂˶)(,,>﹏<,,)(⇀‸↼‶)
Alphabet,0,1460,(˶˃ ᵕ ˂˶)(,,>﹏<,,)(⇀‸↼‶)
Alphabet,0,1461,(˶˃ ᵕ ˂˶)(,,>﹏<,,)(⇀‸↼‶)
Alphabet,0,1462,(˶˃ ᵕ ˂˶)(,,>﹏<,,)(⇀‸↼‶)
Alphabet,0,1463,(˶˃ ᵕ ˂˶)(,,>﹏<,,)(⇀‸↼‶)
Alphabet,0,1464,(˶˃ ᵕ ˂˶)(,,>﹏<,,)(⇀‸↼‶)
Alphabet,0,1465,(˶˃ ᵕ ˂˶)(,,>﹏<,,)(⇀‸↼‶)
Alphabet,0,1466,(˶˃ ᵕ ˂˶)(,,>﹏<,,)(⇀‸↼‶)
Alphabet,0,1467,(˶˃ ᵕ ˂˶)(,,>﹏<,,)(⇀‸↼‶)
Alphabet,0,1468,(˶˃ ᵕ ˂˶)(,,>﹏<,,)(⇀‸↼‶)
Alphabet,0,1469,(˶˃ ᵕ ˂˶)(,,>﹏<,,)(⇀‸↼‶)
Alphabet,0,1470,(˶˃ ᵕ ˂˶)(,,>﹏<,,)(⇀‸↼‶)
Alphabet,0,1471,(˶˃ ᵕ ˂˶)(,,>﹏<,,)(⇀‸↼‶)
Alphabet,0,1472,(˶˃ ᵕ ˂˶)(,,>﹏<,,)(⇀‸↼‶)
Alphabet,0,1473,(˶˃ ᵕ ˂˶)(,,>﹏<,,)(⇀‸↼‶)
Alphabet,0,1474,(˶˃ ᵕ ˂˶)(,,>﹏<,,)(⇀‸↼‶)
Alphabet,0,1475,(˶˃ ᵕ ˂˶)(,,>﹏<,,)(⇀‸↼‶)
Alphabet,0,1476,(˶˃ ᵕ ˂˶)(,,>﹏<,,)(⇀‸↼‶)
Alphabet,0,1477,(˶˃ ᵕ ˂˶)(,,>﹏<,,)(⇀‸↼‶)
Alphabet,0,1478,(˶˃ ᵕ ˂˶)(,,>﹏<,,)(⇀‸↼‶)
Alphabet,0,1479,(˶˃ ᵕ ˂˶)(,,>﹏<,,)(⇀‸↼‶)
Alphabet,0,1480,(˶˃ ᵕ ˂˶)(,,>﹏<,,)(⇀‸↼‶)
Alphabet,0,1481,(˶˃ ᵕ ˂˶)(,,>﹏<,,)(⇀‸↼‶)
Alphabet,0,1482,(˶˃ ᵕ ˂˶)(,,>﹏<,,)(⇀‸↼‶)
Alphabet,0,1483,(˶˃ ᵕ ˂˶)(,,>﹏<,,)(⇀‸↼‶)
Alphabet,0,1484,(˶˃ ᵕ ˂˶)(,,>﹏<,,)(⇀‸↼‶)
Alphabet,0,1485,(˶˃ ᵕ ˂˶)(,,>﹏<,,)(⇀‸↼‶)
Alphabet,0,1486,(˶˃ ᵕ ˂˶)(,,>﹏<,,)(⇀‸↼‶)
Alphabet,0,1487,(˶˃ ᵕ ˂˶)(,,>﹏<,,)(⇀‸↼‶)
Alphabet,0,1488,(˶˃ ᵕ ˂˶)(,,>﹏<,,)(⇀‸↼‶)
Alphabet,0,1489,(˶˃ ᵕ ˂˶)(,,>﹏<,,)(⇀‸↼‶)
Alphabet,0,1490,(˶˃ ᵕ ˂˶)(,,>﹏<,,)(⇀‸↼‶)
Alphabet,0,1491,(˶˃ ᵕ ˂˶)(,,>﹏<,,)(⇀‸↼‶)
Alphabet,0,1492,(˶˃ ᵕ ˂˶)(,,>﹏<,,)(⇀‸↼‶)
Alphabet,0,1493,(˶˃ ᵕ ˂˶)(,,>﹏<,,)(⇀‸↼‶)
Alphabet,0,1494,(˶˃ ᵕ ˂˶)(,,>﹏<,,)(⇀‸↼‶)
Alphabet,0,1495,(˶˃ ᵕ ˂˶)(,,>﹏<,,)(⇀‸↼‶)
Alphabet,0,1496,(˶˃ ᵕ ˂˶)(,,>﹏<,,)(⇀‸↼‶)
Alphabet,0,1497,(˶˃ ᵕ ˂˶)(,,>﹏<,,)(⇀‸↼‶)
Alphabet,0,1498,(˶˃ ᵕ ˂˶)(,,>﹏<,,)(⇀‸↼‶)
Alphabet,0,1499,(˶˃ ᵕ ˂˶)(,,>﹏<,,)(⇀‸↼‶)
Alphabet,0,1500,(˶˃ ᵕ ˂˶)(,,>﹏<,,)(⇀‸↼‶)
Alphabet,0,1501,(˶˃ ᵕ ˂˶)(,,>﹏<,,)(⇀‸↼‶)
Alphabet,0,1502,(˶˃ ᵕ ˂˶)(,,>﹏<,,)(⇀‸↼‶)
Alphabet,0,1503,(˶˃ ᵕ ˂˶)(,,>﹏<,,)(⇀‸↼‶)
Alphabet,0,1504,(˶˃ ᵕ ˂˶)(,,>﹏<,,)(⇀‸↼‶)
Alphabet,0,1505,(˶˃ ᵕ ˂˶)(,,>﹏<,,)(⇀‸↼‶)
Alphabet,0,1506,(˶˃ ᵕ ˂˶)(,,>﹏<,,)(⇀‸↼‶)
Alphabet,0,1507,(˶˃ ᵕ ˂˶)(,,>﹏<,,)(⇀‸↼‶)
Alphabet,0,1508,(˶˃ ᵕ ˂˶)(,,>﹏<,,)(⇀‸↼‶)
Alphabet,0,1509,(˶˃ ᵕ ˂˶)(,,>﹏<,,)(⇀‸↼‶)
Alphabet,0,1510,(˶˃ ᵕ ˂˶)(,,>﹏<,,)(⇀‸↼‶)
Alphabet,0,1511,(˶˃ ᵕ ˂˶)(,,>﹏<,,)(⇀‸↼‶)
Alphabet,0,1512,(˶˃ ᵕ ˂˶)(,,>﹏<,,)(⇀‸↼‶)
Alphabet,0,1513,(˶˃ ᵕ ˂˶)(,,>﹏<,,)(⇀‸↼‶)
Alphabet,0,1514,(˶˃ ᵕ ˂˶)(,,>﹏<,,)(⇀‸↼‶)
Alphabet,0,1515,(˶˃ ᵕ ˂˶)(,,>﹏<,,)(⇀‸↼‶)
Alphabet,0,1516,(˶˃ ᵕ ˂˶)(,,>﹏<,,)(⇀‸↼‶)
Alphabet,0,1517,(˶˃ ᵕ ˂˶)(,,>﹏<,,)(⇀‸↼‶)
Alphabet,0,1518,(˶˃ ᵕ ˂˶)(,,>﹏<,,)(⇀‸↼‶)
Alphabet,0,1519,(˶˃ ᵕ ˂˶)(,,>﹏<,,)(⇀‸↼‶)
Alphabet,0,1521,(˶˃ ᵕ ˂˶)(,,>﹏<,,)(⇀‸↼‶)
Alphabet,0,1522,(˶˃ ᵕ ˂˶)(,,>﹏<,,)(⇀‸↼‶)
Alphabet,0,1523,(˶˃ ᵕ ˂˶)(,,>﹏<,,)(⇀‸↼‶)
Alphabet,0,1524,(˶˃ ᵕ ˂˶)(,,>﹏<,,)(⇀‸↼‶)
Alphabet,0,1525,(˶˃ ᵕ ˂˶)(,,>﹏<,,)(⇀‸↼‶)
Alphabet,0,1526,(˶˃ ᵕ ˂˶)(,,>﹏<,,)(⇀‸↼‶)
Alphabet,0,1527,(˶˃ ᵕ ˂˶)(,,>﹏<,,)(⇀‸↼‶)
Alphabet,0,1528,(˶˃ ᵕ ˂˶)(,,>﹏<,,)(⇀‸↼‶)
Alphabet,0,1529,(˶˃ ᵕ ˂˶)(,,>﹏<,,)(⇀‸↼‶)
Alphabet,0,1530,(˶˃ ᵕ ˂˶)(,,>﹏<,,)(⇀‸↼‶)
Alphabet,0,1531,(˶˃ ᵕ ˂˶)(,,>﹏<,,)(⇀‸↼‶)
Alphabet,0,1532,(˶˃ ᵕ ˂˶)(,,>﹏<,,)(⇀‸↼‶)
Alphabet,0,1533,(˶˃ ᵕ ˂˶)(,,>﹏<,,)(⇀‸↼‶)
Alphabet,0,1534,(˶˃ ᵕ ˂˶)(,,>﹏<,,)(⇀‸↼‶)
Alphabet,0,1535,(˶˃ ᵕ ˂˶)(,,>﹏<,,)(⇀‸↼‶)
Alphabet,0,1536,(˶˃ ᵕ ˂˶)(,,>﹏<,,)(⇀‸↼‶)
Alphabet,0,1537,(˶˃ ᵕ ˂˶)(,,>﹏<,,)(⇀‸↼‶)
Alphabet,0,1538,(˶˃ ᵕ ˂˶)(,,>﹏<,,)(⇀‸↼‶)
Alphabet,0,1539,(˶˃ ᵕ ˂˶)(,,>﹏<,,)(⇀‸↼‶)
Alphabet,0,1540,(˶˃ ᵕ ˂˶)(,,>﹏<,,)(⇀‸↼‶)
Alphabet,0,1541,(˶˃ ᵕ ˂˶)(,,>﹏<,,)(⇀‸↼‶)
Alphabet,0,1543,(˶˃ ᵕ ˂˶)(,,>﹏<,,)(⇀‸↼‶)
Alphabet,0,1544,(˶˃ ᵕ ˂˶)(,,>﹏<,,)(⇀‸↼‶)
Alphabet,0,1545,(˶˃ ᵕ ˂˶)(,,>﹏<,,)(⇀‸↼‶)
Alphabet,0,1546,(˶˃ ᵕ ˂˶)(,,>﹏<,,)(⇀‸↼‶)
Alphabet,0,1547,(˶˃ ᵕ ˂˶)(,,>﹏<,,)(⇀‸↼‶)
Alphabet,0,1548,(˶˃ ᵕ ˂˶)(,,>﹏<,,)(⇀‸↼‶)
Alphabet,0,1549,(˶˃ ᵕ ˂˶)(,,>﹏<,,)(⇀‸↼‶)
Alphabet,0,1550,(˶˃ ᵕ ˂˶)(,,>﹏<,,)(⇀‸↼‶)
Alphabet,0,1551,(˶˃ ᵕ ˂˶)(,,>﹏<,,)(⇀‸↼‶)
Alphabet,0,1552,(˶˃ ᵕ ˂˶)(,,>﹏<,,)(⇀‸↼‶)
Alphabet,0,1553,(˶˃ ᵕ ˂˶)(,,>﹏<,,)(⇀‸↼‶)
Alphabet,0,1554,(˶˃ ᵕ ˂˶)(,,>﹏<,,)(⇀‸↼‶)
Alphabet,0,1555,(˶˃ ᵕ ˂˶)(,,>﹏<,,)(⇀‸↼‶)
Alphabet,0,1556,(˶˃ ᵕ ˂˶)(,,>﹏<,,)(⇀‸↼‶)
Alphabet,0,1557,(˶˃ ᵕ ˂˶)(,,>﹏<,,)(⇀‸↼‶)
Alphabet,0,1558,(˶˃ ᵕ ˂˶)(,,>﹏<,,)(⇀‸↼‶)
Alphabet,0,1559,(˶˃ ᵕ ˂˶)(,,>﹏<,,)(⇀‸↼‶)
Alphabet,0,1560,(˶˃ ᵕ ˂˶)(,,>﹏<,,)(⇀‸↼‶)
Alphabet,0,1561,(˶˃ ᵕ ˂˶)(,,>﹏<,,)(⇀‸↼‶)
Alphabet,0,1562,(˶˃ ᵕ ˂˶)(,,>﹏<,,)(⇀‸↼‶)
Alphabet,0,1563,(˶˃ ᵕ ˂˶)(,,>﹏<,,)(⇀‸↼‶)
Alphabet,0,1564,(˶˃ ᵕ ˂˶)(,,>﹏<,,)(⇀‸↼‶)
Alphabet,0,1565,(˶˃ ᵕ ˂˶)(,,>﹏<,,)(⇀‸↼‶)
Alphabet,0,1566,(˶˃ ᵕ ˂˶)(,,>﹏<,,)(⇀‸↼‶)
Alphabet,0,1567,(˶˃ ᵕ ˂˶)(,,>﹏<,,)(⇀‸↼‶)
Alphabet,0,1568,(˶˃ ᵕ ˂˶)(,,>﹏<,,)(⇀‸↼‶)
Alphabet,0,1569,(˶˃ ᵕ ˂˶)(,,>﹏<,,)(⇀‸↼‶)
Alphabet,0,1570,(˶˃ ᵕ ˂˶)(,,>﹏<,,)(⇀‸↼‶)
Alphabet,0,1571,(˶˃ ᵕ ˂˶)(,,>﹏<,,)(⇀‸↼‶)
Alphabet,0,1572,(˶˃ ᵕ ˂˶)(,,>﹏<,,)(⇀‸↼‶)
Alphabet,0,1573,(˶˃ ᵕ ˂˶)(,,>﹏<,,)(⇀‸↼‶)
Alphabet,0,1574,(˶˃ ᵕ ˂˶)(,,>﹏<,,)(⇀‸↼‶)
Alphabet,0,1575,(˶˃ ᵕ ˂˶)(,,>﹏<,,)(⇀‸↼‶)
Alphabet,0,1576,(˶˃ ᵕ ˂˶)(,,>﹏<,,)(⇀‸↼‶)
Alphabet,0,1577,(˶˃ ᵕ ˂˶)(,,>﹏<,,)(⇀‸↼‶)
Alphabet,0,1578,(˶˃ ᵕ ˂˶)(,,>﹏<,,)(⇀‸↼‶)
Alphabet,0,1579,(˶˃ ᵕ ˂˶)(,,>﹏<,,)(⇀‸↼‶)
Alphabet,0,1580,(˶˃ ᵕ ˂˶)(,,>﹏<,,)(⇀‸↼‶)
Alphabet,0,1581,(˶˃ ᵕ ˂˶)(,,>﹏<,,)(⇀‸↼‶)
Alphabet,0,1582,(˶˃ ᵕ ˂˶)(,,>﹏<,,)(⇀‸↼‶)
Alphabet,0,1583,(˶˃ ᵕ ˂˶)(,,>﹏<,,)(⇀‸↼‶)
Alphabet,0,1584,(˶˃ ᵕ ˂˶)(,,>﹏<,,)(⇀‸↼‶)
Alphabet,0,1585,(˶˃ ᵕ ˂˶)(,,>﹏<,,)(⇀‸↼‶)
Alphabet,0,1586,(˶˃ ᵕ ˂˶)(,,>﹏<,,)(⇀‸↼‶)
Alphabet,0,1587,(˶˃ ᵕ ˂˶)(,,>﹏<,,)(⇀‸↼‶)
Alphabet,0,1588,(˶˃ ᵕ ˂˶)(,,>﹏<,,)(⇀‸↼‶)
Alphabet,0,1589,(˶˃ ᵕ ˂˶)(,,>﹏<,,)(⇀‸↼‶)
Alphabet,0,1590,(˶˃ ᵕ ˂˶)(,,>﹏<,,)(⇀‸↼‶)
Alphabet,0,1591,(˶˃ ᵕ ˂˶)(,,>﹏<,,)(⇀‸↼‶)
Alphabet,0,1592,(˶˃ ᵕ ˂˶)(,,>﹏<,,)(⇀‸↼‶)
Alphabet,0,1593,(˶˃ ᵕ ˂˶)(,,>﹏<,,)(⇀‸↼‶)
Alphabet,0,1594,(˶˃ ᵕ ˂˶)(,,>﹏<,,)(⇀‸↼‶)
Alphabet,0,1595,(˶˃ ᵕ ˂˶)(,,>﹏<,,)(⇀‸↼‶)
Alphabet,0,1596,(˶˃ ᵕ ˂˶)(,,>﹏<,,)(⇀‸↼‶)
Alphabet,0,1597,(˶˃ ᵕ ˂˶)(,,>﹏<,,)(⇀‸↼‶)
Alphabet,0,1598,(˶˃ ᵕ ˂˶)(,,>﹏<,,)(⇀‸↼‶)
Alphabet,0,1599,(˶˃ ᵕ ˂˶)(,,>﹏<,,)(⇀‸↼‶)
Alphabet,0,1600,(˶˃ ᵕ ˂˶)(,,>﹏<,,)(⇀‸↼‶)
Alphabet,0,1601,(˶˃ ᵕ ˂˶)(,,>﹏<,,)(⇀‸↼‶)
Alphabet,0,1603,(˶˃ ᵕ ˂˶)(,,>﹏<,,)(⇀‸↼‶)
Alphabet,0,1604,(˶˃ ᵕ ˂˶)(,,>﹏<,,)(⇀‸↼‶)
Alphabet,0,1605,(˶˃ ᵕ ˂˶)(,,>﹏<,,)(⇀‸↼‶)
Alphabet,0,1614,(˶˃ ᵕ ˂˶)(,,>﹏<,,)(⇀‸↼‶)
Alphabet,0,1615,(˶˃ ᵕ ˂˶)(,,>﹏<,,)(⇀‸↼‶)
Alphabet,0,1616,(˶˃ ᵕ ˂˶)(,,>﹏<,,)(⇀‸↼‶)
Alphabet,0,1617,(˶˃ ᵕ ˂˶)(,,>﹏<,,)(⇀‸↼‶)
Alphabet,0,1618,(˶˃ ᵕ ˂˶)(,,>﹏<,,)(⇀‸↼‶)
Alphabet,0,1619,(˶˃ ᵕ ˂˶)(,,>﹏<,,)(⇀‸↼‶)
Alphabet,0,1620,(˶˃ ᵕ ˂˶)(,,>﹏<,,)(⇀‸↼‶)
Alphabet,0,1621,(˶˃ ᵕ ˂˶)(,,>﹏<,,)(⇀‸↼‶)
Alphabet,0,1622,(˶˃ ᵕ ˂˶)(,,>﹏<,,)(⇀‸↼‶)
Alphabet,0,1623,(˶˃ ᵕ ˂˶)(,,>﹏<,,)(⇀‸↼‶)
Alphabet,0,1624,(˶˃ ᵕ ˂˶)(,,>﹏<,,)(⇀‸↼‶)
Alphabet,0,1625,(˶˃ ᵕ ˂˶)(,,>﹏<,,)(⇀‸↼‶)
Alphabet,0,1626,(˶˃ ᵕ ˂˶)(,,>﹏<,,)(⇀‸↼‶)
Alphabet,0,1627,(˶˃ ᵕ ˂˶)(,,>﹏<,,)(⇀‸↼‶)
Alphabet,0,1628,(˶˃ ᵕ ˂˶)(,,>﹏<,,)(⇀‸↼‶)
Alphabet,0,1629,(˶˃ ᵕ ˂˶)(,,>﹏<,,)(⇀‸↼‶)
Alphabet,0,1630,(˶˃ ᵕ ˂˶)(,,>﹏<,,)(⇀‸↼‶)
Alphabet,0,1631,(˶˃ ᵕ ˂˶)(,,>﹏<,,)(⇀‸↼‶)
Alphabet,0,1632,(˶˃ ᵕ ˂˶)(,,>﹏<,,)(⇀‸↼‶)
Alphabet,0,1633,(˶˃ ᵕ ˂˶)(,,>﹏<,,)(⇀‸↼‶)
Alphabet,0,1634,(˶˃ ᵕ ˂˶)(,,>﹏<,,)(⇀‸↼‶)
Alphabet,0,1635,(˶˃ ᵕ ˂˶)(,,>﹏<,,)(⇀‸↼‶)
Alphabet,0,1636,(˶˃ ᵕ ˂˶)(,,>﹏<,,)(⇀‸↼‶)
Alphabet,0,1637,(˶˃ ᵕ ˂˶)(,,>﹏<,,)(⇀‸↼‶)
Alphabet,0,1638,(˶˃ ᵕ ˂˶)(,,>﹏<,,)(⇀‸↼‶)
Alphabet,0,1639,(˶˃ ᵕ ˂˶)(,,>﹏<,,)(⇀‸↼‶)
Alphabet,0,1640,(˶˃ ᵕ ˂˶)(,,>﹏<,,)(⇀‸↼‶)
Alphabet,0,1641,(˶˃ ᵕ ˂˶)(,,>﹏<,,)(⇀‸↼‶)
Alphabet,0,1643,(˶˃ ᵕ ˂˶)(,,>﹏<,,)(⇀‸↼‶)
Alphabet,0,1644,(˶˃ ᵕ ˂˶)(,,>﹏<,,)(⇀‸↼‶)
Alphabet,0,1646,(˶˃ ᵕ ˂˶)(,,>﹏<,,)(⇀‸↼‶)
Alphabet,0,1647,(˶˃ ᵕ ˂˶)(,,>﹏<,,)(⇀‸↼‶)
Alphabet,0,1648,(˶˃ ᵕ ˂˶)(,,>﹏<,,)(⇀‸↼‶)
Alphabet,0,1649,(˶˃ ᵕ ˂˶)(,,>﹏<,,)(⇀‸↼‶)
Alphabet,0,1650,(˶˃ ᵕ ˂˶)(,,>﹏<,,)(⇀‸↼‶)
Alphabet,0,1653,(˶˃ ᵕ ˂˶)(,,>﹏<,,)(⇀‸↼‶)
Alphabet,0,1654,(˶˃ ᵕ ˂˶)(,,>﹏<,,)(⇀‸↼‶)
Alphabet,0,1655,(˶˃ ᵕ ˂˶)(,,>﹏<,,)(⇀‸↼‶)
Alphabet,0,1656,(˶˃ ᵕ ˂˶)(,,>﹏<,,)(⇀‸↼‶)
Alphabet,0,1657,(˶˃ ᵕ ˂˶)(,,>﹏<,,)(⇀‸↼‶)
Alphabet,0,1658,(˶˃ ᵕ ˂˶)(,,>﹏<,,)(⇀‸↼‶)
Alphabet,0,1660,(˶˃ ᵕ ˂˶)(,,>﹏<,,)(⇀‸↼‶)
Alphabet,0,1661,(˶˃ ᵕ ˂˶)(,,>﹏<,,)(⇀‸↼‶)
Alphabet,0,1662,(˶˃ ᵕ ˂˶)(,,>﹏<,,)(⇀‸↼‶)
Alphabet,0,1663,(˶˃ ᵕ ˂˶)(,,>﹏<,,)(⇀‸↼‶)
Alphabet,0,1664,(˶˃ ᵕ ˂˶)(,,>﹏<,,)(⇀‸↼‶)
Alphabet,0,1665,(˶˃ ᵕ ˂˶)(,,>﹏<,,)(⇀‸↼‶)
Alphabet,0,1666,(˶˃ ᵕ ˂˶)(,,>﹏<,,)(⇀‸↼‶)
Alphabet,0,1667,(˶˃ ᵕ ˂˶)(,,>﹏<,,)(⇀‸↼‶)
Alphabet,0,1668,(˶˃ ᵕ ˂˶)(,,>﹏<,,)(⇀‸↼‶)
Alphabet,0,1669,(˶˃ ᵕ ˂˶)(,,>﹏<,,)(⇀‸↼‶)
Alphabet,0,1670,(˶˃ ᵕ ˂˶)(,,>﹏<,,)(⇀‸↼‶)
Alphabet,0,1672,(˶˃ ᵕ ˂˶)(,,>﹏<,,)(⇀‸↼‶)
Alphabet,0,1673,(˶˃ ᵕ ˂˶)(,,>﹏<,,)(⇀‸↼‶)
Alphabet,0,1674,(˶˃ ᵕ ˂˶)(,,>﹏<,,)(⇀‸↼‶)
Alphabet,0,1675,(˶˃ ᵕ ˂˶)(,,>﹏<,,)(⇀‸↼‶)
Alphabet,0,1676,(˶˃ ᵕ ˂˶)(,,>﹏<,,)(⇀‸↼‶)
Alphabet,0,1677,(˶˃ ᵕ ˂˶)(,,>﹏<,,)(⇀‸↼‶)
Alphabet,0,1678,(˶˃ ᵕ ˂˶)(,,>﹏<,,)(⇀‸↼‶)
Alphabet,0,1679,(˶˃ ᵕ ˂˶)(,,>﹏<,,)(⇀‸↼‶)
Alphabet,0,1680,(˶˃ ᵕ ˂˶)(,,>﹏<,,)(⇀‸↼‶)
Alphabet,0,1681,(˶˃ ᵕ ˂˶)(,,>﹏<,,)(⇀‸↼‶)
Alphabet,0,1682,(˶˃ ᵕ ˂˶)(,,>﹏<,,)(⇀‸↼‶)
Alphabet,0,1683,(˶˃ ᵕ ˂˶)(,,>﹏<,,)(⇀‸↼‶)
Alphabet,0,1684,(˶˃ ᵕ ˂˶)(,,>﹏<,,)(⇀‸↼‶)
Alphabet,0,1685,(˶˃ ᵕ ˂˶)(,,>﹏<,,)(⇀‸↼‶)
Alphabet,0,1686,(˶˃ ᵕ ˂˶)(,,>﹏<,,)(⇀‸↼‶)
Alphabet,0,1687,(˶˃ ᵕ ˂˶)(,,>﹏<,,)(⇀‸↼‶)
Alphabet,0,1688,(˶˃ ᵕ ˂˶)(,,>﹏<,,)(⇀‸↼‶)
Alphabet,0,1689,(˶˃ ᵕ ˂˶)(,,>﹏<,,)(⇀‸↼‶)
Alphabet,0,1690,(˶˃ ᵕ ˂˶)(,,>﹏<,,)(⇀‸↼‶)
Alphabet,0,1691,(˶˃ ᵕ ˂˶)(,,>﹏<,,)(⇀‸↼‶)
Alphabet,0,1692,(˶˃ ᵕ ˂˶)(,,>﹏<,,)(⇀‸↼‶)
Alphabet,0,1693,(˶˃ ᵕ ˂˶)(,,>﹏<,,)(⇀‸↼‶)
Alphabet,0,1694,(˶˃ ᵕ ˂˶)(,,>﹏<,,)(⇀‸↼‶)
Alphabet,0,1695,(˶˃ ᵕ ˂˶)(,,>﹏<,,)(⇀‸↼‶)
Alphabet,0,1696,(˶˃ ᵕ ˂˶)(,,>﹏<,,)(⇀‸↼‶)
Alphabet,0,1697,(˶˃ ᵕ ˂˶)(,,>﹏<,,)(⇀‸↼‶)
Alphabet,0,1698,(˶˃ ᵕ ˂˶)(,,>﹏<,,)(⇀‸↼‶)
Alphabet,0,1699,(˶˃ ᵕ ˂˶)(,,>﹏<,,)(⇀‸↼‶)
Alphabet,0,1700,(˶˃ ᵕ ˂˶)(,,>﹏<,,)(⇀‸↼‶)
Alphabet,0,1701,(˶˃ ᵕ ˂˶)(,,>﹏<,,)(⇀‸↼‶)
Alphabet,0,1702,(˶˃ ᵕ ˂˶)(,,>﹏<,,)(⇀‸↼‶)
Alphabet,0,1703,(˶˃ ᵕ ˂˶)(,,>﹏<,,)(⇀‸↼‶)
Alphabet,0,1704,(˶˃ ᵕ ˂˶)(,,>﹏<,,)(⇀‸↼‶)
Alphabet,0,1705,(˶˃ ᵕ ˂˶)(,,>﹏<,,)(⇀‸↼‶)
Alphabet,0,1706,(˶˃ ᵕ ˂˶)(,,>﹏<,,)(⇀‸↼‶)
Alphabet,0,1707,(˶˃ ᵕ ˂˶)(,,>﹏<,,)(⇀‸↼‶)
Alphabet,0,1710,(˶˃ ᵕ ˂˶)(,,>﹏<,,)(⇀‸↼‶)
Alphabet,0,1711,(˶˃ ᵕ ˂˶)(,,>﹏<,,)(⇀‸↼‶)
Alphabet,0,1712,(˶˃ ᵕ ˂˶)(,,>﹏<,,)(⇀‸↼‶)
Alphabet,0,1713,(˶˃ ᵕ ˂˶)(,,>﹏<,,)(⇀‸↼‶)
Alphabet,0,1714,(˶˃ ᵕ ˂˶)(,,>﹏<,,)(⇀‸↼‶)
Alphabet,0,1715,(˶˃ ᵕ ˂˶)(,,>﹏<,,)(⇀‸↼‶)
Alphabet,0,1716,(˶˃ ᵕ ˂˶)(,,>﹏<,,)(⇀‸↼‶)
Alphabet,0,1717,(˶˃ ᵕ ˂˶)(,,>﹏<,,)(⇀‸↼‶)
Alphabet,0,1718,(˶˃ ᵕ ˂˶)(,,>﹏<,,)(⇀‸↼‶)
Alphabet,0,1719,(˶˃ ᵕ ˂˶)(,,>﹏<,,)(⇀‸↼‶)
Alphabet,0,1720,(˶˃ ᵕ ˂˶)(,,>﹏<,,)(⇀‸↼‶)
Alphabet,0,1721,(˶˃ ᵕ ˂˶)(,,>﹏<,,)(⇀‸↼‶)
Alphabet,0,1722,(˶˃ ᵕ ˂˶)(,,>﹏<,,)(⇀‸↼‶)
Alphabet,0,1723,(˶˃ ᵕ ˂˶)(,,>﹏<,,)(⇀‸↼‶)
Alphabet,0,1724,(˶˃ ᵕ ˂˶)(,,>﹏<,,)(⇀‸↼‶)
Alphabet,0,1725,(˶˃ ᵕ ˂˶)(,,>﹏<,,)(⇀‸↼‶)
Alphabet,0,1726,(˶˃ ᵕ ˂˶)(,,>﹏<,,)(⇀‸↼‶)
Alphabet,0,1729,(˶˃ ᵕ ˂˶)(,,>﹏<,,)(⇀‸↼‶)
Alphabet,0,1730,(˶˃ ᵕ ˂˶)(,,>﹏<,,)(⇀‸↼‶)
Alphabet,0,1731,(˶˃ ᵕ ˂˶)(,,>﹏<,,)(⇀‸↼‶)
Alphabet,0,1732,(˶˃ ᵕ ˂˶)(,,>﹏<,,)(⇀‸↼‶)
Alphabet,0,1733,(˶˃ ᵕ ˂˶)(,,>﹏<,,)(⇀‸↼‶)
Alphabet,0,1734,(˶˃ ᵕ ˂˶)(,,>﹏<,,)(⇀‸↼‶)
Alphabet,0,1735,(˶˃ ᵕ ˂˶)(,,>﹏<,,)(⇀‸↼‶)
Alphabet,0,1736,(˶˃ ᵕ ˂˶)(,,>﹏<,,)(⇀‸↼‶)
Alphabet,0,1737,(˶˃ ᵕ ˂˶)(,,>﹏<,,)(⇀‸↼‶)
Alphabet,0,1738,(˶˃ ᵕ ˂˶)(,,>﹏<,,)(⇀‸↼‶)
Alphabet,0,1739,(˶˃ ᵕ ˂˶)(,,>﹏<,,)(⇀‸↼‶)
Alphabet,0,1740,(˶˃ ᵕ ˂˶)(,,>﹏<,,)(⇀‸↼‶)
Alphabet,0,1741,(˶˃ ᵕ ˂˶)(,,>﹏<,,)(⇀‸↼‶)
Alphabet,0,1742,(˶˃ ᵕ ˂˶)(,,>﹏<,,)(⇀‸↼‶)
Alphabet,0,1743,(˶˃ ᵕ ˂˶)(,,>﹏<,,)(⇀‸↼‶)
Alphabet,0,1745,(˶˃ ᵕ ˂˶)(,,>﹏<,,)(⇀‸↼‶)
Alphabet,0,1747,(˶˃ ᵕ ˂˶)(,,>﹏<,,)(⇀‸↼‶)
Alphabet,0,1748,(˶˃ ᵕ ˂˶)(,,>﹏<,,)(⇀‸↼‶)
Alphabet,0,1749,(˶˃ ᵕ ˂˶)(,,>﹏<,,)(⇀‸↼‶)
Alphabet,0,1750,(˶˃ ᵕ ˂˶)(,,>﹏<,,)(⇀‸↼‶)
Alphabet,0,1751,(˶˃ ᵕ ˂˶)(,,>﹏<,,)(⇀‸↼‶)
Alphabet,0,1752,(˶˃ ᵕ ˂˶)(,,>﹏<,,)(⇀‸↼‶)
Alphabet,0,1753,(˶˃ ᵕ ˂˶)(,,>﹏<,,)(⇀‸↼‶)
Alphabet,0,1754,(˶˃ ᵕ ˂˶)(,,>﹏<,,)(⇀‸↼‶)
Alphabet,0,1755,(˶˃ ᵕ ˂˶)(,,>﹏<,,)(⇀‸↼‶)
Alphabet,0,1756,(˶˃ ᵕ ˂˶)(,,>﹏<,,)(⇀‸↼‶)
Alphabet,0,1757,(˶˃ ᵕ ˂˶)(,,>﹏<,,)(⇀‸↼‶)
Alphabet,0,1758,(˶˃ ᵕ ˂˶)(,,>﹏<,,)(⇀‸↼‶)
Alphabet,0,1759,(˶˃ ᵕ ˂˶)(,,>﹏<,,)(⇀‸↼‶)
Alphabet,0,1760,(˶˃ ᵕ ˂˶)(,,>﹏<,,)(⇀‸↼‶)
Alphabet,0,1761,(˶˃ ᵕ ˂˶)(,,>﹏<,,)(⇀‸↼‶)
Alphabet,0,1762,(˶˃ ᵕ ˂˶)(,,>﹏<,,)(⇀‸↼‶)
Alphabet,0,1763,(˶˃ ᵕ ˂˶)(,,>﹏<,,)(⇀‸↼‶)
Alphabet,0,1764,(˶˃ ᵕ ˂˶)(,,>﹏<,,)(⇀‸↼‶)
Alphabet,0,1765,(˶˃ ᵕ ˂˶)(,,>﹏<,,)(⇀‸↼‶)
Alphabet,0,1767,(˶˃ ᵕ ˂˶)(,,>﹏<,,)(⇀‸↼‶)
Alphabet,0,1768,(˶˃ ᵕ ˂˶)(,,>﹏<,,)(⇀‸↼‶)
Alphabet,0,1769,(˶˃ ᵕ ˂˶)(,,>﹏<,,)(⇀‸↼‶)
Alphabet,0,1770,(˶˃ ᵕ ˂˶)(,,>﹏<,,)(⇀‸↼‶)
Alphabet,0,1771,(˶˃ ᵕ ˂˶)(,,>﹏<,,)(⇀‸↼‶)
Alphabet,0,1772,(˶˃ ᵕ ˂˶)(,,>﹏<,,)(⇀‸↼‶)
Alphabet,0,1773,(˶˃ ᵕ ˂˶)(,,>﹏<,,)(⇀‸↼‶)
Alphabet,0,1774,(˶˃ ᵕ ˂˶)(,,>﹏<,,)(⇀‸↼‶)
Alphabet,0,1775,(˶˃ ᵕ ˂˶)(,,>﹏<,,)(⇀‸↼‶)
Alphabet,0,1776,(˶˃ ᵕ ˂˶)(,,>﹏<,,)(⇀‸↼‶)
Alphabet,0,1777,(˶˃ ᵕ ˂˶)(,,>﹏<,,)(⇀‸↼‶)
Alphabet,0,1778,(˶˃ ᵕ ˂˶)(,,>﹏<,,)(⇀‸↼‶)
Alphabet,0,1779,(˶˃ ᵕ ˂˶)(,,>﹏<,,)(⇀‸↼‶)
Alphabet,0,1780,(˶˃ ᵕ ˂˶)(,,>﹏<,,)(⇀‸↼‶)
Alphabet,0,1781,(˶˃ ᵕ ˂˶)(,,>﹏<,,)(⇀‸↼‶)
Alphabet,0,1782,(˶˃ ᵕ ˂˶)(,,>﹏<,,)(⇀‸↼‶)
Alphabet,0,1783,(˶˃ ᵕ ˂˶)(,,>﹏<,,)(⇀‸↼‶)
Alphabet,0,1784,(˶˃ ᵕ ˂˶)(,,>﹏<,,)(⇀‸↼‶)
Alphabet,0,1785,(˶˃ ᵕ ˂˶)(,,>﹏<,,)(⇀‸↼‶)
Alphabet,0,1786,(˶˃ ᵕ ˂˶)(,,>﹏<,,)(⇀‸↼‶)
Alphabet,0,1787,(˶˃ ᵕ ˂˶)(,,>﹏<,,)(⇀‸↼‶)
Alphabet,0,1788,(˶˃ ᵕ ˂˶)(,,>﹏<,,)(⇀‸↼‶)
Alphabet,0,1789,(˶˃ ᵕ ˂˶)(,,>﹏<,,)(⇀‸↼‶)
Alphabet,0,1791,(˶˃ ᵕ ˂˶)(,,>﹏<,,)(⇀‸↼‶)
Alphabet,0,1792,(˶˃ ᵕ ˂˶)(,,>﹏<,,)(⇀‸↼‶)
Alphabet,0,1793,(˶˃ ᵕ ˂˶)(,,>﹏<,,)(⇀‸↼‶)
Alphabet,0,1794,(˶˃ ᵕ ˂˶)(,,>﹏<,,)(⇀‸↼‶)
Alphabet,0,1795,(˶˃ ᵕ ˂˶)(,,>﹏<,,)(⇀‸↼‶)
Alphabet,0,1796,(˶˃ ᵕ ˂˶)(,,>﹏<,,)(⇀‸↼‶)
Alphabet,0,1797,(˶˃ ᵕ ˂˶)(,,>﹏<,,)(⇀‸↼‶)
Alphabet,0,1800,(˶˃ ᵕ ˂˶)(,,>﹏<,,)(⇀‸↼‶)
Alphabet,0,1801,(˶˃ ᵕ ˂˶)(,,>﹏<,,)(⇀‸↼‶)
Alphabet,0,1802,(˶˃ ᵕ ˂˶)(,,>﹏<,,)(⇀‸↼‶)
Alphabet,0,1803,(˶˃ ᵕ ˂˶)(,,>﹏<,,)(⇀‸↼‶)
Alphabet,0,1804,(˶˃ ᵕ ˂˶)(,,>﹏<,,)(⇀‸↼‶)
Alphabet,0,1805,(˶˃ ᵕ ˂˶)(,,>﹏<,,)(⇀‸↼‶)
Alphabet,0,1806,(˶˃ ᵕ ˂˶)(,,>﹏<,,)(⇀‸↼‶)
Alphabet,0,1807,(˶˃ ᵕ ˂˶)(,,>﹏<,,)(⇀‸↼‶)
Alphabet,0,1808,(˶˃ ᵕ ˂˶)(,,>﹏<,,)(⇀‸↼‶)
Alphabet,0,1809,(˶˃ ᵕ ˂˶)(,,>﹏<,,)(⇀‸↼‶)
Alphabet,0,1810,(˶˃ ᵕ ˂˶)(,,>﹏<,,)(⇀‸↼‶)
Alphabet,0,1811,(˶˃ ᵕ ˂˶)(,,>﹏<,,)(⇀‸↼‶)
Alphabet,0,1812,(˶˃ ᵕ ˂˶)(,,>﹏<,,)(⇀‸↼‶)
Alphabet,0,1813,(˶˃ ᵕ ˂˶)(,,>﹏<,,)(⇀‸↼‶)
Alphabet,0,1814,(˶˃ ᵕ ˂˶)(,,>﹏<,,)(⇀‸↼‶)
Alphabet,0,1815,(˶˃ ᵕ ˂˶)(,,>﹏<,,)(⇀‸↼‶)
Alphabet,0,1816,(˶˃ ᵕ ˂˶)(,,>﹏<,,)(⇀‸↼‶)
Alphabet,0,1817,(˶˃ ᵕ ˂˶)(,,>﹏<,,)(⇀‸↼‶)
Alphabet,0,1818,(˶˃ ᵕ ˂˶)(,,>﹏<,,)(⇀‸↼‶)
Alphabet,0,1819,(˶˃ ᵕ ˂˶)(,,>﹏<,,)(⇀‸↼‶)
Alphabet,0,1820,(˶˃ ᵕ ˂˶)(,,>﹏<,,)(⇀‸↼‶)
Alphabet,0,1821,(˶˃ ᵕ ˂˶)(,,>﹏<,,)(⇀‸↼‶)
Alphabet,0,1822,(˶˃ ᵕ ˂˶)(,,>﹏<,,)(⇀‸↼‶)
Alphabet,0,1823,(˶˃ ᵕ ˂˶)(,,>﹏<,,)(⇀‸↼‶)
Alphabet,0,1824,(˶˃ ᵕ ˂˶)(,,>﹏<,,)(⇀‸↼‶)
Alphabet,0,1825,(˶˃ ᵕ ˂˶)(,,>﹏<,,)(⇀‸↼‶)
Alphabet,0,1826,(˶˃ ᵕ ˂˶)(,,>﹏<,,)(⇀‸↼‶)
Alphabet,0,1827,(˶˃ ᵕ ˂˶)(,,>﹏<,,)(⇀‸↼‶)
Alphabet,0,1828,(˶˃ ᵕ ˂˶)(,,>﹏<,,)(⇀‸↼‶)
Alphabet,0,1829,(˶˃ ᵕ ˂˶)(,,>﹏<,,)(⇀‸↼‶)
Alphabet,0,1830,(˶˃ ᵕ ˂˶)(,,>﹏<,,)(⇀‸↼‶)
Alphabet,0,1831,(˶˃ ᵕ ˂˶)(,,>﹏<,,)(⇀‸↼‶)
Alphabet,0,1832,(˶˃ ᵕ ˂˶)(,,>﹏<,,)(⇀‸↼‶)
Alphabet,0,1833,(˶˃ ᵕ ˂˶)(,,>﹏<,,)(⇀‸↼‶)
Alphabet,0,1834,(˶˃ ᵕ ˂˶)(,,>﹏<,,)(⇀‸↼‶)
Alphabet,0,1835,(˶˃ ᵕ ˂˶)(,,>﹏<,,)(⇀‸↼‶)
Alphabet,0,1836,(˶˃ ᵕ ˂˶)(,,>﹏<,,)(⇀‸↼‶)
Alphabet,0,1837,(˶˃ ᵕ ˂˶)(,,>﹏<,,)(⇀‸↼‶)
Alphabet,0,1838,(˶˃ ᵕ ˂˶)(,,>﹏<,,)(⇀‸↼‶)
Alphabet,0,1839,(˶˃ ᵕ ˂˶)(,,>﹏<,,)(⇀‸↼‶)
Alphabet,0,1840,(˶˃ ᵕ ˂˶)(,,>﹏<,,)(⇀‸↼‶)
Alphabet,0,1841,(˶˃ ᵕ ˂˶)(,,>﹏<,,)(⇀‸↼‶)
Alphabet,0,1842,(˶˃ ᵕ ˂˶)(,,>﹏<,,)(⇀‸↼‶)
Alphabet,0,1843,(˶˃ ᵕ ˂˶)(,,>﹏<,,)(⇀‸↼‶)
Alphabet,0,1844,(˶˃ ᵕ ˂˶)(,,>﹏<,,)(⇀‸↼‶)
Alphabet,0,1845,(˶˃ ᵕ ˂˶)(,,>﹏<,,)(⇀‸↼‶)
Alphabet,0,1846,(˶˃ ᵕ ˂˶)(,,>﹏<,,)(⇀‸↼‶)
Alphabet,0,1847,(˶˃ ᵕ ˂˶)(,,>﹏<,,)(⇀‸↼‶)
Alphabet,0,1848,(˶˃ ᵕ ˂˶)(,,>﹏<,,)(⇀‸↼‶)
Alphabet,0,1849,(˶˃ ᵕ ˂˶)(,,>﹏<,,)(⇀‸↼‶)
Alphabet,0,1850,(˶˃ ᵕ ˂˶)(,,>﹏<,,)(⇀‸↼‶)
Alphabet,0,1851,(˶˃ ᵕ ˂˶)(,,>﹏<,,)(⇀‸↼‶)
Alphabet,0,1852,(˶˃ ᵕ ˂˶)(,,>﹏<,,)(⇀‸↼‶)
Alphabet,0,1853,(˶˃ ᵕ ˂˶)(,,>﹏<,,)(⇀‸↼‶)
Alphabet,0,1854,(˶˃ ᵕ ˂˶)(,,>﹏<,,)(⇀‸↼‶)
Alphabet,0,1855,(˶˃ ᵕ ˂˶)(,,>﹏<,,)(⇀‸↼‶)
Alphabet,0,1856,(˶˃ ᵕ ˂˶)(,,>﹏<,,)(⇀‸↼‶)
Alphabet,0,1857,(˶˃ ᵕ ˂˶)(,,>﹏<,,)(⇀‸↼‶)
Alphabet,0,1858,(˶˃ ᵕ ˂˶)(,,>﹏<,,)(⇀‸↼‶)
Alphabet,0,1859,(˶˃ ᵕ ˂˶)(,,>﹏<,,)(⇀‸↼‶)
Alphabet,0,1860,(˶˃ ᵕ ˂˶)(,,>﹏<,,)(⇀‸↼‶)
Alphabet,0,1861,(˶˃ ᵕ ˂˶)(,,>﹏<,,)(⇀‸↼‶)
Alphabet,0,1862,(˶˃ ᵕ ˂˶)(,,>﹏<,,)(⇀‸↼‶)
Alphabet,0,1863,(˶˃ ᵕ ˂˶)(,,>﹏<,,)(⇀‸↼‶)
Alphabet,0,1864,(˶˃ ᵕ ˂˶)(,,>﹏<,,)(⇀‸↼‶)
Alphabet,0,1865,(˶˃ ᵕ ˂˶)(,,>﹏<,,)(⇀‸↼‶)
Alphabet,0,1866,(˶˃ ᵕ ˂˶)(,,>﹏<,,)(⇀‸↼‶)
Alphabet,0,1867,(˶˃ ᵕ ˂˶)(,,>﹏<,,)(⇀‸↼‶)
Alphabet,0,1868,(˶˃ ᵕ ˂˶)(,,>﹏<,,)(⇀‸↼‶)
Alphabet,0,1869,(˶˃ ᵕ ˂˶)(,,>﹏<,,)(⇀‸↼‶)
Alphabet,0,1870,(˶˃ ᵕ ˂˶)(,,>﹏<,,)(⇀‸↼‶)
Alphabet,0,1871,(˶˃ ᵕ ˂˶)(,,>﹏<,,)(⇀‸↼‶)
Alphabet,0,1872,(˶˃ ᵕ ˂˶)(,,>﹏<,,)(⇀‸↼‶)
Alphabet,0,1873,(˶˃ ᵕ ˂˶)(,,>﹏<,,)(⇀‸↼‶)
Alphabet,0,1874,(˶˃ ᵕ ˂˶)(,,>﹏<,,)(⇀‸↼‶)
Alphabet,0,1875,(˶˃ ᵕ ˂˶)(,,>﹏<,,)(⇀‸↼‶)
Alphabet,0,1876,(˶˃ ᵕ ˂˶)(,,>﹏<,,)(⇀‸↼‶)
Alphabet,0,1877,(˶˃ ᵕ ˂˶)(,,>﹏<,,)(⇀‸↼‶)
Alphabet,0,1878,(˶˃ ᵕ ˂˶)(,,>﹏<,,)(⇀‸↼‶)
Alphabet,0,1879,(˶˃ ᵕ ˂˶)(,,>﹏<,,)(⇀‸↼‶)
Alphabet,0,1880,(˶˃ ᵕ ˂˶)(,,>﹏<,,)(⇀‸↼‶)
Alphabet,0,1881,(˶˃ ᵕ ˂˶)(,,>﹏<,,)(⇀‸↼‶)
Alphabet,0,1882,(˶˃ ᵕ ˂˶)(,,>﹏<,,)(⇀‸↼‶)
Alphabet,0,1884,(˶˃ ᵕ ˂˶)(,,>﹏<,,)(⇀‸↼‶)
Alphabet,0,1885,(˶˃ ᵕ ˂˶)(,,>﹏<,,)(⇀‸↼‶)
Alphabet,0,1886,(˶˃ ᵕ ˂˶)(,,>﹏<,,)(⇀‸↼‶)
Alphabet,0,1887,(˶˃ ᵕ ˂˶)(,,>﹏<,,)(⇀‸↼‶)
Alphabet,0,1888,(˶˃ ᵕ ˂˶)(,,>﹏<,,)(⇀‸↼‶)
Alphabet,0,1889,(˶˃ ᵕ ˂˶)(,,>﹏<,,)(⇀‸↼‶)
Alphabet,0,1890,(˶˃ ᵕ ˂˶)(,,>﹏<,,)(⇀‸↼‶)
Alphabet,0,1891,(˶˃ ᵕ ˂˶)(,,>﹏<,,)(⇀‸↼‶)
Alphabet,0,1892,(˶˃ ᵕ ˂˶)(,,>﹏<,,)(⇀‸↼‶)
Alphabet,0,1893,(˶˃ ᵕ ˂˶)(,,>﹏<,,)(⇀‸↼‶)
Alphabet,0,1894,(˶˃ ᵕ ˂˶)(,,>﹏<,,)(⇀‸↼‶)
Alphabet,0,1895,(˶˃ ᵕ ˂˶)(,,>﹏<,,)(⇀‸↼‶)
Alphabet,0,1896,(˶˃ ᵕ ˂˶)(,,>﹏<,,)(⇀‸↼‶)
Alphabet,0,1898,(˶˃ ᵕ ˂˶)(,,>﹏<,,)(⇀‸↼‶)
Alphabet,0,1899,(˶˃ ᵕ ˂˶)(,,>﹏<,,)(⇀‸↼‶)
Alphabet,0,1900,(˶˃ ᵕ ˂˶)(,,>﹏<,,)(⇀‸↼‶)
Alphabet,0,1901,(˶˃ ᵕ ˂˶)(,,>﹏<,,)(⇀‸↼‶)
Alphabet,0,1902,(˶˃ ᵕ ˂˶)(,,>﹏<,,)(⇀‸↼‶)
Alphabet,0,1903,(˶˃ ᵕ ˂˶)(,,>﹏<,,)(⇀‸↼‶)
Alphabet,0,1904,(˶˃ ᵕ ˂˶)(,,>﹏<,,)(⇀‸↼‶)
Alphabet,0,1905,(˶˃ ᵕ ˂˶)(,,>﹏<,,)(⇀‸↼‶)
Alphabet,0,1906,(˶˃ ᵕ ˂˶)(,,>﹏<,,)(⇀‸↼‶)
Alphabet,0,1907,(˶˃ ᵕ ˂˶)(,,>﹏<,,)(⇀‸↼‶)
Alphabet,0,1908,(˶˃ ᵕ ˂˶)(,,>﹏<,,)(⇀‸↼‶)
Alphabet,0,1909,(˶˃ ᵕ ˂˶)(,,>﹏<,,)(⇀‸↼‶)
Alphabet,0,1911,(˶˃ ᵕ ˂˶)(,,>﹏<,,)(⇀‸↼‶)
Alphabet,0,1912,(˶˃ ᵕ ˂˶)(,,>﹏<,,)(⇀‸↼‶)
Alphabet,0,1913,(˶˃ ᵕ ˂˶)(,,>﹏<,,)(⇀‸↼‶)
Alphabet,0,1914,(˶˃ ᵕ ˂˶)(,,>﹏<,,)(⇀‸↼‶)
Alphabet,0,1915,(˶˃ ᵕ ˂˶)(,,>﹏<,,)(⇀‸↼‶)
Alphabet,0,1916,(˶˃ ᵕ ˂˶)(,,>﹏<,,)(⇀‸↼‶)
Alphabet,0,1917,(˶˃ ᵕ ˂˶)(,,>﹏<,,)(⇀‸↼‶)
Alphabet,0,1918,(˶˃ ᵕ ˂˶)(,,>﹏<,,)(⇀‸↼‶)
Alphabet,0,1919,(˶˃ ᵕ ˂˶)(,,>﹏<,,)(⇀‸↼‶)
Alphabet,0,1920,(˶˃ ᵕ ˂˶)(,,>﹏<,,)(⇀‸↼‶)
Alphabet,0,1921,(˶˃ ᵕ ˂˶)(,,>﹏<,,)(⇀‸↼‶)
Alphabet,0,1922,(˶˃ ᵕ ˂˶)(,,>﹏<,,)(⇀‸↼‶)
Alphabet,0,1923,(˶˃ ᵕ ˂˶)(,,>﹏<,,)(⇀‸↼‶)
Alphabet,0,1924,(˶˃ ᵕ ˂˶)(,,>﹏<,,)(⇀‸↼‶)
Alphabet,0,1925,(˶˃ ᵕ ˂˶)(,,>﹏<,,)(⇀‸↼‶)
Alphabet,0,1929,(˶˃ ᵕ ˂˶)(,,>﹏<,,)(⇀‸↼‶)
Alphabet,0,1930,(˶˃ ᵕ ˂˶)(,,>﹏<,,)(⇀‸↼‶)
Alphabet,0,1931,(˶˃ ᵕ ˂˶)(,,>﹏<,,)(⇀‸↼‶)
Alphabet,0,1932,(˶˃ ᵕ ˂˶)(,,>﹏<,,)(⇀‸↼‶)
Alphabet,0,1933,(˶˃ ᵕ ˂˶)(,,>﹏<,,)(⇀‸↼‶)
Alphabet,0,1934,(˶˃ ᵕ ˂˶)(,,>﹏<,,)(⇀‸↼‶)
Alphabet,0,1935,(˶˃ ᵕ ˂˶)(,,>﹏<,,)(⇀‸↼‶)
Alphabet,0,1936,(˶˃ ᵕ ˂˶)(,,>﹏<,,)(⇀‸↼‶)
Alphabet,0,1937,(˶˃ ᵕ ˂˶)(,,>﹏<,,)(⇀‸↼‶)
Alphabet,0,1938,(˶˃ ᵕ ˂˶)(,,>﹏<,,)(⇀‸↼‶)
Alphabet,0,1939,(˶˃ ᵕ ˂˶)(,,>﹏<,,)(⇀‸↼‶)
Alphabet,0,1940,(˶˃ ᵕ ˂˶)(,,>﹏<,,)(⇀‸↼‶)
Alphabet,0,1941,(˶˃ ᵕ ˂˶)(,,>﹏<,,)(⇀‸↼‶)
Alphabet,0,1942,(˶˃ ᵕ ˂˶)(,,>﹏<,,)(⇀‸↼‶)
Alphabet,0,1943,(˶˃ ᵕ ˂˶)(,,>﹏<,,)(⇀‸↼‶)
Alphabet,0,1944,(˶˃ ᵕ ˂˶)(,,>﹏<,,)(⇀‸↼‶)
Alphabet,0,1945,(˶˃ ᵕ ˂˶)(,,>﹏<,,)(⇀‸↼‶)
Alphabet,0,1947,(˶˃ ᵕ ˂˶)(,,>﹏<,,)(⇀‸↼‶)
Alphabet,0,1948,(˶˃ ᵕ ˂˶)(,,>﹏<,,)(⇀‸↼‶)
Alphabet,0,1949,(˶˃ ᵕ ˂˶)(,,>﹏<,,)(⇀‸↼‶)
Alphabet,0,1950,(˶˃ ᵕ ˂˶)(,,>﹏<,,)(⇀‸↼‶)
Alphabet,0,1952,(˶˃ ᵕ ˂˶)(,,>﹏<,,)(⇀‸↼‶)
Alphabet,0,1953,(˶˃ ᵕ ˂˶)(,,>﹏<,,)(⇀‸↼‶)
Alphabet,0,1955,(˶˃ ᵕ ˂˶)(,,>﹏<,,)(⇀‸↼‶)
Alphabet,0,1956,(˶˃ ᵕ ˂˶)(,,>﹏<,,)(⇀‸↼‶)
Alphabet,0,1957,(˶˃ ᵕ ˂˶)(,,>﹏<,,)(⇀‸↼‶)
Alphabet,0,1958,(˶˃ ᵕ ˂˶)(,,>﹏<,,)(⇀‸↼‶)
Alphabet,0,1959,(˶˃ ᵕ ˂˶)(,,>﹏<,,)(⇀‸↼‶)
Alphabet,0,1960,(˶˃ ᵕ ˂˶)(,,>﹏<,,)(⇀‸↼‶)
Alphabet,0,1961,(˶˃ ᵕ ˂˶)(,,>﹏<,,)(⇀‸↼‶)
Alphabet,0,1962,(˶˃ ᵕ ˂˶)(,,>﹏<,,)(⇀‸↼‶)
Alphabet,0,1963,(˶˃ ᵕ ˂˶)(,,>﹏<,,)(⇀‸↼‶)
Alphabet,0,1964,(˶˃ ᵕ ˂˶)(,,>﹏<,,)(⇀‸↼‶)
Alphabet,0,1965,(˶˃ ᵕ ˂˶)(,,>﹏<,,)(⇀‸↼‶)
Alphabet,0,1966,(˶˃ ᵕ ˂˶)(,,>﹏<,,)(⇀‸↼‶)
Alphabet,0,1967,(˶˃ ᵕ ˂˶)(,,>﹏<,,)(⇀‸↼‶)
Alphabet,0,1968,(˶˃ ᵕ ˂˶)(,,>﹏<,,)(⇀‸↼‶)
Alphabet,0,1969,(˶˃ ᵕ ˂˶)(,,>﹏<,,)(⇀‸↼‶)
Alphabet,0,1970,(˶˃ ᵕ ˂˶)(,,>﹏<,,)(⇀‸↼‶)
Alphabet,0,1971,(˶˃ ᵕ ˂˶)(,,>﹏<,,)(⇀‸↼‶)
Alphabet,0,1972,(˶˃ ᵕ ˂˶)(,,>﹏<,,)(⇀‸↼‶)
Alphabet,0,1973,(˶˃ ᵕ ˂˶)(,,>﹏<,,)(⇀‸↼‶)
Alphabet,0,1974,(˶˃ ᵕ ˂˶)(,,>﹏<,,)(⇀‸↼‶)
Alphabet,0,1976,(˶˃ ᵕ ˂˶)(,,>﹏<,,)(⇀‸↼‶)
Alphabet,0,1977,(˶˃ ᵕ ˂˶)(,,>﹏<,,)(⇀‸↼‶)
Alphabet,0,1978,(˶˃ ᵕ ˂˶)(,,>﹏<,,)(⇀‸↼‶)
Alphabet,0,1979,(˶˃ ᵕ ˂˶)(,,>﹏<,,)(⇀‸↼‶)
Alphabet,0,1980,(˶˃ ᵕ ˂˶)(,,>﹏<,,)(⇀‸↼‶)
Alphabet,0,1981,(˶˃ ᵕ ˂˶)(,,>﹏<,,)(⇀‸↼‶)
Alphabet,0,1982,(˶˃ ᵕ ˂˶)(,,>﹏<,,)(⇀‸↼‶)
Alphabet,0,1983,(˶˃ ᵕ ˂˶)(,,>﹏<,,)(⇀‸↼‶)
Alphabet,0,1984,(˶˃ ᵕ ˂˶)(,,>﹏<,,)(⇀‸↼‶)
Alphabet,0,1985,(˶˃ ᵕ ˂˶)(,,>﹏<,,)(⇀‸↼‶)
Alphabet,0,1986,(˶˃ ᵕ ˂˶)(,,>﹏<,,)(⇀‸↼‶)
Alphabet,0,1987,(˶˃ ᵕ ˂˶)(,,>﹏<,,)(⇀‸↼‶)
Alphabet,0,1988,(˶˃ ᵕ ˂˶)(,,>﹏<,,)(⇀‸↼‶)
Alphabet,0,1989,(˶˃ ᵕ ˂˶)(,,>﹏<,,)(⇀‸↼‶)
Alphabet,0,1990,(˶˃ ᵕ ˂˶)(,,>﹏<,,)(⇀‸↼‶)
Alphabet,0,1991,(˶˃ ᵕ ˂˶)(,,>﹏<,,)(⇀‸↼‶)
Alphabet,0,1993,(˶˃ ᵕ ˂˶)(,,>﹏<,,)(⇀‸↼‶)
Alphabet,0,1995,(˶˃ ᵕ ˂˶)(,,>﹏<,,)(⇀‸↼‶)
Alphabet,0,1996,(˶˃ ᵕ ˂˶)(,,>﹏<,,)(⇀‸↼‶)
Alphabet,0,1997,(˶˃ ᵕ ˂˶)(,,>﹏<,,)(⇀‸↼‶)
Alphabet,0,1998,(˶˃ ᵕ ˂˶)(,,>﹏<,,)(⇀‸↼‶)
Alphabet,0,1999,(˶˃ ᵕ ˂˶)(,,>﹏<,,)(⇀‸↼‶)
Alphabet,0,2000,(˶˃ ᵕ ˂˶)(,,>﹏<,,)(⇀‸↼‶)
Alphabet,0,2001,(˶˃ ᵕ ˂˶)(,,>﹏<,,)(⇀‸↼‶)
Alphabet,0,2002,(˶˃ ᵕ ˂˶)(,,>﹏<,,)(⇀‸↼‶)
Alphabet,0,2003,(˶˃ ᵕ ˂˶)(,,>﹏<,,)(⇀‸↼‶)
Alphabet,0,2005,(˶˃ ᵕ ˂˶)(,,>﹏<,,)(⇀‸↼‶)
Alphabet,0,2006,(˶˃ ᵕ ˂˶)(,,>﹏<,,)(⇀‸↼‶)
Alphabet,0,2007,(˶˃ ᵕ ˂˶)(,,>﹏<,,)(⇀‸↼‶)
Alphabet,0,2008,(˶˃ ᵕ ˂˶)(,,>﹏<,,)(⇀‸↼‶)
Alphabet,0,2009,(˶˃ ᵕ ˂˶)(,,>﹏<,,)(⇀‸↼‶)
Alphabet,0,2010,(˶˃ ᵕ ˂˶)(,,>﹏<,,)(⇀‸↼‶)
Alphabet,0,2011,(˶˃ ᵕ ˂˶)(,,>﹏<,,)(⇀‸↼‶)
Alphabet,0,2012,(˶˃ ᵕ ˂˶)(,,>﹏<,,)(⇀‸↼‶)
Alphabet,0,2014,(˶˃ ᵕ ˂˶)(,,>﹏<,,)(⇀‸↼‶)
Alphabet,0,2015,(˶˃ ᵕ ˂˶)(,,>﹏<,,)(⇀‸↼‶)
Alphabet,0,2016,(˶˃ ᵕ ˂˶)(,,>﹏<,,)(⇀‸↼‶)
Alphabet,0,2017,(˶˃ ᵕ ˂˶)(,,>﹏<,,)(⇀‸↼‶)
Alphabet,0,2018,(˶˃ ᵕ ˂˶)(,,>﹏<,,)(⇀‸↼‶)
Alphabet,0,2019,(˶˃ ᵕ ˂˶)(,,>﹏<,,)(⇀‸↼‶)
Alphabet,0,2020,(˶˃ ᵕ ˂˶)(,,>﹏<,,)(⇀‸↼‶)
Alphabet,0,2021,(˶˃ ᵕ ˂˶)(,,>﹏<,,)(⇀‸↼‶)
Alphabet,0,2022,(˶˃ ᵕ ˂˶)(,,>﹏<,,)(⇀‸↼‶)
Alphabet,0,2023,(˶˃ ᵕ ˂˶)(,,>﹏<,,)(⇀‸↼‶)
Alphabet,0,2024,(˶˃ ᵕ ˂˶)(,,>﹏<,,)(⇀‸↼‶)
Alphabet,0,2025,(˶˃ ᵕ ˂˶)(,,>﹏<,,)(⇀‸↼‶)
Alphabet,0,2026,(˶˃ ᵕ ˂˶)(,,>﹏<,,)(⇀‸↼‶)
Alphabet,0,2027,(˶˃ ᵕ ˂˶)(,,>﹏<,,)(⇀‸↼‶)
Alphabet,0,2028,(˶˃ ᵕ ˂˶)(,,>﹏<,,)(⇀‸↼‶)
Alphabet,0,2029,(˶˃ ᵕ ˂˶)(,,>﹏<,,)(⇀‸↼‶)
Alphabet,0,2030,(˶˃ ᵕ ˂˶)(,,>﹏<,,)(⇀‸↼‶)
Alphabet,0,2031,(˶˃ ᵕ ˂˶)(,,>﹏<,,)(⇀‸↼‶)
Alphabet,0,2032,(˶˃ ᵕ ˂˶)(,,>﹏<,,)(⇀‸↼‶)
Alphabet,0,2033,(˶˃ ᵕ ˂˶)(,,>﹏<,,)(⇀‸↼‶)
Alphabet,0,2034,(˶˃ ᵕ ˂˶)(,,>﹏<,,)(⇀‸↼‶)
Alphabet,0,2035,(˶˃ ᵕ ˂˶)(,,>﹏<,,)(⇀‸↼‶)
Alphabet,0,2036,(˶˃ ᵕ ˂˶)(,,>﹏<,,)(⇀‸↼‶)
Alphabet,0,2038,(˶˃ ᵕ ˂˶)(,,>﹏<,,)(⇀‸↼‶)
Alphabet,0,2039,(˶˃ ᵕ ˂˶)(,,>﹏<,,)(⇀‸↼‶)
Alphabet,0,2040,(˶˃ ᵕ ˂˶)(,,>﹏<,,)(⇀‸↼‶)
Alphabet,0,2043,(˶˃ ᵕ ˂˶)(,,>﹏<,,)(⇀‸↼‶)
Alphabet,0,2044,(˶˃ ᵕ ˂˶)(,,>﹏<,,)(⇀‸↼‶)
Alphabet,0,2046,(˶˃ ᵕ ˂˶)(,,>﹏<,,)(⇀‸↼‶)
Alphabet,0,2047,(˶˃ ᵕ ˂˶)(,,>﹏<,,)(⇀‸↼‶)
Alphabet,0,2048,(˶˃ ᵕ ˂˶)(,,>﹏<,,)(⇀‸↼‶)
Alphabet,0,2050,(˶˃ ᵕ ˂˶)(,,>﹏<,,)(⇀‸↼‶)
Alphabet,0,2051,(˶˃ ᵕ ˂˶)(,,>﹏<,,)(⇀‸↼‶)
Alphabet,0,2052,(˶˃ ᵕ ˂˶)(,,>﹏<,,)(⇀‸↼‶)
Alphabet,0,2053,(˶˃ ᵕ ˂˶)(,,>﹏<,,)(⇀‸↼‶)
Alphabet,0,2054,(˶˃ ᵕ ˂˶)(,,>﹏<,,)(⇀‸↼‶)
Alphabet,0,2057,(˶˃ ᵕ ˂˶)(,,>﹏<,,)(⇀‸↼‶)
Alphabet,0,2058,(˶˃ ᵕ ˂˶)(,,>﹏<,,)(⇀‸↼‶)
Alphabet,0,2059,(˶˃ ᵕ ˂˶)(,,>﹏<,,)(⇀‸↼‶)
Alphabet,0,2060,(˶˃ ᵕ ˂˶)(,,>﹏<,,)(⇀‸↼‶)
Alphabet,0,2061,(˶˃ ᵕ ˂˶)(,,>﹏<,,)(⇀‸↼‶)
Alphabet,0,2062,(˶˃ ᵕ ˂˶)(,,>﹏<,,)(⇀‸↼‶)
Alphabet,0,2064,(˶˃ ᵕ ˂˶)(,,>﹏<,,)(⇀‸↼‶)
Alphabet,0,2065,(˶˃ ᵕ ˂˶)(,,>﹏<,,)(⇀‸↼‶)
Alphabet,0,2069,(˶˃ ᵕ ˂˶)(,,>﹏<,,)(⇀‸↼‶)
Alphabet,0,2070,(˶˃ ᵕ ˂˶)(,,>﹏<,,)(⇀‸↼‶)
Alphabet,0,2071,(˶˃ ᵕ ˂˶)(,,>﹏<,,)(⇀‸↼‶)
Alphabet,0,2072,(˶˃ ᵕ ˂˶)(,,>﹏<,,)(⇀‸↼‶)
Alphabet,0,2073,(˶˃ ᵕ ˂˶)(,,>﹏<,,)(⇀‸↼‶)
Alphabet,0,2074,(˶˃ ᵕ ˂˶)(,,>﹏<,,)(⇀‸↼‶)
Alphabet,0,2075,(˶˃ ᵕ ˂˶)(,,>﹏<,,)(⇀‸↼‶)
Alphabet,0,2076,(˶˃ ᵕ ˂˶)(,,>﹏<,,)(⇀‸↼‶)
Alphabet,0,2077,(˶˃ ᵕ ˂˶)(,,>﹏<,,)(⇀‸↼‶)
Alphabet,0,2078,(˶˃ ᵕ ˂˶)(,,>﹏<,,)(⇀‸↼‶)
Alphabet,0,2079,(˶˃ ᵕ ˂˶)(,,>﹏<,,)(⇀‸↼‶)
Alphabet,0,2080,(˶˃ ᵕ ˂˶)(,,>﹏<,,)(⇀‸↼‶)
Alphabet,0,2081,(˶˃ ᵕ ˂˶)(,,>﹏<,,)(⇀‸↼‶)
Alphabet,0,2082,(˶˃ ᵕ ˂˶)(,,>﹏<,,)(⇀‸↼‶)
Alphabet,0,2083,(˶˃ ᵕ ˂˶)(,,>﹏<,,)(⇀‸↼‶)
Alphabet,0,2084,(˶˃ ᵕ ˂˶)(,,>﹏<,,)(⇀‸↼‶)
Alphabet,0,2085,(˶˃ ᵕ ˂˶)(,,>﹏<,,)(⇀‸↼‶)
Alphabet,0,2086,(˶˃ ᵕ ˂˶)(,,>﹏<,,)(⇀‸↼‶)
Alphabet,0,2087,(˶˃ ᵕ ˂˶)(,,>﹏<,,)(⇀‸↼‶)
Alphabet,0,2088,(˶˃ ᵕ ˂˶)(,,>﹏<,,)(⇀‸↼‶)
Alphabet,0,2089,(˶˃ ᵕ ˂˶)(,,>﹏<,,)(⇀‸↼‶)
Alphabet,0,2090,(˶˃ ᵕ ˂˶)(,,>﹏<,,)(⇀‸↼‶)
Alphabet,0,2091,(˶˃ ᵕ ˂˶)(,,>﹏<,,)(⇀‸↼‶)
Alphabet,0,2092,(˶˃ ᵕ ˂˶)(,,>﹏<,,)(⇀‸↼‶)
Alphabet,0,2093,(˶˃ ᵕ ˂˶)(,,>﹏<,,)(⇀‸↼‶)
Alphabet,0,2094,(˶˃ ᵕ ˂˶)(,,>﹏<,,)(⇀‸↼‶)
Alphabet,0,2095,(˶˃ ᵕ ˂˶)(,,>﹏<,,)(⇀‸↼‶)
Alphabet,0,2096,(˶˃ ᵕ ˂˶)(,,>﹏<,,)(⇀‸↼‶)
Alphabet,0,2097,(˶˃ ᵕ ˂˶)(,,>﹏<,,)(⇀‸↼‶)
Alphabet,0,2098,(˶˃ ᵕ ˂˶)(,,>﹏<,,)(⇀‸↼‶)
Alphabet,0,2099,(˶˃ ᵕ ˂˶)(,,>﹏<,,)(⇀‸↼‶)
Alphabet,0,2100,(˶˃ ᵕ ˂˶)(,,>﹏<,,)(⇀‸↼‶)
Alphabet,0,2101,(˶˃ ᵕ ˂˶)(,,>﹏<,,)(⇀‸↼‶)
Alphabet,0,2102,(˶˃ ᵕ ˂˶)(,,>﹏<,,)(⇀‸↼‶)
Alphabet,0,2103,(˶˃ ᵕ ˂˶)(,,>﹏<,,)(⇀‸↼‶)
Alphabet,0,2104,(˶˃ ᵕ ˂˶)(,,>﹏<,,)(⇀‸↼‶)
Alphabet,0,2105,(˶˃ ᵕ ˂˶)(,,>﹏<,,)(⇀‸↼‶)
Alphabet,0,2106,(˶˃ ᵕ ˂˶)(,,>﹏<,,)(⇀‸↼‶)
Alphabet,0,2107,(˶˃ ᵕ ˂˶)(,,>﹏<,,)(⇀‸↼‶)
Alphabet,0,2108,(˶˃ ᵕ ˂˶)(,,>﹏<,,)(⇀‸↼‶)
Alphabet,0,2109,(˶˃ ᵕ ˂˶)(,,>﹏<,,)(⇀‸↼‶)
Alphabet,0,2110,(˶˃ ᵕ ˂˶)(,,>﹏<,,)(⇀‸↼‶)
Alphabet,0,2111,(˶˃ ᵕ ˂˶)(,,>﹏<,,)(⇀‸↼‶)
Alphabet,0,2112,(˶˃ ᵕ ˂˶)(,,>﹏<,,)(⇀‸↼‶)
Alphabet,0,2113,(˶˃ ᵕ ˂˶)(,,>﹏<,,)(⇀‸↼‶)
Alphabet,0,2114,(˶˃ ᵕ ˂˶)(,,>﹏<,,)(⇀‸↼‶)
Alphabet,0,2115,(˶˃ ᵕ ˂˶)(,,>﹏<,,)(⇀‸↼‶)
Alphabet,0,2116,(˶˃ ᵕ ˂˶)(,,>﹏<,,)(⇀‸↼‶)
Alphabet,0,2117,(˶˃ ᵕ ˂˶)(,,>﹏<,,)(⇀‸↼‶)
Alphabet,0,2118,(˶˃ ᵕ ˂˶)(,,>﹏<,,)(⇀‸↼‶)
Alphabet,0,2119,(˶˃ ᵕ ˂˶)(,,>﹏<,,)(⇀‸↼‶)
Alphabet,0,2120,(˶˃ ᵕ ˂˶)(,,>﹏<,,)(⇀‸↼‶)
Alphabet,0,2121,(˶˃ ᵕ ˂˶)(,,>﹏<,,)(⇀‸↼‶)
Alphabet,0,2122,(˶˃ ᵕ ˂˶)(,,>﹏<,,)(⇀‸↼‶)
Alphabet,0,2124,(˶˃ ᵕ ˂˶)(,,>﹏<,,)(⇀‸↼‶)
Alphabet,0,2125,(˶˃ ᵕ ˂˶)(,,>﹏<,,)(⇀‸↼‶)
Alphabet,0,2126,(˶˃ ᵕ ˂˶)(,,>﹏<,,)(⇀‸↼‶)
Alphabet,0,2127,(˶˃ ᵕ ˂˶)(,,>﹏<,,)(⇀‸↼‶)
Alphabet,0,2128,(˶˃ ᵕ ˂˶)(,,>﹏<,,)(⇀‸↼‶)
Alphabet,0,2129,(˶˃ ᵕ ˂˶)(,,>﹏<,,)(⇀‸↼‶)
Alphabet,0,2130,(˶˃ ᵕ ˂˶)(,,>﹏<,,)(⇀‸↼‶)
Alphabet,0,2131,(˶˃ ᵕ ˂˶)(,,>﹏<,,)(⇀‸↼‶)
Alphabet,0,2132,(˶˃ ᵕ ˂˶)(,,>﹏<,,)(⇀‸↼‶)
Alphabet,0,2133,(˶˃ ᵕ ˂˶)(,,>﹏<,,)(⇀‸↼‶)
Alphabet,0,2134,(˶˃ ᵕ ˂˶)(,,>﹏<,,)(⇀‸↼‶)
Alphabet,0,2135,(˶˃ ᵕ ˂˶)(,,>﹏<,,)(⇀‸↼‶)
Alphabet,0,2136,(˶˃ ᵕ ˂˶)(,,>﹏<,,)(⇀‸↼‶)
Alphabet,0,2137,(˶˃ ᵕ ˂˶)(,,>﹏<,,)(⇀‸↼‶)
Alphabet,0,2138,(˶˃ ᵕ ˂˶)(,,>﹏<,,)(⇀‸↼‶)
Alphabet,0,2139,(˶˃ ᵕ ˂˶)(,,>﹏<,,)(⇀‸↼‶)
Alphabet,0,2140,(˶˃ ᵕ ˂˶)(,,>﹏<,,)(⇀‸↼‶)
Alphabet,0,2141,(˶˃ ᵕ ˂˶)(,,>﹏<,,)(⇀‸↼‶)
Alphabet,0,2142,(˶˃ ᵕ ˂˶)(,,>﹏<,,)(⇀‸↼‶)
Alphabet,0,2143,(˶˃ ᵕ ˂˶)(,,>﹏<,,)(⇀‸↼‶)
Alphabet,0,2144,(˶˃ ᵕ ˂˶)(,,>﹏<,,)(⇀‸↼‶)
Alphabet,0,2145,(˶˃ ᵕ ˂˶)(,,>﹏<,,)(⇀‸↼‶)
Alphabet,0,2146,(˶˃ ᵕ ˂˶)(,,>﹏<,,)(⇀‸↼‶)
Alphabet,0,2148,(˶˃ ᵕ ˂˶)(,,>﹏<,,)(⇀‸↼‶)
Alphabet,0,2150,(˶˃ ᵕ ˂˶)(,,>﹏<,,)(⇀‸↼‶)
Alphabet,0,2151,(˶˃ ᵕ ˂˶)(,,>﹏<,,)(⇀‸↼‶)
Alphabet,0,2153,(˶˃ ᵕ ˂˶)(,,>﹏<,,)(⇀‸↼‶)
Alphabet,0,2155,(˶˃ ᵕ ˂˶)(,,>﹏<,,)(⇀‸↼‶)
Alphabet,0,2156,(˶˃ ᵕ ˂˶)(,,>﹏<,,)(⇀‸↼‶)
Alphabet,0,2157,(˶˃ ᵕ ˂˶)(,,>﹏<,,)(⇀‸↼‶)
Alphabet,0,2158,(˶˃ ᵕ ˂˶)(,,>﹏<,,)(⇀‸↼‶)
Alphabet,0,2159,(˶˃ ᵕ ˂˶)(,,>﹏<,,)(⇀‸↼‶)
Alphabet,0,2160,(˶˃ ᵕ ˂˶)(,,>﹏<,,)(⇀‸↼‶)
Alphabet,0,2161,(˶˃ ᵕ ˂˶)(,,>﹏<,,)(⇀‸↼‶)
Alphabet,0,2162,(˶˃ ᵕ ˂˶)(,,>﹏<,,)(⇀‸↼‶)
Alphabet,0,2163,(˶˃ ᵕ ˂˶)(,,>﹏<,,)(⇀‸↼‶)
Alphabet,0,2164,(˶˃ ᵕ ˂˶)(,,>﹏<,,)(⇀‸↼‶)
Alphabet,0,2165,(˶˃ ᵕ ˂˶)(,,>﹏<,,)(⇀‸↼‶)
Alphabet,0,2166,(˶˃ ᵕ ˂˶)(,,>﹏<,,)(⇀‸↼‶)
Alphabet,0,2167,(˶˃ ᵕ ˂˶)(,,>﹏<,,)(⇀‸↼‶)
Alphabet,0,2168,(˶˃ ᵕ ˂˶)(,,>﹏<,,)(⇀‸↼‶)
Alphabet,0,2169,(˶˃ ᵕ ˂˶)(,,>﹏<,,)(⇀‸↼‶)
Alphabet,0,2170,(˶˃ ᵕ ˂˶)(,,>﹏<,,)(⇀‸↼‶)
Alphabet,0,2171,(˶˃ ᵕ ˂˶)(,,>﹏<,,)(⇀‸↼‶)
Alphabet,0,2172,(˶˃ ᵕ ˂˶)(,,>﹏<,,)(⇀‸↼‶)
Alphabet,0,2173,(˶˃ ᵕ ˂˶)(,,>﹏<,,)(⇀‸↼‶)
Alphabet,0,2174,(˶˃ ᵕ ˂˶)(,,>﹏<,,)(⇀‸↼‶)
Alphabet,0,2175,(˶˃ ᵕ ˂˶)(,,>﹏<,,)(⇀‸↼‶)
Alphabet,0,2176,(˶˃ ᵕ ˂˶)(,,>﹏<,,)(⇀‸↼‶)
Alphabet,0,2179,(˶˃ ᵕ ˂˶)(,,>﹏<,,)(⇀‸↼‶)
Alphabet,0,2180,(˶˃ ᵕ ˂˶)(,,>﹏<,,)(⇀‸↼‶)
Alphabet,0,2183,(˶˃ ᵕ ˂˶)(,,>﹏<,,)(⇀‸↼‶)
Alphabet,0,2184,(˶˃ ᵕ ˂˶)(,,>﹏<,,)(⇀‸↼‶)
Alphabet,0,2185,(˶˃ ᵕ ˂˶)(,,>﹏<,,)(⇀‸↼‶)
Alphabet,0,2186,(˶˃ ᵕ ˂˶)(,,>﹏<,,)(⇀‸↼‶)
Alphabet,0,2187,(˶˃ ᵕ ˂˶)(,,>﹏<,,)(⇀‸↼‶)
Alphabet,0,2188,(˶˃ ᵕ ˂˶)(,,>﹏<,,)(⇀‸↼‶)
Alphabet,0,2190,(˶˃ ᵕ ˂˶)(,,>﹏<,,)(⇀‸↼‶)
Alphabet,0,2191,(˶˃ ᵕ ˂˶)(,,>﹏<,,)(⇀‸↼‶)
Alphabet,0,2192,(˶˃ ᵕ ˂˶)(,,>﹏<,,)(⇀‸↼‶)
Alphabet,0,2193,(˶˃ ᵕ ˂˶)(,,>﹏<,,)(⇀‸↼‶)
Alphabet,0,2194,(˶˃ ᵕ ˂˶)(,,>﹏<,,)(⇀‸↼‶)
Alphabet,0,2195,(˶˃ ᵕ ˂˶)(,,>﹏<,,)(⇀‸↼‶)
Alphabet,0,2196,(˶˃ ᵕ ˂˶)(,,>﹏<,,)(⇀‸↼‶)
Alphabet,0,2197,(˶˃ ᵕ ˂˶)(,,>﹏<,,)(⇀‸↼‶)
Alphabet,0,2198,(˶˃ ᵕ ˂˶)(,,>﹏<,,)(⇀‸↼‶)
Alphabet,0,2199,(˶˃ ᵕ ˂˶)(,,>﹏<,,)(⇀‸↼‶)
Alphabet,0,2200,(˶˃ ᵕ ˂˶)(,,>﹏<,,)(⇀‸↼‶)
Alphabet,0,2201,(˶˃ ᵕ ˂˶)(,,>﹏<,,)(⇀‸↼‶)
Alphabet,0,2202,(˶˃ ᵕ ˂˶)(,,>﹏<,,)(⇀‸↼‶)
Alphabet,0,2203,(˶˃ ᵕ ˂˶)(,,>﹏<,,)(⇀‸↼‶)
Alphabet,0,2204,(˶˃ ᵕ ˂˶)(,,>﹏<,,)(⇀‸↼‶)
Alphabet,0,2205,(˶˃ ᵕ ˂˶)(,,>﹏<,,)(⇀‸↼‶)
Alphabet,0,2206,(˶˃ ᵕ ˂˶)(,,>﹏<,,)(⇀‸↼‶)
Alphabet,0,2207,(˶˃ ᵕ ˂˶)(,,>﹏<,,)(⇀‸↼‶)
Alphabet,0,2208,(˶˃ ᵕ ˂˶)(,,>﹏<,,)(⇀‸↼‶)
Alphabet,0,2209,(˶˃ ᵕ ˂˶)(,,>﹏<,,)(⇀‸↼‶)
Alphabet,0,2210,(˶˃ ᵕ ˂˶)(,,>﹏<,,)(⇀‸↼‶)
Alphabet,0,2211,(˶˃ ᵕ ˂˶)(,,>﹏<,,)(⇀‸↼‶)
Alphabet,0,2212,(˶˃ ᵕ ˂˶)(,,>﹏<,,)(⇀‸↼‶)
Alphabet,0,2213,(˶˃ ᵕ ˂˶)(,,>﹏<,,)(⇀‸↼‶)
Alphabet,0,2214,(˶˃ ᵕ ˂˶)(,,>﹏<,,)(⇀‸↼‶)
Alphabet,0,2215,(˶˃ ᵕ ˂˶)(,,>﹏<,,)(⇀‸↼‶)
Alphabet,0,2216,(˶˃ ᵕ ˂˶)(,,>﹏<,,)(⇀‸↼‶)
Alphabet,0,2217,(˶˃ ᵕ ˂˶)(,,>﹏<,,)(⇀‸↼‶)
Alphabet,0,2218,(˶˃ ᵕ ˂˶)(,,>﹏<,,)(⇀‸↼‶)
Alphabet,0,2219,(˶˃ ᵕ ˂˶)(,,>﹏<,,)(⇀‸↼‶)
Alphabet,0,2220,(˶˃ ᵕ ˂˶)(,,>﹏<,,)(⇀‸↼‶)
Alphabet,0,2221,(˶˃ ᵕ ˂˶)(,,>﹏<,,)(⇀‸↼‶)
Alphabet,0,2222,(˶˃ ᵕ ˂˶)(,,>﹏<,,)(⇀‸↼‶)
Alphabet,0,2223,(˶˃ ᵕ ˂˶)(,,>﹏<,,)(⇀‸↼‶)
Alphabet,0,2224,(˶˃ ᵕ ˂˶)(,,>﹏<,,)(⇀‸↼‶)
Alphabet,0,2225,(˶˃ ᵕ ˂˶)(,,>﹏<,,)(⇀‸↼‶)
Alphabet,0,2226,(˶˃ ᵕ ˂˶)(,,>﹏<,,)(⇀‸↼‶)
Alphabet,0,2227,(˶˃ ᵕ ˂˶)(,,>﹏<,,)(⇀‸↼‶)
Alphabet,0,2229,(˶˃ ᵕ ˂˶)(,,>﹏<,,)(⇀‸↼‶)
Alphabet,0,2230,(˶˃ ᵕ ˂˶)(,,>﹏<,,)(⇀‸↼‶)
Alphabet,0,2231,(˶˃ ᵕ ˂˶)(,,>﹏<,,)(⇀‸↼‶)
Alphabet,0,2232,(˶˃ ᵕ ˂˶)(,,>﹏<,,)(⇀‸↼‶)
Alphabet,0,2233,(˶˃ ᵕ ˂˶)(,,>﹏<,,)(⇀‸↼‶)
Alphabet,0,2234,(˶˃ ᵕ ˂˶)(,,>﹏<,,)(⇀‸↼‶)
Alphabet,0,2235,(˶˃ ᵕ ˂˶)(,,>﹏<,,)(⇀‸↼‶)
Alphabet,0,2236,(˶˃ ᵕ ˂˶)(,,>﹏<,,)(⇀‸↼‶)
Alphabet,0,2237,(˶˃ ᵕ ˂˶)(,,>﹏<,,)(⇀‸↼‶)
Alphabet,0,2238,(˶˃ ᵕ ˂˶)(,,>﹏<,,)(⇀‸↼‶)
Alphabet,0,2239,(˶˃ ᵕ ˂˶)(,,>﹏<,,)(⇀‸↼‶)
Alphabet,0,2240,(˶˃ ᵕ ˂˶)(,,>﹏<,,)(⇀‸↼‶)
Alphabet,0,2241,(˶˃ ᵕ ˂˶)(,,>﹏<,,)(⇀‸↼‶)
Alphabet,0,2242,(˶˃ ᵕ ˂˶)(,,>﹏<,,)(⇀‸↼‶)
Alphabet,0,2243,(˶˃ ᵕ ˂˶)(,,>﹏<,,)(⇀‸↼‶)
Alphabet,0,2244,(˶˃ ᵕ ˂˶)(,,>﹏<,,)(⇀‸↼‶)
Alphabet,0,2245,(˶˃ ᵕ ˂˶)(,,>﹏<,,)(⇀‸↼‶)
Alphabet,0,2246,(˶˃ ᵕ ˂˶)(,,>﹏<,,)(⇀‸↼‶)
Alphabet,0,2247,(˶˃ ᵕ ˂˶)(,,>﹏<,,)(⇀‸↼‶)
Alphabet,0,2248,(˶˃ ᵕ ˂˶)(,,>﹏<,,)(⇀‸↼‶)
Alphabet,0,2249,(˶˃ ᵕ ˂˶)(,,>﹏<,,)(⇀‸↼‶)
Alphabet,0,2250,(˶˃ ᵕ ˂˶)(,,>﹏<,,)(⇀‸↼‶)
Alphabet,0,2251,(˶˃ ᵕ ˂˶)(,,>﹏<,,)(⇀‸↼‶)
Alphabet,0,2252,(˶˃ ᵕ ˂˶)(,,>﹏<,,)(⇀‸↼‶)
Alphabet,0,2253,(˶˃ ᵕ ˂˶)(,,>﹏<,,)(⇀‸↼‶)
Alphabet,0,2254,(˶˃ ᵕ ˂˶)(,,>﹏<,,)(⇀‸↼‶)
Alphabet,0,2255,(˶˃ ᵕ ˂˶)(,,>﹏<,,)(⇀‸↼‶)
Alphabet,0,2256,(˶˃ ᵕ ˂˶)(,,>﹏<,,)(⇀‸↼‶)
Alphabet,0,2257,(˶˃ ᵕ ˂˶)(,,>﹏<,,)(⇀‸↼‶)
Alphabet,0,2258,(˶˃ ᵕ ˂˶)(,,>﹏<,,)(⇀‸↼‶)
Alphabet,0,2259,(˶˃ ᵕ ˂˶)(,,>﹏<,,)(⇀‸↼‶)
Alphabet,0,2260,(˶˃ ᵕ ˂˶)(,,>﹏<,,)(⇀‸↼‶)
Alphabet,0,2261,(˶˃ ᵕ ˂˶)(,,>﹏<,,)(⇀‸↼‶)
Alphabet,0,2262,(˶˃ ᵕ ˂˶)(,,>﹏<,,)(⇀‸↼‶)
Alphabet,0,2263,(˶˃ ᵕ ˂˶)(,,>﹏<,,)(⇀‸↼‶)
Alphabet,0,2264,(˶˃ ᵕ ˂˶)(,,>﹏<,,)(⇀‸↼‶)
Alphabet,0,2265,(˶˃ ᵕ ˂˶)(,,>﹏<,,)(⇀‸↼‶)
Alphabet,0,2266,(˶˃ ᵕ ˂˶)(,,>﹏<,,)(⇀‸↼‶)
Alphabet,0,2267,(˶˃ ᵕ ˂˶)(,,>﹏<,,)(⇀‸↼‶)
Alphabet,0,2268,(˶˃ ᵕ ˂˶)(,,>﹏<,,)(⇀‸↼‶)
Alphabet,0,2269,(˶˃ ᵕ ˂˶)(,,>﹏<,,)(⇀‸↼‶)
Alphabet,0,2270,(˶˃ ᵕ ˂˶)(,,>﹏<,,)(⇀‸↼‶)
Alphabet,0,2271,(˶˃ ᵕ ˂˶)(,,>﹏<,,)(⇀‸↼‶)
Alphabet,0,2272,(˶˃ ᵕ ˂˶)(,,>﹏<,,)(⇀‸↼‶)
Alphabet,0,2273,(˶˃ ᵕ ˂˶)(,,>﹏<,,)(⇀‸↼‶)
Alphabet,0,2274,(˶˃ ᵕ ˂˶)(,,>﹏<,,)(⇀‸↼‶)
Alphabet,0,2275,(˶˃ ᵕ ˂˶)(,,>﹏<,,)(⇀‸↼‶)
Alphabet,0,2276,(˶˃ ᵕ ˂˶)(,,>﹏<,,)(⇀‸↼‶)
Alphabet,0,2277,(˶˃ ᵕ ˂˶)(,,>﹏<,,)(⇀‸↼‶)
Alphabet,0,2278,(˶˃ ᵕ ˂˶)(,,>﹏<,,)(⇀‸↼‶)
Alphabet,0,2279,(˶˃ ᵕ ˂˶)(,,>﹏<,,)(⇀‸↼‶)
Alphabet,0,2280,(˶˃ ᵕ ˂˶)(,,>﹏<,,)(⇀‸↼‶)
Alphabet,0,2281,(˶˃ ᵕ ˂˶)(,,>﹏<,,)(⇀‸↼‶)
Alphabet,0,2282,(˶˃ ᵕ ˂˶)(,,>﹏<,,)(⇀‸↼‶)
Japanese,0,0603,(˶˃ ᵕ ˂˶)(,,>﹏<,,)(⇀‸↼‶)
Japanese,0,0604,(˶˃ ᵕ ˂˶)(,,>﹏<,,)(⇀‸↼‶)
Japanese,0,0605,(˶˃ ᵕ ˂˶)(,,>﹏<,,)(⇀‸↼‶)
Japanese,0,0606,(˶˃ ᵕ ˂˶)(,,>﹏<,,)(⇀‸↼‶)
Japanese,0,0607,(˶˃ ᵕ ˂˶)(,,>﹏<,,)(⇀‸↼‶)
Japanese,0,0608,(˶˃ ᵕ ˂˶)(,,>﹏<,,)(⇀‸↼‶)
Japanese,0,0609,(˶˃ ᵕ ˂˶)(,,>﹏<,,)(⇀‸↼‶)
Japanese,0,0610,(˶˃ ᵕ ˂˶)(,,>﹏<,,)(⇀‸↼‶)
Japanese,0,0611,(˶˃ ᵕ ˂˶)(,,>﹏<,,)(⇀‸↼‶)
Japanese,0,0612,(˶˃ ᵕ ˂˶)(,,>﹏<,,)(⇀‸↼‶)
Japanese,0,0613,(˶˃ ᵕ ˂˶)(,,>﹏<,,)(⇀‸↼‶)
Japanese,0,0614,(˶˃ ᵕ ˂˶)(,,>﹏<,,)(⇀‸↼‶)
Japanese,0,0615,(˶˃ ᵕ ˂˶)(,,>﹏<,,)(⇀‸↼‶)
Japanese,0,0616,(˶˃ ᵕ ˂˶)(,,>﹏<,,)(⇀‸↼‶)
Japanese,0,0617,(˶˃ ᵕ ˂˶)(,,>﹏<,,)(⇀‸↼‶)
Japanese,0,0618,(˶˃ ᵕ ˂˶)(,,>﹏<,,)(⇀‸↼‶)
Japanese,0,0619,(˶˃ ᵕ ˂˶)(,,>﹏<,,)(⇀‸↼‶)
Japanese,0,0620,(˶˃ ᵕ ˂˶)(,,>﹏<,,)(⇀‸↼‶)
Japanese,0,0621,(˶˃ ᵕ ˂˶)(,,>﹏<,,)(⇀‸↼‶)
Japanese,0,0622,(˶˃ ᵕ ˂˶)(,,>﹏<,,)(⇀‸↼‶)
Japanese,0,0623,(˶˃ ᵕ ˂˶)(,,>﹏<,,)(⇀‸↼‶)
Japanese,0,0624,(˶˃ ᵕ ˂˶)(,,>﹏<,,)(⇀‸↼‶)
Japanese,0,0625,(˶˃ ᵕ ˂˶)(,,>﹏<,,)(⇀‸↼‶)
Japanese,0,0626,(˶˃ ᵕ ˂˶)(,,>﹏<,,)(⇀‸↼‶)
Japanese,0,0627,(˶˃ ᵕ ˂˶)(,,>﹏<,,)(⇀‸↼‶)
Japanese,0,0628,(˶˃ ᵕ ˂˶)(,,>﹏<,,)(⇀‸↼‶)
Japanese,0,0629,(˶˃ ᵕ ˂˶)(,,>﹏<,,)(⇀‸↼‶)
Japanese,0,0630,(˶˃ ᵕ ˂˶)(,,>﹏<,,)(⇀‸↼‶)
Japanese,0,0631,(˶˃ ᵕ ˂˶)(,,>﹏<,,)(⇀‸↼‶)
Japanese,0,0632,(˶˃ ᵕ ˂˶)(,,>﹏<,,)(⇀‸↼‶)
Japanese,0,0633,(˶˃ ᵕ ˂˶)(,,>﹏<,,)(⇀‸↼‶)
Japanese,0,0634,(˶˃ ᵕ ˂˶)(,,>﹏<,,)(⇀‸↼‶)
Japanese,0,0635,(˶˃ ᵕ ˂˶)(,,>﹏<,,)(⇀‸↼‶)
Japanese,0,0636,(˶˃ ᵕ ˂˶)(,,>﹏<,,)(⇀‸↼‶)
Japanese,0,0637,(˶˃ ᵕ ˂˶)(,,>﹏<,,)(⇀‸↼‶)
Japanese,0,0638,(˶˃ ᵕ ˂˶)(,,>﹏<,,)(⇀‸↼‶)
Japanese,0,0639,(˶˃ ᵕ ˂˶)(,,>﹏<,,)(⇀‸↼‶)
Japanese,0,0640,(˶˃ ᵕ ˂˶)(,,>﹏<,,)(⇀‸↼‶)
Japanese,0,0641,(˶˃ ᵕ ˂˶)(,,>﹏<,,)(⇀‸↼‶)
Japanese,0,0642,(˶˃ ᵕ ˂˶)(,,>﹏<,,)(⇀‸↼‶)
Japanese,0,0643,(˶˃ ᵕ ˂˶)(,,>﹏<,,)(⇀‸↼‶)
Japanese,0,0644,(˶˃ ᵕ ˂˶)(,,>﹏<,,)(⇀‸↼‶)
Japanese,0,0645,(˶˃ ᵕ ˂˶)(,,>﹏<,,)(⇀‸↼‶)
Japanese,0,0646,(˶˃ ᵕ ˂˶)(,,>﹏<,,)(⇀‸↼‶)
Japanese,0,0647,(˶˃ ᵕ ˂˶)(,,>﹏<,,)(⇀‸↼‶)
Japanese,0,0648,(˶˃ ᵕ ˂˶)(,,>﹏<,,)(⇀‸↼‶)
Japanese,0,0649,(˶˃ ᵕ ˂˶)(,,>﹏<,,)(⇀‸↼‶)
Japanese,0,0650,(˶˃ ᵕ ˂˶)(,,>﹏<,,)(⇀‸↼‶)
Japanese,0,0651,(˶˃ ᵕ ˂˶)(,,>﹏<,,)(⇀‸↼‶)
Japanese,0,0652,(˶˃ ᵕ ˂˶)(,,>﹏<,,)(⇀‸↼‶)
Japanese,0,0653,(˶˃ ᵕ ˂˶)(,,>﹏<,,)(⇀‸↼‶)
Japanese,0,0654,(˶˃ ᵕ ˂˶)(,,>﹏<,,)(⇀‸↼‶)
Japanese,0,0655,(˶˃ ᵕ ˂˶)(,,>﹏<,,)(⇀‸↼‶)
Japanese,0,0656,(˶˃ ᵕ ˂˶)(,,>﹏<,,)(⇀‸↼‶)
Japanese,0,0657,(˶˃ ᵕ ˂˶)(,,>﹏<,,)(⇀‸↼‶)
Japanese,0,0658,(˶˃ ᵕ ˂˶)(,,>﹏<,,)(⇀‸↼‶)
Japanese,0,0659,(˶˃ ᵕ ˂˶)(,,>﹏<,,)(⇀‸↼‶)
Japanese,0,0660,(˶˃ ᵕ ˂˶)(,,>﹏<,,)(⇀‸↼‶)
Japanese,0,0661,(˶˃ ᵕ ˂˶)(,,>﹏<,,)(⇀‸↼‶)
Japanese,0,0662,(˶˃ ᵕ ˂˶)(,,>﹏<,,)(⇀‸↼‶)
Japanese,0,0663,(˶˃ ᵕ ˂˶)(,,>﹏<,,)(⇀‸↼‶)
Japanese,0,0664,(˶˃ ᵕ ˂˶)(,,>﹏<,,)(⇀‸↼‶)
Japanese,0,0665,(˶˃ ᵕ ˂˶)(,,>﹏<,,)(⇀‸↼‶)
Japanese,0,0666,(˶˃ ᵕ ˂˶)(,,>﹏<,,)(⇀‸↼‶)
Japanese,0,0667,(˶˃ ᵕ ˂˶)(,,>﹏<,,)(⇀‸↼‶)
Japanese,0,0668,(˶˃ ᵕ ˂˶)(,,>﹏<,,)(⇀‸↼‶)
Japanese,0,0669,(˶˃ ᵕ ˂˶)(,,>﹏<,,)(⇀‸↼‶)
Japanese,0,0670,(˶˃ ᵕ ˂˶)(,,>﹏<,,)(⇀‸↼‶)
Japanese,0,0671,(˶˃ ᵕ ˂˶)(,,>﹏<,,)(⇀‸↼‶)
Japanese,0,0672,(˶˃ ᵕ ˂˶)(,,>﹏<,,)(⇀‸↼‶)
Japanese,0,0673,(˶˃ ᵕ ˂˶)(,,>﹏<,,)(⇀‸↼‶)
Japanese,0,0674,(˶˃ ᵕ ˂˶)(,,>﹏<,,)(⇀‸↼‶)
Japanese,0,0675,(˶˃ ᵕ ˂˶)(,,>﹏<,,)(⇀‸↼‶)
Japanese,0,0676,(˶˃ ᵕ ˂˶)(,,>﹏<,,)(⇀‸↼‶)
Japanese,0,0677,(˶˃ ᵕ ˂˶)(,,>﹏<,,)(⇀‸↼‶)
Japanese,0,0678,(˶˃ ᵕ ˂˶)(,,>﹏<,,)(⇀‸↼‶)
Japanese,0,0679,(˶˃ ᵕ ˂˶)(,,>﹏<,,)(⇀‸↼‶)
Japanese,0,0680,(˶˃ ᵕ ˂˶)(,,>﹏<,,)(⇀‸↼‶)
Japanese,0,0681,(˶˃ ᵕ ˂˶)(,,>﹏<,,)(⇀‸↼‶)
Japanese,0,0682,(˶˃ ᵕ ˂˶)(,,>﹏<,,)(⇀‸↼‶)
Japanese,0,0683,(˶˃ ᵕ ˂˶)(,,>﹏<,,)(⇀‸↼‶)
Japanese,0,0684,(˶˃ ᵕ ˂˶)(,,>﹏<,,)(⇀‸↼‶)
NG_name,0,0603,(˶˃ ᵕ ˂˶)(,,>﹏<,,)(⇀‸↼‶)
NG_name,0,0604,(˶˃ ᵕ ˂˶)(,,>﹏<,,)(⇀‸↼‶)
NG_name,0,0605,(˶˃ ᵕ ˂˶)(,,>﹏<,,)(⇀‸↼‶)
NG_name,0,0606,(˶˃ ᵕ ˂˶)(,,>﹏<,,)(⇀‸↼‶)
NG_name,0,0607,(˶˃ ᵕ ˂˶)(,,>﹏<,,)(⇀‸↼‶)
NG_name,0,0608,(˶˃ ᵕ ˂˶)(,,>﹏<,,)(⇀‸↼‶)
NG_name,0,0609,(˶˃ ᵕ ˂˶)(,,>﹏<,,)(⇀‸↼‶)
NG_name,0,0610,(˶˃ ᵕ ˂˶)(,,>﹏<,,)(⇀‸↼‶)
NG_name,0,0611,(˶˃ ᵕ ˂˶)(,,>﹏<,,)(⇀‸↼‶)
NG_name,0,0612,(˶˃ ᵕ ˂˶)(,,>﹏<,,)(⇀‸↼‶)
NG_name,0,0613,(˶˃ ᵕ ˂˶)(,,>﹏<,,)(⇀‸↼‶)
NG_name,0,0614,(˶˃ ᵕ ˂˶)(,,>﹏<,,)(⇀‸↼‶)
NG_name,0,0615,(˶˃ ᵕ ˂˶)(,,>﹏<,,)(⇀‸↼‶)
NG_name,0,0616,(˶˃ ᵕ ˂˶)(,,>﹏<,,)(⇀‸↼‶)
NG_name,0,0617,(˶˃ ᵕ ˂˶)(,,>﹏<,,)(⇀‸↼‶)
NG_name,0,0618,(˶˃ ᵕ ˂˶)(,,>﹏<,,)(⇀‸↼‶)
NG_name,0,0619,(˶˃ ᵕ ˂˶)(,,>﹏<,,)(⇀‸↼‶)
NG_name,0,0620,(˶˃ ᵕ ˂˶)(,,>﹏<,,)(⇀‸↼‶)
NG_name,0,0621,(˶˃ ᵕ ˂˶)(,,>﹏<,,)(⇀‸↼‶)
NG_name,0,0622,(˶˃ ᵕ ˂˶)(,,>﹏<,,)(⇀‸↼‶)
NG_name,0,0623,(˶˃ ᵕ ˂˶)(,,>﹏<,,)(⇀‸↼‶)
NG_name,0,0624,(˶˃ ᵕ ˂˶)(,,>﹏<,,)(⇀‸↼‶)
NG_name,0,0625,(˶˃ ᵕ ˂˶)(,,>﹏<,,)(⇀‸↼‶)
NG_name,0,0626,(˶˃ ᵕ ˂˶)(,,>﹏<,,)(⇀‸↼‶)
NG_name,0,0627,(˶˃ ᵕ ˂˶)(,,>﹏<,,)(⇀‸↼‶)
NG_name,0,0628,(˶˃ ᵕ ˂˶)(,,>﹏<,,)(⇀‸↼‶)
NG_name,0,0629,(˶˃ ᵕ ˂˶)(,,>﹏<,,)(⇀‸↼‶)
NG_name,0,0630,(˶˃ ᵕ ˂˶)(,,>﹏<,,)(⇀‸↼‶)
NG_name,0,0631,(˶˃ ᵕ ˂˶)(,,>﹏<,,)(⇀‸↼‶)
NG_name,0,0632,(˶˃ ᵕ ˂˶)(,,>﹏<,,)(⇀‸↼‶)
NG_name,0,0633,(˶˃ ᵕ ˂˶)(,,>﹏<,,)(⇀‸↼‶)
NG_name,0,0634,(˶˃ ᵕ ˂˶)(,,>﹏<,,)(⇀‸↼‶)
NG_name,0,0635,(˶˃ ᵕ ˂˶)(,,>﹏<,,)(⇀‸↼‶)
NG_name,0,0636,(˶˃ ᵕ ˂˶)(,,>﹏<,,)(⇀‸↼‶)
NG_name,0,0637,(˶˃ ᵕ ˂˶)(,,>﹏<,,)(⇀‸↼‶)
NG_name,0,0638,(˶˃ ᵕ ˂˶)(,,>﹏<,,)(⇀‸↼‶)
NG_name,0,0639,(˶˃ ᵕ ˂˶)(,,>﹏<,,)(⇀‸↼‶)
NG_name,0,0640,(˶˃ ᵕ ˂˶)(,,>﹏<,,)(⇀‸↼‶)
NG_name,0,0641,(˶˃ ᵕ ˂˶)(,,>﹏<,,)(⇀‸↼‶)
NG_name,0,0642,(˶˃ ᵕ ˂˶)(,,>﹏<,,)(⇀‸↼‶)
NG_name,0,0643,(˶˃ ᵕ ˂˶)(,,>﹏<,,)(⇀‸↼‶)
NG_name,0,0644,(˶˃ ᵕ ˂˶)(,,>﹏<,,)(⇀‸↼‶)
NG_name,0,0646,(˶˃ ᵕ ˂˶)(,,>﹏<,,)(⇀‸↼‶)
NG_name,0,0647,(˶˃ ᵕ ˂˶)(,,>﹏<,,)(⇀‸↼‶)
NG_name,0,0648,(˶˃ ᵕ ˂˶)(,,>﹏<,,)(⇀‸↼‶)
NG_name,0,0650,(˶˃ ᵕ ˂˶)(,,>﹏<,,)(⇀‸↼‶)
NG_name,0,0651,(˶˃ ᵕ ˂˶)(,,>﹏<,,)(⇀‸↼‶)
NG_name,0,0652,(˶˃ ᵕ ˂˶)(,,>﹏<,,)(⇀‸↼‶)
NG_name,0,0653,(˶˃ ᵕ ˂˶)(,,>﹏<,,)(⇀‸↼‶)
NG_name,0,0654,(˶˃ ᵕ ˂˶)(,,>﹏<,,)(⇀‸↼‶)
NG_name,0,0655,(˶˃ ᵕ ˂˶)(,,>﹏<,,)(⇀‸↼‶)
NG_name,0,0656,(˶˃ ᵕ ˂˶)(,,>﹏<,,)(⇀‸↼‶)
NG_name,0,0657,(˶˃ ᵕ ˂˶)(,,>﹏<,,)(⇀‸↼‶)
NG_name,0,0658,(˶˃ ᵕ ˂˶)(,,>﹏<,,)(⇀‸↼‶)
NG_name,0,0659,(˶˃ ᵕ ˂˶)(,,>﹏<,,)(⇀‸↼‶)
NG_name,0,0660,(˶˃ ᵕ ˂˶)(,,>﹏<,,)(⇀‸↼‶)
NG_name,0,0661,(˶˃ ᵕ ˂˶)(,,>﹏<,,)(⇀‸↼‶)
NG_name,0,0662,(˶˃ ᵕ ˂˶)(,,>﹏<,,)(⇀‸↼‶)
NG_name,0,0663,(˶˃ ᵕ ˂˶)(,,>﹏<,,)(⇀‸↼‶)
NG_name,0,0664,(˶˃ ᵕ ˂˶)(,,>﹏<,,)(⇀‸↼‶)
NG_name,0,0665,(˶˃ ᵕ ˂˶)(,,>﹏<,,)(⇀‸↼‶)
NG_name,0,0666,(˶˃ ᵕ ˂˶)(,,>﹏<,,)(⇀‸↼‶)
NG_name,0,0667,(˶˃ ᵕ ˂˶)(,,>﹏<,,)(⇀‸↼‶)
NG_name,0,0668,(˶˃ ᵕ ˂˶)(,,>﹏<,,)(⇀‸↼‶)
NG_name,0,0669,(˶˃ ᵕ ˂˶)(,,>﹏<,,)(⇀‸↼‶)
NG_name,0,0670,(˶˃ ᵕ ˂˶)(,,>﹏<,,)(⇀‸↼‶)
NG_name,0,0671,(˶˃ ᵕ ˂˶)(,,>﹏<,,)(⇀‸↼‶)
NG_name,0,0672,(˶˃ ᵕ ˂˶)(,,>﹏<,,)(⇀‸↼‶)
NG_name,0,0673,(˶˃ ᵕ ˂˶)(,,>﹏<,,)(⇀‸↼‶)
NG_name,0,0674,(˶˃ ᵕ ˂˶)(,,>﹏<,,)(⇀‸↼‶)
NG_name,0,0675,(˶˃ ᵕ ˂˶)(,,>﹏<,,)(⇀‸↼‶)
NG_name,0,0676,(˶˃ ᵕ ˂˶)(,,>﹏<,,)(⇀‸↼‶)
NG_name,0,0677,(˶˃ ᵕ ˂˶)(,,>﹏<,,)(⇀‸↼‶)
NG_name,0,0678,(˶˃ ᵕ ˂˶)(,,>﹏<,,)(⇀‸↼‶)
NG_name,0,0679,(˶˃ ᵕ ˂˶)(,,>﹏<,,)(⇀‸↼‶)
NG_name,0,0680,(˶˃ ᵕ ˂˶)(,,>﹏<,,)(⇀‸↼‶)
NG_name,0,0681,(˶˃ ᵕ ˂˶)(,,>﹏<,,)(⇀‸↼‶)
NG_name,0,0682,(˶˃ ᵕ ˂˶)(,,>﹏<,,)(⇀‸↼‶)
NG_name,0,0683,(˶˃ ᵕ ˂˶)(,,>﹏<,,)(⇀‸↼‶)
NG_name,0,0684,(˶˃ ᵕ ˂˶)(,,>﹏<,,)(⇀‸↼‶)
NG_name,0,0685,(˶˃ ᵕ ˂˶)(,,>﹏<,,)(⇀‸↼‶)
NG_name,0,0686,(˶˃ ᵕ ˂˶)(,,>﹏<,,)(⇀‸↼‶)
NG_name,0,0687,(˶˃ ᵕ ˂˶)(,,>﹏<,,)(⇀‸↼‶)
NG_name,0,0688,(˶˃ ᵕ ˂˶)(,,>﹏<,,)(⇀‸↼‶)
NG_name,0,0689,(˶˃ ᵕ ˂˶)(,,>﹏<,,)(⇀‸↼‶)
NG_name,0,0690,(˶˃ ᵕ ˂˶)(,,>﹏<,,)(⇀‸↼‶)
NG_name,0,0691,(˶˃ ᵕ ˂˶)(,,>﹏<,,)(⇀‸↼‶)
NG_name,0,0692,(˶˃ ᵕ ˂˶)(,,>﹏<,,)(⇀‸↼‶)
NG_name,0,0693,(˶˃ ᵕ ˂˶)(,,>﹏<,,)(⇀‸↼‶)
NG_name,0,0694,(˶˃ ᵕ ˂˶)(,,>﹏<,,)(⇀‸↼‶)
NG_name,0,0695,(˶˃ ᵕ ˂˶)(,,>﹏<,,)(⇀‸↼‶)
NG_name,0,0696,(˶˃ ᵕ ˂˶)(,,>﹏<,,)(⇀‸↼‶)
NG_name,0,0697,(˶˃ ᵕ ˂˶)(,,>﹏<,,)(⇀‸↼‶)
NG_name,0,0698,(˶˃ ᵕ ˂˶)(,,>﹏<,,)(⇀‸↼‶)
NG_name,0,0699,(˶˃ ᵕ ˂˶)(,,>﹏<,,)(⇀‸↼‶)
NG_name,0,0700,(˶˃ ᵕ ˂˶)(,,>﹏<,,)(⇀‸↼‶)
NG_name,0,0701,(˶˃ ᵕ ˂˶)(,,>﹏<,,)(⇀‸↼‶)
NG_name,0,0702,(˶˃ ᵕ ˂˶)(,,>﹏<,,)(⇀‸↼‶)
NG_name,0,0703,(˶˃ ᵕ ˂˶)(,,>﹏<,,)(⇀‸↼‶)
NG_name,0,0704,(˶˃ ᵕ ˂˶)(,,>﹏<,,)(⇀‸↼‶)
NG_name,0,0705,(˶˃ ᵕ ˂˶)(,,>﹏<,,)(⇀‸↼‶)
NG_name,0,0710,(˶˃ ᵕ ˂˶)(,,>﹏<,,)(⇀‸↼‶)
NG_name,0,0711,(˶˃ ᵕ ˂˶)(,,>﹏<,,)(⇀‸↼‶)
NG_name,0,0712,(˶˃ ᵕ ˂˶)(,,>﹏<,,)(⇀‸↼‶)
NG_name,0,0713,(˶˃ ᵕ ˂˶)(,,>﹏<,,)(⇀‸↼‶)
NG_name,0,0714,(˶˃ ᵕ ˂˶)(,,>﹏<,,)(⇀‸↼‶)
NG_name,0,0715,(˶˃ ᵕ ˂˶)(,,>﹏<,,)(⇀‸↼‶)
NG_name,0,0716,(˶˃ ᵕ ˂˶)(,,>﹏<,,)(⇀‸↼‶)
NG_name,0,0717,(˶˃ ᵕ ˂˶)(,,>﹏<,,)(⇀‸↼‶)
NG_name,0,0718,(˶˃ ᵕ ˂˶)(,,>﹏<,,)(⇀‸↼‶)
NG_name,0,0719,(˶˃ ᵕ ˂˶)(,,>﹏<,,)(⇀‸↼‶)
NG_name,0,0720,(˶˃ ᵕ ˂˶)(,,>﹏<,,)(⇀‸↼‶)
NG_name,0,0721,(˶˃ ᵕ ˂˶)(,,>﹏<,,)(⇀‸↼‶)
NG_name,0,0722,(˶˃ ᵕ ˂˶)(,,>﹏<,,)(⇀‸↼‶)
NG_name,0,0723,(˶˃ ᵕ ˂˶)(,,>﹏<,,)(⇀‸↼‶)
NG_name,0,0724,(˶˃ ᵕ ˂˶)(,,>﹏<,,)(⇀‸↼‶)
NG_name,0,0725,(˶˃ ᵕ ˂˶)(,,>﹏<,,)(⇀‸↼‶)
NG_name,0,0726,(˶˃ ᵕ ˂˶)(,,>﹏<,,)(⇀‸↼‶)
NG_name,0,0727,(˶˃ ᵕ ˂˶)(,,>﹏<,,)(⇀‸↼‶)
NG_name,0,0728,(˶˃ ᵕ ˂˶)(,,>﹏<,,)(⇀‸↼‶)
NG_name,0,0729,(˶˃ ᵕ ˂˶)(,,>﹏<,,)(⇀‸↼‶)
NG_name,0,0730,(˶˃ ᵕ ˂˶)(,,>﹏<,,)(⇀‸↼‶)
NG_name,0,0731,(˶˃ ᵕ ˂˶)(,,>﹏<,,)(⇀‸↼‶)
NG_name,0,0732,(˶˃ ᵕ ˂˶)(,,>﹏<,,)(⇀‸↼‶)
NG_name,0,0733,(˶˃ ᵕ ˂˶)(,,>﹏<,,)(⇀‸↼‶)
NG_name,0,0734,(˶˃ ᵕ ˂˶)(,,>﹏<,,)(⇀‸↼‶)
NG_name,0,0735,(˶˃ ᵕ ˂˶)(,,>﹏<,,)(⇀‸↼‶)
NG_name,0,0736,(˶˃ ᵕ ˂˶)(,,>﹏<,,)(⇀‸↼‶)
NG_name,0,0737,(˶˃ ᵕ ˂˶)(,,>﹏<,,)(⇀‸↼‶)
NG_name,0,0738,(˶˃ ᵕ ˂˶)(,,>﹏<,,)(⇀‸↼‶)
NG_name,0,0739,(˶˃ ᵕ ˂˶)(,,>﹏<,,)(⇀‸↼‶)
NG_name,0,0740,(˶˃ ᵕ ˂˶)(,,>﹏<,,)(⇀‸↼‶)
NG_name,0,0741,(˶˃ ᵕ ˂˶)(,,>﹏<,,)(⇀‸↼‶)
NG_name,0,0742,(˶˃ ᵕ ˂˶)(,,>﹏<,,)(⇀‸↼‶)
NG_name,0,0743,(˶˃ ᵕ ˂˶)(,,>﹏<,,)(⇀‸↼‶)
NG_name,0,0744,(˶˃ ᵕ ˂˶)(,,>﹏<,,)(⇀‸↼‶)
NG_name,0,0745,(˶˃ ᵕ ˂˶)(,,>﹏<,,)(⇀‸↼‶)
NG_name,0,0746,(˶˃ ᵕ ˂˶)(,,>﹏<,,)(⇀‸↼‶)
NG_name,0,0747,(˶˃ ᵕ ˂˶)(,,>﹏<,,)(⇀‸↼‶)
NG_name,0,0748,(˶˃ ᵕ ˂˶)(,,>﹏<,,)(⇀‸↼‶)
NG_name,0,0749,(˶˃ ᵕ ˂˶)(,,>﹏<,,)(⇀‸↼‶)
NG_name,0,0750,(˶˃ ᵕ ˂˶)(,,>﹏<,,)(⇀‸↼‶)
NG_name,0,0751,(˶˃ ᵕ ˂˶)(,,>﹏<,,)(⇀‸↼‶)
NG_name,0,0752,(˶˃ ᵕ ˂˶)(,,>﹏<,,)(⇀‸↼‶)
NG_name,0,0753,(˶˃ ᵕ ˂˶)(,,>﹏<,,)(⇀‸↼‶)
NG_name,0,0754,(˶˃ ᵕ ˂˶)(,,>﹏<,,)(⇀‸↼‶)
NG_name,0,0755,(˶˃ ᵕ ˂˶)(,,>﹏<,,)(⇀‸↼‶)
NG_name,0,0756,(˶˃ ᵕ ˂˶)(,,>﹏<,,)(⇀‸↼‶)
NG_name,0,0757,(˶˃ ᵕ ˂˶)(,,>﹏<,,)(⇀‸↼‶)
NG_name,0,0758,(˶˃ ᵕ ˂˶)(,,>﹏<,,)(⇀‸↼‶)
NG_name,0,0759,(˶˃ ᵕ ˂˶)(,,>﹏<,,)(⇀‸↼‶)
NG_name,0,0760,(˶˃ ᵕ ˂˶)(,,>﹏<,,)(⇀‸↼‶)
NG_name,0,0761,(˶˃ ᵕ ˂˶)(,,>﹏<,,)(⇀‸↼‶)
NG_name,0,0762,(˶˃ ᵕ ˂˶)(,,>﹏<,,)(⇀‸↼‶)
NG_name,0,0763,(˶˃ ᵕ ˂˶)(,,>﹏<,,)(⇀‸↼‶)
NG_name,0,0764,(˶˃ ᵕ ˂˶)(,,>﹏<,,)(⇀‸↼‶)
NG_name,0,0765,(˶˃ ᵕ ˂˶)(,,>﹏<,,)(⇀‸↼‶)
NG_name,0,0766,(˶˃ ᵕ ˂˶)(,,>﹏<,,)(⇀‸↼‶)
NG_name,0,0767,(˶˃ ᵕ ˂˶)(,,>﹏<,,)(⇀‸↼‶)
NG_name,0,0768,(˶˃ ᵕ ˂˶)(,,>﹏<,,)(⇀‸↼‶)
NG_name,0,0769,(˶˃ ᵕ ˂˶)(,,>﹏<,,)(⇀‸↼‶)
NG_name,0,0770,(˶˃ ᵕ ˂˶)(,,>﹏<,,)(⇀‸↼‶)
NG_name,0,0771,(˶˃ ᵕ ˂˶)(,,>﹏<,,)(⇀‸↼‶)
NG_name,0,0772,(˶˃ ᵕ ˂˶)(,,>﹏<,,)(⇀‸↼‶)
NG_name,0,0773,(˶˃ ᵕ ˂˶)(,,>﹏<,,)(⇀‸↼‶)
NG_name,0,0774,(˶˃ ᵕ ˂˶)(,,>﹏<,,)(⇀‸↼‶)
NG_name,0,0775,(˶˃ ᵕ ˂˶)(,,>﹏<,,)(⇀‸↼‶)
NG_name,0,0776,(˶˃ ᵕ ˂˶)(,,>﹏<,,)(⇀‸↼‶)
NG_name,0,0777,(˶˃ ᵕ ˂˶)(,,>﹏<,,)(⇀‸↼‶)
NG_name,0,0778,(˶˃ ᵕ ˂˶)(,,>﹏<,,)(⇀‸↼‶)
NG_name,0,0779,(˶˃ ᵕ ˂˶)(,,>﹏<,,)(⇀‸↼‶)
NG_name,0,0780,(˶˃ ᵕ ˂˶)(,,>﹏<,,)(⇀‸↼‶)
NG_name,0,0781,(˶˃ ᵕ ˂˶)(,,>﹏<,,)(⇀‸↼‶)
NG_name,0,0782,(˶˃ ᵕ ˂˶)(,,>﹏<,,)(⇀‸↼‶)
NG_name,0,0783,(˶˃ ᵕ ˂˶)(,,>﹏<,,)(⇀‸↼‶)
NG_name,0,0784,(˶˃ ᵕ ˂˶)(,,>﹏<,,)(⇀‸↼‶)
NG_name,0,0785,(˶˃ ᵕ ˂˶)(,,>﹏<,,)(⇀‸↼‶)
NG_name,0,0786,(˶˃ ᵕ ˂˶)(,,>﹏<,,)(⇀‸↼‶)
NG_name,0,0787,(˶˃ ᵕ ˂˶)(,,>﹏<,,)(⇀‸↼‶)
NG_name,0,0788,(˶˃ ᵕ ˂˶)(,,>﹏<,,)(⇀‸↼‶)
NG_name,0,0789,(˶˃ ᵕ ˂˶)(,,>﹏<,,)(⇀‸↼‶)
NG_name,0,0790,(˶˃ ᵕ ˂˶)(,,>﹏<,,)(⇀‸↼‶)
NG_name,0,0791,(˶˃ ᵕ ˂˶)(,,>﹏<,,)(⇀‸↼‶)
NG_name,0,0792,(˶˃ ᵕ ˂˶)(,,>﹏<,,)(⇀‸↼‶)
NG_name,0,0793,(˶˃ ᵕ ˂˶)(,,>﹏<,,)(⇀‸↼‶)
NG_name,0,0794,(˶˃ ᵕ ˂˶)(,,>﹏<,,)(⇀‸↼‶)
NG_name,0,0795,(˶˃ ᵕ ˂˶)(,,>﹏<,,)(⇀‸↼‶)
NG_name,0,0796,(˶˃ ᵕ ˂˶)(,,>﹏<,,)(⇀‸↼‶)
NG_name,0,0797,(˶˃ ᵕ ˂˶)(,,>﹏<,,)(⇀‸↼‶)
NG_name,0,0798,(˶˃ ᵕ ˂˶)(,,>﹏<,,)(⇀‸↼‶)
NG_name,0,0799,(˶˃ ᵕ ˂˶)(,,>﹏<,,)(⇀‸↼‶)
NG_name,0,0800,(˶˃ ᵕ ˂˶)(,,>﹏<,,)(⇀‸↼‶)
NG_name,0,0801,(˶˃ ᵕ ˂˶)(,,>﹏<,,)(⇀‸↼‶)
NG_name,0,0802,(˶˃ ᵕ ˂˶)(,,>﹏<,,)(⇀‸↼‶)
NG_name,0,0803,(˶˃ ᵕ ˂˶)(,,>﹏<,,)(⇀‸↼‶)
NG_name,0,0804,(˶˃ ᵕ ˂˶)(,,>﹏<,,)(⇀‸↼‶)
NG_name,0,0805,(˶˃ ᵕ ˂˶)(,,>﹏<,,)(⇀‸↼‶)
NG_name,0,0806,(˶˃ ᵕ ˂˶)(,,>﹏<,,)(⇀‸↼‶)
NG_name,0,0807,(˶˃ ᵕ ˂˶)(,,>﹏<,,)(⇀‸↼‶)
NG_name,0,0808,(˶˃ ᵕ ˂˶)(,,>﹏<,,)(⇀‸↼‶)
NG_name,0,0809,(˶˃ ᵕ ˂˶)(,,>﹏<,,)(⇀‸↼‶)
NG_name,0,0810,(˶˃ ᵕ ˂˶)(,,>﹏<,,)(⇀‸↼‶)
NG_name,0,0811,(˶˃ ᵕ ˂˶)(,,>﹏<,,)(⇀‸↼‶)
NG_name,0,0812,(˶˃ ᵕ ˂˶)(,,>﹏<,,)(⇀‸↼‶)
NG_name,0,0813,(˶˃ ᵕ ˂˶)(,,>﹏<,,)(⇀‸↼‶)
NG_name,0,0814,(˶˃ ᵕ ˂˶)(,,>﹏<,,)(⇀‸↼‶)
NG_name,0,0815,(˶˃ ᵕ ˂˶)(,,>﹏<,,)(⇀‸↼‶)
NG_name,0,0816,(˶˃ ᵕ ˂˶)(,,>﹏<,,)(⇀‸↼‶)
NG_name,0,0817,(˶˃ ᵕ ˂˶)(,,>﹏<,,)(⇀‸↼‶)
NG_name,0,0819,(˶˃ ᵕ ˂˶)(,,>﹏<,,)(⇀‸↼‶)
NG_name,0,0820,(˶˃ ᵕ ˂˶)(,,>﹏<,,)(⇀‸↼‶)
NG_name,0,0821,(˶˃ ᵕ ˂˶)(,,>﹏<,,)(⇀‸↼‶)
NG_name,0,0822,(˶˃ ᵕ ˂˶)(,,>﹏<,,)(⇀‸↼‶)
NG_name,0,0823,(˶˃ ᵕ ˂˶)(,,>﹏<,,)(⇀‸↼‶)
NG_name,0,0824,(˶˃ ᵕ ˂˶)(,,>﹏<,,)(⇀‸↼‶)
NG_name,0,0825,(˶˃ ᵕ ˂˶)(,,>﹏<,,)(⇀‸↼‶)
NG_name,0,0826,(˶˃ ᵕ ˂˶)(,,>﹏<,,)(⇀‸↼‶)
NG_name,0,0827,(˶˃ ᵕ ˂˶)(,,>﹏<,,)(⇀‸↼‶)
NG_name,0,0828,(˶˃ ᵕ ˂˶)(,,>﹏<,,)(⇀‸↼‶)
NG_name,0,0829,(˶˃ ᵕ ˂˶)(,,>﹏<,,)(⇀‸↼‶)
NG_name,0,0830,(˶˃ ᵕ ˂˶)(,,>﹏<,,)(⇀‸↼‶)
NG_name,0,0831,(˶˃ ᵕ ˂˶)(,,>﹏<,,)(⇀‸↼‶)
NG_name,0,0832,(˶˃ ᵕ ˂˶)(,,>﹏<,,)(⇀‸↼‶)
NG_name,0,0833,(˶˃ ᵕ ˂˶)(,,>﹏<,,)(⇀‸↼‶)
NG_name,0,0834,(˶˃ ᵕ ˂˶)(,,>﹏<,,)(⇀‸↼‶)
NG_name,0,0835,(˶˃ ᵕ ˂˶)(,,>﹏<,,)(⇀‸↼‶)
NG_name,0,0836,(˶˃ ᵕ ˂˶)(,,>﹏<,,)(⇀‸↼‶)
NG_name,0,0837,(˶˃ ᵕ ˂˶)(,,>﹏<,,)(⇀‸↼‶)
NG_name,0,0838,(˶˃ ᵕ ˂˶)(,,>﹏<,,)(⇀‸↼‶)
NG_name,0,0839,(˶˃ ᵕ ˂˶)(,,>﹏<,,)(⇀‸↼‶)
NG_name,0,0840,(˶˃ ᵕ ˂˶)(,,>﹏<,,)(⇀‸↼‶)
NG_name,0,0841,(˶˃ ᵕ ˂˶)(,,>﹏<,,)(⇀‸↼‶)
NG_name,0,0842,(˶˃ ᵕ ˂˶)(,,>﹏<,,)(⇀‸↼‶)
NG_name,0,0843,(˶˃ ᵕ ˂˶)(,,>﹏<,,)(⇀‸↼‶)
NG_name,0,0844,(˶˃ ᵕ ˂˶)(,,>﹏<,,)(⇀‸↼‶)
NG_name,0,0845,(˶˃ ᵕ ˂˶)(,,>﹏<,,)(⇀‸↼‶)
NG_name,0,0846,(˶˃ ᵕ ˂˶)(,,>﹏<,,)(⇀‸↼‶)
NG_name,0,0847,(˶˃ ᵕ ˂˶)(,,>﹏<,,)(⇀‸↼‶)
NG_name,0,0848,(˶˃ ᵕ ˂˶)(,,>﹏<,,)(⇀‸↼‶)
NG_name,0,0849,(˶˃ ᵕ ˂˶)(,,>﹏<,,)(⇀‸↼‶)
NG_name,0,0850,(˶˃ ᵕ ˂˶)(,,>﹏<,,)(⇀‸↼‶)
NG_name,0,0851,(˶˃ ᵕ ˂˶)(,,>﹏<,,)(⇀‸↼‶)
NG_name,0,0852,(˶˃ ᵕ ˂˶)(,,>﹏<,,)(⇀‸↼‶)
NG_name,0,0853,(˶˃ ᵕ ˂˶)(,,>﹏<,,)(⇀‸↼‶)
NG_name,0,0854,(˶˃ ᵕ ˂˶)(,,>﹏<,,)(⇀‸↼‶)
NG_name,0,0855,(˶˃ ᵕ ˂˶)(,,>﹏<,,)(⇀‸↼‶)
NG_name,0,0856,(˶˃ ᵕ ˂˶)(,,>﹏<,,)(⇀‸↼‶)
NG_name,0,0857,(˶˃ ᵕ ˂˶)(,,>﹏<,,)(⇀‸↼‶)
NG_name,0,0858,(˶˃ ᵕ ˂˶)(,,>﹏<,,)(⇀‸↼‶)
NG_name,0,0860,(˶˃ ᵕ ˂˶)(,,>﹏<,,)(⇀‸↼‶)
NG_name,0,0861,(˶˃ ᵕ ˂˶)(,,>﹏<,,)(⇀‸↼‶)
NG_name,0,0862,(˶˃ ᵕ ˂˶)(,,>﹏<,,)(⇀‸↼‶)
NG_name,0,0863,(˶˃ ᵕ ˂˶)(,,>﹏<,,)(⇀‸↼‶)
NG_name,0,0864,(˶˃ ᵕ ˂˶)(,,>﹏<,,)(⇀‸↼‶)
NG_name,0,0865,(˶˃ ᵕ ˂˶)(,,>﹏<,,)(⇀‸↼‶)
NG_name,0,0866,(˶˃ ᵕ ˂˶)(,,>﹏<,,)(⇀‸↼‶)
NG_name,0,0867,(˶˃ ᵕ ˂˶)(,,>﹏<,,)(⇀‸↼‶)
NG_name,0,0868,(˶˃ ᵕ ˂˶)(,,>﹏<,,)(⇀‸↼‶)
NG_name,0,0869,(˶˃ ᵕ ˂˶)(,,>﹏<,,)(⇀‸↼‶)
NG_name,0,0870,(˶˃ ᵕ ˂˶)(,,>﹏<,,)(⇀‸↼‶)
NG_name,0,0871,(˶˃ ᵕ ˂˶)(,,>﹏<,,)(⇀‸↼‶)
NG_name,0,0872,(˶˃ ᵕ ˂˶)(,,>﹏<,,)(⇀‸↼‶)
NG_name,0,0873,(˶˃ ᵕ ˂˶)(,,>﹏<,,)(⇀‸↼‶)
NG_name,0,0874,(˶˃ ᵕ ˂˶)(,,>﹏<,,)(⇀‸↼‶)
NG_name,0,0875,(˶˃ ᵕ ˂˶)(,,>﹏<,,)(⇀‸↼‶)
NG_name,0,0876,(˶˃ ᵕ ˂˶)(,,>﹏<,,)(⇀‸↼‶)
NG_name,0,0877,(˶˃ ᵕ ˂˶)(,,>﹏<,,)(⇀‸↼‶)
NG_name,0,0878,(˶˃ ᵕ ˂˶)(,,>﹏<,,)(⇀‸↼‶)
NG_name,0,0879,(˶˃ ᵕ ˂˶)(,,>﹏<,,)(⇀‸↼‶)
NG_name,0,0880,(˶˃ ᵕ ˂˶)(,,>﹏<,,)(⇀‸↼‶)
NG_name,0,0881,(˶˃ ᵕ ˂˶)(,,>﹏<,,)(⇀‸↼‶)
NG_name,0,0882,(˶˃ ᵕ ˂˶)(,,>﹏<,,)(⇀‸↼‶)
NG_name,0,0883,(˶˃ ᵕ ˂˶)(,,>﹏<,,)(⇀‸↼‶)
NG_name,0,0884,(˶˃ ᵕ ˂˶)(,,>﹏<,,)(⇀‸↼‶)
NG_name,0,0885,(˶˃ ᵕ ˂˶)(,,>﹏<,,)(⇀‸↼‶)
NG_name,0,0886,(˶˃ ᵕ ˂˶)(,,>﹏<,,)(⇀‸↼‶)
NG_name,0,0887,(˶˃ ᵕ ˂˶)(,,>﹏<,,)(⇀‸↼‶)
NG_name,0,0888,(˶˃ ᵕ ˂˶)(,,>﹏<,,)(⇀‸↼‶)
NG_name,0,0889,(˶˃ ᵕ ˂˶)(,,>﹏<,,)(⇀‸↼‶)
NG_name,0,0890,(˶˃ ᵕ ˂˶)(,,>﹏<,,)(⇀‸↼‶)
NG_name,0,0891,(˶˃ ᵕ ˂˶)(,,>﹏<,,)(⇀‸↼‶)
NG_name,0,0892,(˶˃ ᵕ ˂˶)(,,>﹏<,,)(⇀‸↼‶)
NG_name,0,0893,(˶˃ ᵕ ˂˶)(,,>﹏<,,)(⇀‸↼‶)
NG_name,0,0894,(˶˃ ᵕ ˂˶)(,,>﹏<,,)(⇀‸↼‶)
NG_name,0,0895,(˶˃ ᵕ ˂˶)(,,>﹏<,,)(⇀‸↼‶)
NG_name,0,0896,(˶˃ ᵕ ˂˶)(,,>﹏<,,)(⇀‸↼‶)
NG_name,0,0897,(˶˃ ᵕ ˂˶)(,,>﹏<,,)(⇀‸↼‶)
NG_name,0,0898,(˶˃ ᵕ ˂˶)(,,>﹏<,,)(⇀‸↼‶)
NG_name,0,0899,(˶˃ ᵕ ˂˶)(,,>﹏<,,)(⇀‸↼‶)
NG_name,0,0900,(˶˃ ᵕ ˂˶)(,,>﹏<,,)(⇀‸↼‶)
NG_name,0,0901,(˶˃ ᵕ ˂˶)(,,>﹏<,,)(⇀‸↼‶)
NG_name,0,0902,(˶˃ ᵕ ˂˶)(,,>﹏<,,)(⇀‸↼‶)
NG_name,0,0903,(˶˃ ᵕ ˂˶)(,,>﹏<,,)(⇀‸↼‶)
NG_name,0,0904,(˶˃ ᵕ ˂˶)(,,>﹏<,,)(⇀‸↼‶)
NG_name,0,0905,(˶˃ ᵕ ˂˶)(,,>﹏<,,)(⇀‸↼‶)
NG_name,0,0906,(˶˃ ᵕ ˂˶)(,,>﹏<,,)(⇀‸↼‶)
NG_name,0,0907,(˶˃ ᵕ ˂˶)(,,>﹏<,,)(⇀‸↼‶)
NG_name,0,0908,(˶˃ ᵕ ˂˶)(,,>﹏<,,)(⇀‸↼‶)
NG_name,0,0909,(˶˃ ᵕ ˂˶)(,,>﹏<,,)(⇀‸↼‶)
NG_name,0,0910,(˶˃ ᵕ ˂˶)(,,>﹏<,,)(⇀‸↼‶)
NG_name,0,0911,(˶˃ ᵕ ˂˶)(,,>﹏<,,)(⇀‸↼‶)
NG_name,0,0912,(˶˃ ᵕ ˂˶)(,,>﹏<,,)(⇀‸↼‶)
NG_name,0,0913,(˶˃ ᵕ ˂˶)(,,>﹏<,,)(⇀‸↼‶)
NG_name,0,0914,(˶˃ ᵕ ˂˶)(,,>﹏<,,)(⇀‸↼‶)
NG_name,0,0915,(˶˃ ᵕ ˂˶)(,,>﹏<,,)(⇀‸↼‶)
NG_name,0,0916,(˶˃ ᵕ ˂˶)(,,>﹏<,,)(⇀‸↼‶)
NG_name,0,0917,(˶˃ ᵕ ˂˶)(,,>﹏<,,)(⇀‸↼‶)
NG_name,0,0918,(˶˃ ᵕ ˂˶)(,,>﹏<,,)(⇀‸↼‶)
NG_name,0,0919,(˶˃ ᵕ ˂˶)(,,>﹏<,,)(⇀‸↼‶)
NG_name,0,0920,(˶˃ ᵕ ˂˶)(,,>﹏<,,)(⇀‸↼‶)
NG_name,0,0921,(˶˃ ᵕ ˂˶)(,,>﹏<,,)(⇀‸↼‶)
NG_name,0,0922,(˶˃ ᵕ ˂˶)(,,>﹏<,,)(⇀‸↼‶)
NG_name,0,0923,(˶˃ ᵕ ˂˶)(,,>﹏<,,)(⇀‸↼‶)
NG_name,0,0924,(˶˃ ᵕ ˂˶)(,,>﹏<,,)(⇀‸↼‶)
NG_name,0,0925,(˶˃ ᵕ ˂˶)(,,>﹏<,,)(⇀‸↼‶)
NG_name,0,0926,(˶˃ ᵕ ˂˶)(,,>﹏<,,)(⇀‸↼‶)
NG_name,0,0927,(˶˃ ᵕ ˂˶)(,,>﹏<,,)(⇀‸↼‶)
NG_name,0,0928,(˶˃ ᵕ ˂˶)(,,>﹏<,,)(⇀‸↼‶)
NG_name,0,0929,(˶˃ ᵕ ˂˶)(,,>﹏<,,)(⇀‸↼‶)
NG_name,0,0930,(˶˃ ᵕ ˂˶)(,,>﹏<,,)(⇀‸↼‶)
NG_name,0,0931,(˶˃ ᵕ ˂˶)(,,>﹏<,,)(⇀‸↼‶)
NG_name,0,0932,(˶˃ ᵕ ˂˶)(,,>﹏<,,)(⇀‸↼‶)
NG_name,0,0933,(˶˃ ᵕ ˂˶)(,,>﹏<,,)(⇀‸↼‶)
NG_name,0,0934,(˶˃ ᵕ ˂˶)(,,>﹏<,,)(⇀‸↼‶)
NG_name,0,0935,(˶˃ ᵕ ˂˶)(,,>﹏<,,)(⇀‸↼‶)
NG_name,0,0936,(˶˃ ᵕ ˂˶)(,,>﹏<,,)(⇀‸↼‶)
NG_name,0,0937,(˶˃ ᵕ ˂˶)(,,>﹏<,,)(⇀‸↼‶)
NG_name,0,0938,(˶˃ ᵕ ˂˶)(,,>﹏<,,)(⇀‸↼‶)
NG_name,0,0939,(˶˃ ᵕ ˂˶)(,,>﹏<,,)(⇀‸↼‶)
NG_name,0,0940,(˶˃ ᵕ ˂˶)(,,>﹏<,,)(⇀‸↼‶)
NG_name,0,0941,(˶˃ ᵕ ˂˶)(,,>﹏<,,)(⇀‸↼‶)
NG_name,0,0942,(˶˃ ᵕ ˂˶)(,,>﹏<,,)(⇀‸↼‶)
NG_name,0,0943,(˶˃ ᵕ ˂˶)(,,>﹏<,,)(⇀‸↼‶)
NG_name,0,0944,(˶˃ ᵕ ˂˶)(,,>﹏<,,)(⇀‸↼‶)
NG_name,0,0945,(˶˃ ᵕ ˂˶)(,,>﹏<,,)(⇀‸↼‶)
NG_name,0,0946,(˶˃ ᵕ ˂˶)(,,>﹏<,,)(⇀‸↼‶)
NG_name,0,0947,(˶˃ ᵕ ˂˶)(,,>﹏<,,)(⇀‸↼‶)
NG_name,0,0948,(˶˃ ᵕ ˂˶)(,,>﹏<,,)(⇀‸↼‶)
NG_name,0,0949,(˶˃ ᵕ ˂˶)(,,>﹏<,,)(⇀‸↼‶)
NG_name,0,0950,(˶˃ ᵕ ˂˶)(,,>﹏<,,)(⇀‸↼‶)
NG_name,0,0951,(˶˃ ᵕ ˂˶)(,,>﹏<,,)(⇀‸↼‶)
NG_name,0,0952,(˶˃ ᵕ ˂˶)(,,>﹏<,,)(⇀‸↼‶)
NG_name,0,0953,(˶˃ ᵕ ˂˶)(,,>﹏<,,)(⇀‸↼‶)
NG_name,0,0954,(˶˃ ᵕ ˂˶)(,,>﹏<,,)(⇀‸↼‶)
NG_name,0,0955,(˶˃ ᵕ ˂˶)(,,>﹏<,,)(⇀‸↼‶)
NG_name,0,0956,(˶˃ ᵕ ˂˶)(,,>﹏<,,)(⇀‸↼‶)
NG_name,0,0957,(˶˃ ᵕ ˂˶)(,,>﹏<,,)(⇀‸↼‶)
NG_name,0,0958,(˶˃ ᵕ ˂˶)(,,>﹏<,,)(⇀‸↼‶)
NG_name,0,0959,(˶˃ ᵕ ˂˶)(,,>﹏<,,)(⇀‸↼‶)
NG_name,0,0960,(˶˃ ᵕ ˂˶)(,,>﹏<,,)(⇀‸↼‶)
NG_name,0,0961,(˶˃ ᵕ ˂˶)(,,>﹏<,,)(⇀‸↼‶)
NG_name,0,0962,(˶˃ ᵕ ˂˶)(,,>﹏<,,)(⇀‸↼‶)
NG_name,0,0963,(˶˃ ᵕ ˂˶)(,,>﹏<,,)(⇀‸↼‶)
NG_name,0,0964,(˶˃ ᵕ ˂˶)(,,>﹏<,,)(⇀‸↼‶)
NG_name,0,0965,(˶˃ ᵕ ˂˶)(,,>﹏<,,)(⇀‸↼‶)
NG_name,0,0966,(˶˃ ᵕ ˂˶)(,,>﹏<,,)(⇀‸↼‶)
NG_name,0,0967,(˶˃ ᵕ ˂˶)(,,>﹏<,,)(⇀‸↼‶)
NG_name,0,0968,(˶˃ ᵕ ˂˶)(,,>﹏<,,)(⇀‸↼‶)
NG_name,0,0969,(˶˃ ᵕ ˂˶)(,,>﹏<,,)(⇀‸↼‶)
NG_name,0,0970,(˶˃ ᵕ ˂˶)(,,>﹏<,,)(⇀‸↼‶)
NG_name,0,0971,(˶˃ ᵕ ˂˶)(,,>﹏<,,)(⇀‸↼‶)
NG_name,0,0972,(˶˃ ᵕ ˂˶)(,,>﹏<,,)(⇀‸↼‶)
NG_name,0,0973,(˶˃ ᵕ ˂˶)(,,>﹏<,,)(⇀‸↼‶)
NG_name,0,0974,(˶˃ ᵕ ˂˶)(,,>﹏<,,)(⇀‸↼‶)
NG_name,0,0975,(˶˃ ᵕ ˂˶)(,,>﹏<,,)(⇀‸↼‶)
NG_name,0,0976,(˶˃ ᵕ ˂˶)(,,>﹏<,,)(⇀‸↼‶)
NG_name,0,0977,(˶˃ ᵕ ˂˶)(,,>﹏<,,)(⇀‸↼‶)
NG_name,0,0978,(˶˃ ᵕ ˂˶)(,,>﹏<,,)(⇀‸↼‶)
NG_name,0,0979,(˶˃ ᵕ ˂˶)(,,>﹏<,,)(⇀‸↼‶)
NG_name,0,0980,(˶˃ ᵕ ˂˶)(,,>﹏<,,)(⇀‸↼‶)
NG_name,0,0981,(˶˃ ᵕ ˂˶)(,,>﹏<,,)(⇀‸↼‶)
NG_name,0,0982,(˶˃ ᵕ ˂˶)(,,>﹏<,,)(⇀‸↼‶)
NG_name,0,0983,(˶˃ ᵕ ˂˶)(,,>﹏<,,)(⇀‸↼‶)
NG_name,0,0984,(˶˃ ᵕ ˂˶)(,,>﹏<,,)(⇀‸↼‶)
NG_name,0,0985,(˶˃ ᵕ ˂˶)(,,>﹏<,,)(⇀‸↼‶)
NG_name,0,0986,(˶˃ ᵕ ˂˶)(,,>﹏<,,)(⇀‸↼‶)
NG_name,0,0987,(˶˃ ᵕ ˂˶)(,,>﹏<,,)(⇀‸↼‶)
NG_name,0,0988,(˶˃ ᵕ ˂˶)(,,>﹏<,,)(⇀‸↼‶)
NG_name,0,0989,(˶˃ ᵕ ˂˶)(,,>﹏<,,)(⇀‸↼‶)
NG_name,0,0990,(˶˃ ᵕ ˂˶)(,,>﹏<,,)(⇀‸↼‶)
NG_name,0,0991,(˶˃ ᵕ ˂˶)(,,>﹏<,,)(⇀‸↼‶)
NG_name,0,0992,(˶˃ ᵕ ˂˶)(,,>﹏<,,)(⇀‸↼‶)
NG_name,0,0993,(˶˃ ᵕ ˂˶)(,,>﹏<,,)(⇀‸↼‶)
NG_name,0,0994,(˶˃ ᵕ ˂˶)(,,>﹏<,,)(⇀‸↼‶)
NG_name,0,0995,(˶˃ ᵕ ˂˶)(,,>﹏<,,)(⇀‸↼‶)
NG_name,0,0996,(˶˃ ᵕ ˂˶)(,,>﹏<,,)(⇀‸↼‶)
NG_name,0,0997,(˶˃ ᵕ ˂˶)(,,>﹏<,,)(⇀‸↼‶)
NG_name,0,0998,(˶˃ ᵕ ˂˶)(,,>﹏<,,)(⇀‸↼‶)
NG_name,0,0999,(˶˃ ᵕ ˂˶)(,,>﹏<,,)(⇀‸↼‶)
NG_name,0,1000,(˶˃ ᵕ ˂˶)(,,>﹏<,,)(⇀‸↼‶)
NG_name,0,1001,(˶˃ ᵕ ˂˶)(,,>﹏<,,)(⇀‸↼‶)
NG_name,0,1002,(˶˃ ᵕ ˂˶)(,,>﹏<,,)(⇀‸↼‶)
NG_name,0,1003,(˶˃ ᵕ ˂˶)(,,>﹏<,,)(⇀‸↼‶)
NG_name,0,1004,(˶˃ ᵕ ˂˶)(,,>﹏<,,)(⇀‸↼‶)
NG_name,0,1005,(˶˃ ᵕ ˂˶)(,,>﹏<,,)(⇀‸↼‶)
NG_name,0,1006,(˶˃ ᵕ ˂˶)(,,>﹏<,,)(⇀‸↼‶)
NG_name,0,1007,(˶˃ ᵕ ˂˶)(,,>﹏<,,)(⇀‸↼‶)
NG_name,0,1008,(˶˃ ᵕ ˂˶)(,,>﹏<,,)(⇀‸↼‶)
NG_name,0,1009,(˶˃ ᵕ ˂˶)(,,>﹏<,,)(⇀‸↼‶)
NG_name,0,1010,(˶˃ ᵕ ˂˶)(,,>﹏<,,)(⇀‸↼‶)
NG_name,0,1011,(˶˃ ᵕ ˂˶)(,,>﹏<,,)(⇀‸↼‶)
NG_name,0,1012,(˶˃ ᵕ ˂˶)(,,>﹏<,,)(⇀‸↼‶)
NG_name,0,1013,(˶˃ ᵕ ˂˶)(,,>﹏<,,)(⇀‸↼‶)
NG_name,0,1014,(˶˃ ᵕ ˂˶)(,,>﹏<,,)(⇀‸↼‶)
NG_name,0,1015,(˶˃ ᵕ ˂˶)(,,>﹏<,,)(⇀‸↼‶)
NG_name,0,1016,(˶˃ ᵕ ˂˶)(,,>﹏<,,)(⇀‸↼‶)
NG_name,0,1017,(˶˃ ᵕ ˂˶)(,,>﹏<,,)(⇀‸↼‶)
NG_name,0,1018,(˶˃ ᵕ ˂˶)(,,>﹏<,,)(⇀‸↼‶)
NG_name,0,1019,(˶˃ ᵕ ˂˶)(,,>﹏<,,)(⇀‸↼‶)
NG_name,0,1020,(˶˃ ᵕ ˂˶)(,,>﹏<,,)(⇀‸↼‶)
NG_name,0,1021,(˶˃ ᵕ ˂˶)(,,>﹏<,,)(⇀‸↼‶)
NG_name,0,1022,(˶˃ ᵕ ˂˶)(,,>﹏<,,)(⇀‸↼‶)
NG_name,0,1023,(˶˃ ᵕ ˂˶)(,,>﹏<,,)(⇀‸↼‶)
NG_name,0,1024,(˶˃ ᵕ ˂˶)(,,>﹏<,,)(⇀‸↼‶)
NG_name,0,1025,(˶˃ ᵕ ˂˶)(,,>﹏<,,)(⇀‸↼‶)
NG_name,0,1026,(˶˃ ᵕ ˂˶)(,,>﹏<,,)(⇀‸↼‶)
NG_name,0,1027,(˶˃ ᵕ ˂˶)(,,>﹏<,,)(⇀‸↼‶)
NG_name,0,1028,(˶˃ ᵕ ˂˶)(,,>﹏<,,)(⇀‸↼‶)
NG_name,0,1029,(˶˃ ᵕ ˂˶)(,,>﹏<,,)(⇀‸↼‶)
NG_name,0,1030,(˶˃ ᵕ ˂˶)(,,>﹏<,,)(⇀‸↼‶)
NG_name,0,1031,(˶˃ ᵕ ˂˶)(,,>﹏<,,)(⇀‸↼‶)
NG_name,0,1032,(˶˃ ᵕ ˂˶)(,,>﹏<,,)(⇀‸↼‶)
NG_name,0,1033,(˶˃ ᵕ ˂˶)(,,>﹏<,,)(⇀‸↼‶)
NG_name,0,1034,(˶˃ ᵕ ˂˶)(,,>﹏<,,)(⇀‸↼‶)
NG_name,0,1035,(˶˃ ᵕ ˂˶)(,,>﹏<,,)(⇀‸↼‶)
NG_name,0,1036,(˶˃ ᵕ ˂˶)(,,>﹏<,,)(⇀‸↼‶)
NG_name,0,1037,(˶˃ ᵕ ˂˶)(,,>﹏<,,)(⇀‸↼‶)
NG_name,0,1038,(˶˃ ᵕ ˂˶)(,,>﹏<,,)(⇀‸↼‶)
NG_name,0,1039,(˶˃ ᵕ ˂˶)(,,>﹏<,,)(⇀‸↼‶)
NG_name,0,1040,(˶˃ ᵕ ˂˶)(,,>﹏<,,)(⇀‸↼‶)
NG_name,0,1041,(˶˃ ᵕ ˂˶)(,,>﹏<,,)(⇀‸↼‶)
NG_name,0,1042,(˶˃ ᵕ ˂˶)(,,>﹏<,,)(⇀‸↼‶)
NG_name,0,1043,(˶˃ ᵕ ˂˶)(,,>﹏<,,)(⇀‸↼‶)
NG_name,0,1044,(˶˃ ᵕ ˂˶)(,,>﹏<,,)(⇀‸↼‶)
NG_name,0,1045,(˶˃ ᵕ ˂˶)(,,>﹏<,,)(⇀‸↼‶)
NG_name,0,1046,(˶˃ ᵕ ˂˶)(,,>﹏<,,)(⇀‸↼‶)
NG_name,0,1047,(˶˃ ᵕ ˂˶)(,,>﹏<,,)(⇀‸↼‶)
NG_name,0,1048,(˶˃ ᵕ ˂˶)(,,>﹏<,,)(⇀‸↼‶)
NG_name,0,1049,(˶˃ ᵕ ˂˶)(,,>﹏<,,)(⇀‸↼‶)
NG_name,0,1050,(˶˃ ᵕ ˂˶)(,,>﹏<,,)(⇀‸↼‶)
NG_name,0,1051,(˶˃ ᵕ ˂˶)(,,>﹏<,,)(⇀‸↼‶)
NG_name,0,1052,(˶˃ ᵕ ˂˶)(,,>﹏<,,)(⇀‸↼‶)
NG_name,0,1053,(˶˃ ᵕ ˂˶)(,,>﹏<,,)(⇀‸↼‶)
NG_name,0,1054,(˶˃ ᵕ ˂˶)(,,>﹏<,,)(⇀‸↼‶)
NG_name,0,1055,(˶˃ ᵕ ˂˶)(,,>﹏<,,)(⇀‸↼‶)
NG_name,0,1056,(˶˃ ᵕ ˂˶)(,,>﹏<,,)(⇀‸↼‶)
NG_name,0,1057,(˶˃ ᵕ ˂˶)(,,>﹏<,,)(⇀‸↼‶)
NG_name,0,1058,(˶˃ ᵕ ˂˶)(,,>﹏<,,)(⇀‸↼‶)
NG_name,0,1059,(˶˃ ᵕ ˂˶)(,,>﹏<,,)(⇀‸↼‶)
NG_name,0,1060,(˶˃ ᵕ ˂˶)(,,>﹏<,,)(⇀‸↼‶)
NG_name,0,1061,(˶˃ ᵕ ˂˶)(,,>﹏<,,)(⇀‸↼‶)
NG_name,0,1062,(˶˃ ᵕ ˂˶)(,,>﹏<,,)(⇀‸↼‶)
NG_name,0,1063,(˶˃ ᵕ ˂˶)(,,>﹏<,,)(⇀‸↼‶)
NG_name,0,1064,(˶˃ ᵕ ˂˶)(,,>﹏<,,)(⇀‸↼‶)
NG_name,0,1065,(˶˃ ᵕ ˂˶)(,,>﹏<,,)(⇀‸↼‶)
NG_name,0,1066,(˶˃ ᵕ ˂˶)(,,>﹏<,,)(⇀‸↼‶)
NG_name,0,1067,(˶˃ ᵕ ˂˶)(,,>﹏<,,)(⇀‸↼‶)
NG_name,0,1068,(˶˃ ᵕ ˂˶)(,,>﹏<,,)(⇀‸↼‶)
NG_name,0,1069,(˶˃ ᵕ ˂˶)(,,>﹏<,,)(⇀‸↼‶)
NG_name,0,1070,(˶˃ ᵕ ˂˶)(,,>﹏<,,)(⇀‸↼‶)
NG_name,0,1071,(˶˃ ᵕ ˂˶)(,,>﹏<,,)(⇀‸↼‶)
NG_name,0,1072,(˶˃ ᵕ ˂˶)(,,>﹏<,,)(⇀‸↼‶)
NG_name,0,1073,(˶˃ ᵕ ˂˶)(,,>﹏<,,)(⇀‸↼‶)
NG_name,0,1074,(˶˃ ᵕ ˂˶)(,,>﹏<,,)(⇀‸↼‶)
NG_name,0,1075,(˶˃ ᵕ ˂˶)(,,>﹏<,,)(⇀‸↼‶)
NG_name,0,1076,(˶˃ ᵕ ˂˶)(,,>﹏<,,)(⇀‸↼‶)
NG_name,0,1077,(˶˃ ᵕ ˂˶)(,,>﹏<,,)(⇀‸↼‶)
NG_name,0,1078,(˶˃ ᵕ ˂˶)(,,>﹏<,,)(⇀‸↼‶)
NG_name,0,1079,(˶˃ ᵕ ˂˶)(,,>﹏<,,)(⇀‸↼‶)
NG_name,0,1080,(˶˃ ᵕ ˂˶)(,,>﹏<,,)(⇀‸↼‶)
NG_name,0,1081,(˶˃ ᵕ ˂˶)(,,>﹏<,,)(⇀‸↼‶)
NG_name,0,1082,(˶˃ ᵕ ˂˶)(,,>﹏<,,)(⇀‸↼‶)
NG_name,0,1083,(˶˃ ᵕ ˂˶)(,,>﹏<,,)(⇀‸↼‶)
NG_name,0,1084,(˶˃ ᵕ ˂˶)(,,>﹏<,,)(⇀‸↼‶)
NG_name,0,1085,(˶˃ ᵕ ˂˶)(,,>﹏<,,)(⇀‸↼‶)
NG_name,0,1086,(˶˃ ᵕ ˂˶)(,,>﹏<,,)(⇀‸↼‶)
NG_name,0,1087,(˶˃ ᵕ ˂˶)(,,>﹏<,,)(⇀‸↼‶)
NG_name,0,1088,(˶˃ ᵕ ˂˶)(,,>﹏<,,)(⇀‸↼‶)
NG_name,0,1089,(˶˃ ᵕ ˂˶)(,,>﹏<,,)(⇀‸↼‶)
NG_name,0,1090,(˶˃ ᵕ ˂˶)(,,>﹏<,,)(⇀‸↼‶)
NG_name,0,1091,(˶˃ ᵕ ˂˶)(,,>﹏<,,)(⇀‸↼‶)
NG_name,0,1092,(˶˃ ᵕ ˂˶)(,,>﹏<,,)(⇀‸↼‶)
NG_name,0,1093,(˶˃ ᵕ ˂˶)(,,>﹏<,,)(⇀‸↼‶)
NG_name,0,1094,(˶˃ ᵕ ˂˶)(,,>﹏<,,)(⇀‸↼‶)
NG_name,0,1095,(˶˃ ᵕ ˂˶)(,,>﹏<,,)(⇀‸↼‶)
NG_name,0,1096,(˶˃ ᵕ ˂˶)(,,>﹏<,,)(⇀‸↼‶)
NG_name,0,1097,(˶˃ ᵕ ˂˶)(,,>﹏<,,)(⇀‸↼‶)
NG_name,0,1098,(˶˃ ᵕ ˂˶)(,,>﹏<,,)(⇀‸↼‶)
NG_name,0,1099,(˶˃ ᵕ ˂˶)(,,>﹏<,,)(⇀‸↼‶)
NG_name,0,1100,(˶˃ ᵕ ˂˶)(,,>﹏<,,)(⇀‸↼‶)
NG_name,0,1101,(˶˃ ᵕ ˂˶)(,,>﹏<,,)(⇀‸↼‶)
NG_name,0,1102,(˶˃ ᵕ ˂˶)(,,>﹏<,,)(⇀‸↼‶)
NG_name,0,1103,(˶˃ ᵕ ˂˶)(,,>﹏<,,)(⇀‸↼‶)
NG_name,0,1104,(˶˃ ᵕ ˂˶)(,,>﹏<,,)(⇀‸↼‶)
NG_name,0,1105,(˶˃ ᵕ ˂˶)(,,>﹏<,,)(⇀‸↼‶)
NG_name,0,1106,(˶˃ ᵕ ˂˶)(,,>﹏<,,)(⇀‸↼‶)
NG_name,0,1107,(˶˃ ᵕ ˂˶)(,,>﹏<,,)(⇀‸↼‶)
NG_name,0,1108,(˶˃ ᵕ ˂˶)(,,>﹏<,,)(⇀‸↼‶)
NG_name,0,1109,(˶˃ ᵕ ˂˶)(,,>﹏<,,)(⇀‸↼‶)
NG_name,0,1110,(˶˃ ᵕ ˂˶)(,,>﹏<,,)(⇀‸↼‶)
NG_name,0,1111,(˶˃ ᵕ ˂˶)(,,>﹏<,,)(⇀‸↼‶)
NG_name,0,1112,(˶˃ ᵕ ˂˶)(,,>﹏<,,)(⇀‸↼‶)
NG_name,0,1113,(˶˃ ᵕ ˂˶)(,,>﹏<,,)(⇀‸↼‶)
NG_name,0,1114,(˶˃ ᵕ ˂˶)(,,>﹏<,,)(⇀‸↼‶)
NG_name,0,1115,(˶˃ ᵕ ˂˶)(,,>﹏<,,)(⇀‸↼‶)
NG_name,0,1116,(˶˃ ᵕ ˂˶)(,,>﹏<,,)(⇀‸↼‶)
NG_name,0,1117,(˶˃ ᵕ ˂˶)(,,>﹏<,,)(⇀‸↼‶)
NG_name,0,1118,(˶˃ ᵕ ˂˶)(,,>﹏<,,)(⇀‸↼‶)
NG_name,0,1119,(˶˃ ᵕ ˂˶)(,,>﹏<,,)(⇀‸↼‶)
NG_name,0,1120,(˶˃ ᵕ ˂˶)(,,>﹏<,,)(⇀‸↼‶)
NG_name,0,1121,(˶˃ ᵕ ˂˶)(,,>﹏<,,)(⇀‸↼‶)
NG_name,0,1122,(˶˃ ᵕ ˂˶)(,,>﹏<,,)(⇀‸↼‶)
NG_name,0,1123,(˶˃ ᵕ ˂˶)(,,>﹏<,,)(⇀‸↼‶)
NG_name,0,1124,(˶˃ ᵕ ˂˶)(,,>﹏<,,)(⇀‸↼‶)
NG_name,0,1125,(˶˃ ᵕ ˂˶)(,,>﹏<,,)(⇀‸↼‶)
NG_name,0,1126,(˶˃ ᵕ ˂˶)(,,>﹏<,,)(⇀‸↼‶)
NG_name,0,1127,(˶˃ ᵕ ˂˶)(,,>﹏<,,)(⇀‸↼‶)
NG_name,0,1129,(˶˃ ᵕ ˂˶)(,,>﹏<,,)(⇀‸↼‶)
NG_name,0,1130,(˶˃ ᵕ ˂˶)(,,>﹏<,,)(⇀‸↼‶)
NG_name,0,1131,(˶˃ ᵕ ˂˶)(,,>﹏<,,)(⇀‸↼‶)
NG_name,0,1132,(˶˃ ᵕ ˂˶)(,,>﹏<,,)(⇀‸↼‶)
NG_name,0,1133,(˶˃ ᵕ ˂˶)(,,>﹏<,,)(⇀‸↼‶)
NG_name,0,1134,(˶˃ ᵕ ˂˶)(,,>﹏<,,)(⇀‸↼‶)
NG_name,0,1135,(˶˃ ᵕ ˂˶)(,,>﹏<,,)(⇀‸↼‶)
NG_name,0,1136,(˶˃ ᵕ ˂˶)(,,>﹏<,,)(⇀‸↼‶)
NG_name,0,1137,(˶˃ ᵕ ˂˶)(,,>﹏<,,)(⇀‸↼‶)
NG_name,0,1138,(˶˃ ᵕ ˂˶)(,,>﹏<,,)(⇀‸↼‶)
NG_name,0,1139,(˶˃ ᵕ ˂˶)(,,>﹏<,,)(⇀‸↼‶)
NG_name,0,1140,(˶˃ ᵕ ˂˶)(,,>﹏<,,)(⇀‸↼‶)
NG_name,0,1141,(˶˃ ᵕ ˂˶)(,,>﹏<,,)(⇀‸↼‶)
NG_name,0,1142,(˶˃ ᵕ ˂˶)(,,>﹏<,,)(⇀‸↼‶)
NG_name,0,1143,(˶˃ ᵕ ˂˶)(,,>﹏<,,)(⇀‸↼‶)
NG_name,0,1144,(˶˃ ᵕ ˂˶)(,,>﹏<,,)(⇀‸↼‶)
NG_name,0,1145,(˶˃ ᵕ ˂˶)(,,>﹏<,,)(⇀‸↼‶)
NG_name,0,1146,(˶˃ ᵕ ˂˶)(,,>﹏<,,)(⇀‸↼‶)
NG_name,0,1147,(˶˃ ᵕ ˂˶)(,,>﹏<,,)(⇀‸↼‶)
NG_name,0,1148,(˶˃ ᵕ ˂˶)(,,>﹏<,,)(⇀‸↼‶)
NG_name,0,1149,(˶˃ ᵕ ˂˶)(,,>﹏<,,)(⇀‸↼‶)
NG_name,0,1150,(˶˃ ᵕ ˂˶)(,,>﹏<,,)(⇀‸↼‶)
NG_name,0,1151,(˶˃ ᵕ ˂˶)(,,>﹏<,,)(⇀‸↼‶)
NG_name,0,1152,(˶˃ ᵕ ˂˶)(,,>﹏<,,)(⇀‸↼‶)
NG_name,0,1153,(˶˃ ᵕ ˂˶)(,,>﹏<,,)(⇀‸↼‶)
NG_name,0,1154,(˶˃ ᵕ ˂˶)(,,>﹏<,,)(⇀‸↼‶)
NG_name,0,1155,(˶˃ ᵕ ˂˶)(,,>﹏<,,)(⇀‸↼‶)
NG_name,0,1156,(˶˃ ᵕ ˂˶)(,,>﹏<,,)(⇀‸↼‶)
NG_name,0,1157,(˶˃ ᵕ ˂˶)(,,>﹏<,,)(⇀‸↼‶)
NG_name,0,1158,(˶˃ ᵕ ˂˶)(,,>﹏<,,)(⇀‸↼‶)
NG_name,0,1159,(˶˃ ᵕ ˂˶)(,,>﹏<,,)(⇀‸↼‶)
NG_name,0,1160,(˶˃ ᵕ ˂˶)(,,>﹏<,,)(⇀‸↼‶)
NG_name,0,1161,(˶˃ ᵕ ˂˶)(,,>﹏<,,)(⇀‸↼‶)
NG_name,0,1162,(˶˃ ᵕ ˂˶)(,,>﹏<,,)(⇀‸↼‶)
NG_name,0,1163,(˶˃ ᵕ ˂˶)(,,>﹏<,,)(⇀‸↼‶)
NG_name,0,1164,(˶˃ ᵕ ˂˶)(,,>﹏<,,)(⇀‸↼‶)
NG_name,0,1165,(˶˃ ᵕ ˂˶)(,,>﹏<,,)(⇀‸↼‶)
NG_name,0,1166,(˶˃ ᵕ ˂˶)(,,>﹏<,,)(⇀‸↼‶)
NG_name,0,1167,(˶˃ ᵕ ˂˶)(,,>﹏<,,)(⇀‸↼‶)
NG_name,0,1168,(˶˃ ᵕ ˂˶)(,,>﹏<,,)(⇀‸↼‶)
NG_name,0,1169,(˶˃ ᵕ ˂˶)(,,>﹏<,,)(⇀‸↼‶)
NG_name,0,1170,(˶˃ ᵕ ˂˶)(,,>﹏<,,)(⇀‸↼‶)
NG_name,0,1171,(˶˃ ᵕ ˂˶)(,,>﹏<,,)(⇀‸↼‶)
NG_name,0,1172,(˶˃ ᵕ ˂˶)(,,>﹏<,,)(⇀‸↼‶)
NG_name,0,1173,(˶˃ ᵕ ˂˶)(,,>﹏<,,)(⇀‸↼‶)
NG_name,0,1174,(˶˃ ᵕ ˂˶)(,,>﹏<,,)(⇀‸↼‶)
NG_name,0,1175,(˶˃ ᵕ ˂˶)(,,>﹏<,,)(⇀‸↼‶)
NG_name,0,1176,(˶˃ ᵕ ˂˶)(,,>﹏<,,)(⇀‸↼‶)
NG_name,0,1177,(˶˃ ᵕ ˂˶)(,,>﹏<,,)(⇀‸↼‶)
NG_name,0,1178,(˶˃ ᵕ ˂˶)(,,>﹏<,,)(⇀‸↼‶)
NG_name,0,1179,(˶˃ ᵕ ˂˶)(,,>﹏<,,)(⇀‸↼‶)
NG_name,0,1180,(˶˃ ᵕ ˂˶)(,,>﹏<,,)(⇀‸↼‶)
NG_name,0,1181,(˶˃ ᵕ ˂˶)(,,>﹏<,,)(⇀‸↼‶)
NG_name,0,1182,(˶˃ ᵕ ˂˶)(,,>﹏<,,)(⇀‸↼‶)
NG_name,0,1183,(˶˃ ᵕ ˂˶)(,,>﹏<,,)(⇀‸↼‶)
NG_name,0,1184,(˶˃ ᵕ ˂˶)(,,>﹏<,,)(⇀‸↼‶)
NG_name,0,1185,(˶˃ ᵕ ˂˶)(,,>﹏<,,)(⇀‸↼‶)
NG_name,0,1186,(˶˃ ᵕ ˂˶)(,,>﹏<,,)(⇀‸↼‶)
NG_name,0,1187,(˶˃ ᵕ ˂˶)(,,>﹏<,,)(⇀‸↼‶)
NG_name,0,1188,(˶˃ ᵕ ˂˶)(,,>﹏<,,)(⇀‸↼‶)
NG_name,0,1189,(˶˃ ᵕ ˂˶)(,,>﹏<,,)(⇀‸↼‶)
NG_name,0,1190,(˶˃ ᵕ ˂˶)(,,>﹏<,,)(⇀‸↼‶)
NG_name,0,1191,(˶˃ ᵕ ˂˶)(,,>﹏<,,)(⇀‸↼‶)
NG_name,0,1192,(˶˃ ᵕ ˂˶)(,,>﹏<,,)(⇀‸↼‶)
NG_name,0,1193,(˶˃ ᵕ ˂˶)(,,>﹏<,,)(⇀‸↼‶)
NG_name,0,1194,(˶˃ ᵕ ˂˶)(,,>﹏<,,)(⇀‸↼‶)
NG_name,0,1195,(˶˃ ᵕ ˂˶)(,,>﹏<,,)(⇀‸↼‶)
NG_name,0,1196,(˶˃ ᵕ ˂˶)(,,>﹏<,,)(⇀‸↼‶)
NG_name,0,1197,(˶˃ ᵕ ˂˶)(,,>﹏<,,)(⇀‸↼‶)
NG_name,0,1198,(˶˃ ᵕ ˂˶)(,,>﹏<,,)(⇀‸↼‶)
NG_name,0,1199,(˶˃ ᵕ ˂˶)(,,>﹏<,,)(⇀‸↼‶)
NG_name,0,1200,(˶˃ ᵕ ˂˶)(,,>﹏<,,)(⇀‸↼‶)
NG_name,0,1201,(˶˃ ᵕ ˂˶)(,,>﹏<,,)(⇀‸↼‶)
NG_name,0,1202,(˶˃ ᵕ ˂˶)(,,>﹏<,,)(⇀‸↼‶)
NG_name,0,1203,(˶˃ ᵕ ˂˶)(,,>﹏<,,)(⇀‸↼‶)
NG_name,0,1204,(˶˃ ᵕ ˂˶)(,,>﹏<,,)(⇀‸↼‶)
NG_name,0,1205,(˶˃ ᵕ ˂˶)(,,>﹏<,,)(⇀‸↼‶)
NG_name,0,1206,(˶˃ ᵕ ˂˶)(,,>﹏<,,)(⇀‸↼‶)
NG_name,0,1207,(˶˃ ᵕ ˂˶)(,,>﹏<,,)(⇀‸↼‶)
NG_name,0,1208,(˶˃ ᵕ ˂˶)(,,>﹏<,,)(⇀‸↼‶)
NG_name,0,1209,(˶˃ ᵕ ˂˶)(,,>﹏<,,)(⇀‸↼‶)
NG_name,0,1210,(˶˃ ᵕ ˂˶)(,,>﹏<,,)(⇀‸↼‶)
NG_name,0,1211,(˶˃ ᵕ ˂˶)(,,>﹏<,,)(⇀‸↼‶)
NG_name,0,1212,(˶˃ ᵕ ˂˶)(,,>﹏<,,)(⇀‸↼‶)
NG_name,0,1213,(˶˃ ᵕ ˂˶)(,,>﹏<,,)(⇀‸↼‶)
NG_name,0,1214,(˶˃ ᵕ ˂˶)(,,>﹏<,,)(⇀‸↼‶)
NG_name,0,1215,(˶˃ ᵕ ˂˶)(,,>﹏<,,)(⇀‸↼‶)
NG_name,0,1216,(˶˃ ᵕ ˂˶)(,,>﹏<,,)(⇀‸↼‶)
NG_name,0,1217,(˶˃ ᵕ ˂˶)(,,>﹏<,,)(⇀‸↼‶)
NG_name,0,1218,(˶˃ ᵕ ˂˶)(,,>﹏<,,)(⇀‸↼‶)
NG_name,0,1219,(˶˃ ᵕ ˂˶)(,,>﹏<,,)(⇀‸↼‶)
NG_name,0,1220,(˶˃ ᵕ ˂˶)(,,>﹏<,,)(⇀‸↼‶)
NG_name,0,1221,(˶˃ ᵕ ˂˶)(,,>﹏<,,)(⇀‸↼‶)
NG_name,0,1222,(˶˃ ᵕ ˂˶)(,,>﹏<,,)(⇀‸↼‶)
NG_name,0,1223,(˶˃ ᵕ ˂˶)(,,>﹏<,,)(⇀‸↼‶)
NG_name,0,1224,(˶˃ ᵕ ˂˶)(,,>﹏<,,)(⇀‸↼‶)
NG_name,0,1225,(˶˃ ᵕ ˂˶)(,,>﹏<,,)(⇀‸↼‶)
NG_name,0,1226,(˶˃ ᵕ ˂˶)(,,>﹏<,,)(⇀‸↼‶)
NG_name,0,1227,(˶˃ ᵕ ˂˶)(,,>﹏<,,)(⇀‸↼‶)
NG_name,0,1228,(˶˃ ᵕ ˂˶)(,,>﹏<,,)(⇀‸↼‶)
NG_name,0,1229,(˶˃ ᵕ ˂˶)(,,>﹏<,,)(⇀‸↼‶)
NG_name,0,1230,(˶˃ ᵕ ˂˶)(,,>﹏<,,)(⇀‸↼‶)
NG_name,0,1231,(˶˃ ᵕ ˂˶)(,,>﹏<,,)(⇀‸↼‶)
NG_name,0,1232,(˶˃ ᵕ ˂˶)(,,>﹏<,,)(⇀‸↼‶)
NG_name,0,1233,(˶˃ ᵕ ˂˶)(,,>﹏<,,)(⇀‸↼‶)
NG_name,0,1234,(˶˃ ᵕ ˂˶)(,,>﹏<,,)(⇀‸↼‶)
NG_name,0,1235,(˶˃ ᵕ ˂˶)(,,>﹏<,,)(⇀‸↼‶)
NG_name,0,1236,(˶˃ ᵕ ˂˶)(,,>﹏<,,)(⇀‸↼‶)
NG_name,0,1237,(˶˃ ᵕ ˂˶)(,,>﹏<,,)(⇀‸↼‶)
NG_name,0,1238,(˶˃ ᵕ ˂˶)(,,>﹏<,,)(⇀‸↼‶)
NG_name,0,1239,(˶˃ ᵕ ˂˶)(,,>﹏<,,)(⇀‸↼‶)
NG_name,0,1240,(˶˃ ᵕ ˂˶)(,,>﹏<,,)(⇀‸↼‶)
NG_name,0,1241,(˶˃ ᵕ ˂˶)(,,>﹏<,,)(⇀‸↼‶)
NG_name,0,1242,(˶˃ ᵕ ˂˶)(,,>﹏<,,)(⇀‸↼‶)
NG_name,0,1243,(˶˃ ᵕ ˂˶)(,,>﹏<,,)(⇀‸↼‶)
NG_name,0,1244,(˶˃ ᵕ ˂˶)(,,>﹏<,,)(⇀‸↼‶)
NG_name,0,1245,(˶˃ ᵕ ˂˶)(,,>﹏<,,)(⇀‸↼‶)
NG_name,0,1246,(˶˃ ᵕ ˂˶)(,,>﹏<,,)(⇀‸↼‶)
NG_name,0,1247,(˶˃ ᵕ ˂˶)(,,>﹏<,,)(⇀‸↼‶)
NG_name,0,1248,(˶˃ ᵕ ˂˶)(,,>﹏<,,)(⇀‸↼‶)
NG_name,0,1249,(˶˃ ᵕ ˂˶)(,,>﹏<,,)(⇀‸↼‶)
NG_name,0,1250,(˶˃ ᵕ ˂˶)(,,>﹏<,,)(⇀‸↼‶)
NG_name,0,1251,(˶˃ ᵕ ˂˶)(,,>﹏<,,)(⇀‸↼‶)
NG_name,0,1252,(˶˃ ᵕ ˂˶)(,,>﹏<,,)(⇀‸↼‶)
NG_name,0,1253,(˶˃ ᵕ ˂˶)(,,>﹏<,,)(⇀‸↼‶)
NG_name,0,1254,(˶˃ ᵕ ˂˶)(,,>﹏<,,)(⇀‸↼‶)
NG_name,0,1255,(˶˃ ᵕ ˂˶)(,,>﹏<,,)(⇀‸↼‶)
NG_name,0,1256,(˶˃ ᵕ ˂˶)(,,>﹏<,,)(⇀‸↼‶)
NG_name,0,1257,(˶˃ ᵕ ˂˶)(,,>﹏<,,)(⇀‸↼‶)
NG_name,0,1258,(˶˃ ᵕ ˂˶)(,,>﹏<,,)(⇀‸↼‶)
NG_name,0,1259,(˶˃ ᵕ ˂˶)(,,>﹏<,,)(⇀‸↼‶)
NG_name,0,1260,(˶˃ ᵕ ˂˶)(,,>﹏<,,)(⇀‸↼‶)
NG_name,0,1261,(˶˃ ᵕ ˂˶)(,,>﹏<,,)(⇀‸↼‶)
NG_name,0,1262,(˶˃ ᵕ ˂˶)(,,>﹏<,,)(⇀‸↼‶)
NG_name,0,1263,(˶˃ ᵕ ˂˶)(,,>﹏<,,)(⇀‸↼‶)
NG_name,0,1264,(˶˃ ᵕ ˂˶)(,,>﹏<,,)(⇀‸↼‶)
NG_name,0,1265,(˶˃ ᵕ ˂˶)(,,>﹏<,,)(⇀‸↼‶)
NG_name,0,1266,(˶˃ ᵕ ˂˶)(,,>﹏<,,)(⇀‸↼‶)
NG_name,0,1267,(˶˃ ᵕ ˂˶)(,,>﹏<,,)(⇀‸↼‶)
NG_name,0,1268,(˶˃ ᵕ ˂˶)(,,>﹏<,,)(⇀‸↼‶)
NG_name,0,1269,(˶˃ ᵕ ˂˶)(,,>﹏<,,)(⇀‸↼‶)
NG_name,0,1270,(˶˃ ᵕ ˂˶)(,,>﹏<,,)(⇀‸↼‶)
NG_name,0,1271,(˶˃ ᵕ ˂˶)(,,>﹏<,,)(⇀‸↼‶)
NG_name,0,1272,(˶˃ ᵕ ˂˶)(,,>﹏<,,)(⇀‸↼‶)
NG_name,0,1273,(˶˃ ᵕ ˂˶)(,,>﹏<,,)(⇀‸↼‶)
NG_name,0,1274,(˶˃ ᵕ ˂˶)(,,>﹏<,,)(⇀‸↼‶)
NG_name,0,1275,(˶˃ ᵕ ˂˶)(,,>﹏<,,)(⇀‸↼‶)
NG_name,0,1276,(˶˃ ᵕ ˂˶)(,,>﹏<,,)(⇀‸↼‶)
NG_name,0,1277,(˶˃ ᵕ ˂˶)(,,>﹏<,,)(⇀‸↼‶)
NG_name,0,1278,(˶˃ ᵕ ˂˶)(,,>﹏<,,)(⇀‸↼‶)
NG_name,0,1279,(˶˃ ᵕ ˂˶)(,,>﹏<,,)(⇀‸↼‶)
NG_name,0,1280,(˶˃ ᵕ ˂˶)(,,>﹏<,,)(⇀‸↼‶)
NG_name,0,1281,(˶˃ ᵕ ˂˶)(,,>﹏<,,)(⇀‸↼‶)
NG_name,0,1282,(˶˃ ᵕ ˂˶)(,,>﹏<,,)(⇀‸↼‶)
NG_name,0,1283,(˶˃ ᵕ ˂˶)(,,>﹏<,,)(⇀‸↼‶)
NG_name,0,1284,(˶˃ ᵕ ˂˶)(,,>﹏<,,)(⇀‸↼‶)
NG_name,0,1285,(˶˃ ᵕ ˂˶)(,,>﹏<,,)(⇀‸↼‶)
NG_name,0,1286,(˶˃ ᵕ ˂˶)(,,>﹏<,,)(⇀‸↼‶)
NG_name,0,1287,(˶˃ ᵕ ˂˶)(,,>﹏<,,)(⇀‸↼‶)
NG_name,0,1288,(˶˃ ᵕ ˂˶)(,,>﹏<,,)(⇀‸↼‶)
NG_name,0,1289,(˶˃ ᵕ ˂˶)(,,>﹏<,,)(⇀‸↼‶)
NG_name,0,1290,(˶˃ ᵕ ˂˶)(,,>﹏<,,)(⇀‸↼‶)
NG_name,0,1291,(˶˃ ᵕ ˂˶)(,,>﹏<,,)(⇀‸↼‶)
NG_name,0,1292,(˶˃ ᵕ ˂˶)(,,>﹏<,,)(⇀‸↼‶)
NG_name,0,1293,(˶˃ ᵕ ˂˶)(,,>﹏<,,)(⇀‸↼‶)
NG_name,0,1294,(˶˃ ᵕ ˂˶)(,,>﹏<,,)(⇀‸↼‶)
NG_name,0,1295,(˶˃ ᵕ ˂˶)(,,>﹏<,,)(⇀‸↼‶)
NG_name,0,1296,(˶˃ ᵕ ˂˶)(,,>﹏<,,)(⇀‸↼‶)
NG_name,0,1297,(˶˃ ᵕ ˂˶)(,,>﹏<,,)(⇀‸↼‶)
NG_name,0,1298,(˶˃ ᵕ ˂˶)(,,>﹏<,,)(⇀‸↼‶)
NG_name,0,1299,(˶˃ ᵕ ˂˶)(,,>﹏<,,)(⇀‸↼‶)
NG_name,0,1300,(˶˃ ᵕ ˂˶)(,,>﹏<,,)(⇀‸↼‶)
NG_name,0,1301,(˶˃ ᵕ ˂˶)(,,>﹏<,,)(⇀‸↼‶)
NG_name,0,1302,(˶˃ ᵕ ˂˶)(,,>﹏<,,)(⇀‸↼‶)
NG_name,0,1304,(˶˃ ᵕ ˂˶)(,,>﹏<,,)(⇀‸↼‶)
NG_name,0,1305,(˶˃ ᵕ ˂˶)(,,>﹏<,,)(⇀‸↼‶)
NG_name,0,1306,(˶˃ ᵕ ˂˶)(,,>﹏<,,)(⇀‸↼‶)
NG_name,0,1307,(˶˃ ᵕ ˂˶)(,,>﹏<,,)(⇀‸↼‶)
NG_name,0,1308,(˶˃ ᵕ ˂˶)(,,>﹏<,,)(⇀‸↼‶)
NG_name,0,1309,(˶˃ ᵕ ˂˶)(,,>﹏<,,)(⇀‸↼‶)
NG_name,0,1310,(˶˃ ᵕ ˂˶)(,,>﹏<,,)(⇀‸↼‶)
NG_name,0,1311,(˶˃ ᵕ ˂˶)(,,>﹏<,,)(⇀‸↼‶)
NG_name,0,1312,(˶˃ ᵕ ˂˶)(,,>﹏<,,)(⇀‸↼‶)
NG_name,0,1313,(˶˃ ᵕ ˂˶)(,,>﹏<,,)(⇀‸↼‶)
NG_name,0,1314,(˶˃ ᵕ ˂˶)(,,>﹏<,,)(⇀‸↼‶)
NG_name,0,1315,(˶˃ ᵕ ˂˶)(,,>﹏<,,)(⇀‸↼‶)
NG_name,0,1316,(˶˃ ᵕ ˂˶)(,,>﹏<,,)(⇀‸↼‶)
NG_name,0,1317,(˶˃ ᵕ ˂˶)(,,>﹏<,,)(⇀‸↼‶)
NG_name,0,1318,(˶˃ ᵕ ˂˶)(,,>﹏<,,)(⇀‸↼‶)
NG_name,0,1319,(˶˃ ᵕ ˂˶)(,,>﹏<,,)(⇀‸↼‶)
NG_name,0,1320,(˶˃ ᵕ ˂˶)(,,>﹏<,,)(⇀‸↼‶)
NG_name,0,1321,(˶˃ ᵕ ˂˶)(,,>﹏<,,)(⇀‸↼‶)
NG_name,0,1322,(˶˃ ᵕ ˂˶)(,,>﹏<,,)(⇀‸↼‶)
NG_name,0,1323,(˶˃ ᵕ ˂˶)(,,>﹏<,,)(⇀‸↼‶)
NG_name,0,1324,(˶˃ ᵕ ˂˶)(,,>﹏<,,)(⇀‸↼‶)
NG_name,0,1325,(˶˃ ᵕ ˂˶)(,,>﹏<,,)(⇀‸↼‶)
NG_name,0,1326,(˶˃ ᵕ ˂˶)(,,>﹏<,,)(⇀‸↼‶)
NG_name,0,1327,(˶˃ ᵕ ˂˶)(,,>﹏<,,)(⇀‸↼‶)
NG_name,0,1328,(˶˃ ᵕ ˂˶)(,,>﹏<,,)(⇀‸↼‶)
NG_name,0,1329,(˶˃ ᵕ ˂˶)(,,>﹏<,,)(⇀‸↼‶)
NG_name,0,1330,(˶˃ ᵕ ˂˶)(,,>﹏<,,)(⇀‸↼‶)
NG_name,0,1331,(˶˃ ᵕ ˂˶)(,,>﹏<,,)(⇀‸↼‶)
NG_name,0,1332,(˶˃ ᵕ ˂˶)(,,>﹏<,,)(⇀‸↼‶)
NG_name,0,1334,(˶˃ ᵕ ˂˶)(,,>﹏<,,)(⇀‸↼‶)
NG_name,0,1335,(˶˃ ᵕ ˂˶)(,,>﹏<,,)(⇀‸↼‶)
NG_name,0,1336,(˶˃ ᵕ ˂˶)(,,>﹏<,,)(⇀‸↼‶)
NG_name,0,1337,(˶˃ ᵕ ˂˶)(,,>﹏<,,)(⇀‸↼‶)
NG_name,0,1338,(˶˃ ᵕ ˂˶)(,,>﹏<,,)(⇀‸↼‶)
NG_name,0,1339,(˶˃ ᵕ ˂˶)(,,>﹏<,,)(⇀‸↼‶)
NG_name,0,1340,(˶˃ ᵕ ˂˶)(,,>﹏<,,)(⇀‸↼‶)
NG_name,0,1341,(˶˃ ᵕ ˂˶)(,,>﹏<,,)(⇀‸↼‶)
NG_name,0,1342,(˶˃ ᵕ ˂˶)(,,>﹏<,,)(⇀‸↼‶)
NG_name,0,1343,(˶˃ ᵕ ˂˶)(,,>﹏<,,)(⇀‸↼‶)
NG_name,0,1344,(˶˃ ᵕ ˂˶)(,,>﹏<,,)(⇀‸↼‶)
NG_name,0,1345,(˶˃ ᵕ ˂˶)(,,>﹏<,,)(⇀‸↼‶)
NG_name,0,1346,(˶˃ ᵕ ˂˶)(,,>﹏<,,)(⇀‸↼‶)
NG_name,0,1347,(˶˃ ᵕ ˂˶)(,,>﹏<,,)(⇀‸↼‶)
NG_name,0,1348,(˶˃ ᵕ ˂˶)(,,>﹏<,,)(⇀‸↼‶)
NG_name,0,1349,(˶˃ ᵕ ˂˶)(,,>﹏<,,)(⇀‸↼‶)
NG_name,0,1350,(˶˃ ᵕ ˂˶)(,,>﹏<,,)(⇀‸↼‶)
NG_name,0,1351,(˶˃ ᵕ ˂˶)(,,>﹏<,,)(⇀‸↼‶)
NG_name,0,1352,(˶˃ ᵕ ˂˶)(,,>﹏<,,)(⇀‸↼‶)
NG_name,0,1353,(˶˃ ᵕ ˂˶)(,,>﹏<,,)(⇀‸↼‶)
NG_name,0,1354,(˶˃ ᵕ ˂˶)(,,>﹏<,,)(⇀‸↼‶)
NG_name,0,1355,(˶˃ ᵕ ˂˶)(,,>﹏<,,)(⇀‸↼‶)
NG_name,0,1359,(˶˃ ᵕ ˂˶)(,,>﹏<,,)(⇀‸↼‶)
NG_name,0,1360,(˶˃ ᵕ ˂˶)(,,>﹏<,,)(⇀‸↼‶)
NG_name,0,1361,(˶˃ ᵕ ˂˶)(,,>﹏<,,)(⇀‸↼‶)
NG_name,0,1362,(˶˃ ᵕ ˂˶)(,,>﹏<,,)(⇀‸↼‶)
NG_name,0,1363,(˶˃ ᵕ ˂˶)(,,>﹏<,,)(⇀‸↼‶)
NG_name,0,1364,(˶˃ ᵕ ˂˶)(,,>﹏<,,)(⇀‸↼‶)
NG_name,0,1365,(˶˃ ᵕ ˂˶)(,,>﹏<,,)(⇀‸↼‶)
NG_name,0,1366,(˶˃ ᵕ ˂˶)(,,>﹏<,,)(⇀‸↼‶)
NG_name,0,1367,(˶˃ ᵕ ˂˶)(,,>﹏<,,)(⇀‸↼‶)
NG_name,0,1368,(˶˃ ᵕ ˂˶)(,,>﹏<,,)(⇀‸↼‶)
NG_name,0,1369,(˶˃ ᵕ ˂˶)(,,>﹏<,,)(⇀‸↼‶)
NG_name,0,1370,(˶˃ ᵕ ˂˶)(,,>﹏<,,)(⇀‸↼‶)
NG_name,0,1371,(˶˃ ᵕ ˂˶)(,,>﹏<,,)(⇀‸↼‶)
NG_name,0,1372,(˶˃ ᵕ ˂˶)(,,>﹏<,,)(⇀‸↼‶)
NG_name,0,1373,(˶˃ ᵕ ˂˶)(,,>﹏<,,)(⇀‸↼‶)
NG_name,0,1374,(˶˃ ᵕ ˂˶)(,,>﹏<,,)(⇀‸↼‶)
NG_name,0,1375,(˶˃ ᵕ ˂˶)(,,>﹏<,,)(⇀‸↼‶)
NG_name,0,1376,(˶˃ ᵕ ˂˶)(,,>﹏<,,)(⇀‸↼‶)
NG_name,0,1377,(˶˃ ᵕ ˂˶)(,,>﹏<,,)(⇀‸↼‶)
NG_name,0,1378,(˶˃ ᵕ ˂˶)(,,>﹏<,,)(⇀‸↼‶)
NG_name,0,1379,(˶˃ ᵕ ˂˶)(,,>﹏<,,)(⇀‸↼‶)
NG_name,0,1380,(˶˃ ᵕ ˂˶)(,,>﹏<,,)(⇀‸↼‶)
NG_name,0,1381,(˶˃ ᵕ ˂˶)(,,>﹏<,,)(⇀‸↼‶)
NG_name,0,1382,(˶˃ ᵕ ˂˶)(,,>﹏<,,)(⇀‸↼‶)
NG_name,0,1383,(˶˃ ᵕ ˂˶)(,,>﹏<,,)(⇀‸↼‶)
NG_name,0,1384,(˶˃ ᵕ ˂˶)(,,>﹏<,,)(⇀‸↼‶)
NG_name,0,1385,(˶˃ ᵕ ˂˶)(,,>﹏<,,)(⇀‸↼‶)
NG_name,0,1386,(˶˃ ᵕ ˂˶)(,,>﹏<,,)(⇀‸↼‶)
NG_name,0,1387,(˶˃ ᵕ ˂˶)(,,>﹏<,,)(⇀‸↼‶)
NG_name,0,1388,(˶˃ ᵕ ˂˶)(,,>﹏<,,)(⇀‸↼‶)
NG_name,0,1389,(˶˃ ᵕ ˂˶)(,,>﹏<,,)(⇀‸↼‶)
NG_name,0,1390,(˶˃ ᵕ ˂˶)(,,>﹏<,,)(⇀‸↼‶)
NG_name,0,1391,(˶˃ ᵕ ˂˶)(,,>﹏<,,)(⇀‸↼‶)
NG_name,0,1392,(˶˃ ᵕ ˂˶)(,,>﹏<,,)(⇀‸↼‶)
NG_name,0,1393,(˶˃ ᵕ ˂˶)(,,>﹏<,,)(⇀‸↼‶)
NG_name,0,1394,(˶˃ ᵕ ˂˶)(,,>﹏<,,)(⇀‸↼‶)
NG_name,0,1395,(˶˃ ᵕ ˂˶)(,,>﹏<,,)(⇀‸↼‶)
NG_name,0,1396,(˶˃ ᵕ ˂˶)(,,>﹏<,,)(⇀‸↼‶)
NG_name,0,1398,(˶˃ ᵕ ˂˶)(,,>﹏<,,)(⇀‸↼‶)
NG_name,0,1399,(˶˃ ᵕ ˂˶)(,,>﹏<,,)(⇀‸↼‶)
NG_name,0,1400,(˶˃ ᵕ ˂˶)(,,>﹏<,,)(⇀‸↼‶)
NG_name,0,1401,(˶˃ ᵕ ˂˶)(,,>﹏<,,)(⇀‸↼‶)
NG_name,0,1402,(˶˃ ᵕ ˂˶)(,,>﹏<,,)(⇀‸↼‶)
NG_name,0,1403,(˶˃ ᵕ ˂˶)(,,>﹏<,,)(⇀‸↼‶)
NG_name,0,1404,(˶˃ ᵕ ˂˶)(,,>﹏<,,)(⇀‸↼‶)
NG_name,0,1405,(˶˃ ᵕ ˂˶)(,,>﹏<,,)(⇀‸↼‶)
NG_name,0,1406,(˶˃ ᵕ ˂˶)(,,>﹏<,,)(⇀‸↼‶)
NG_name,0,1407,(˶˃ ᵕ ˂˶)(,,>﹏<,,)(⇀‸↼‶)
NG_name,0,1408,(˶˃ ᵕ ˂˶)(,,>﹏<,,)(⇀‸↼‶)
NG_name,0,1409,(˶˃ ᵕ ˂˶)(,,>﹏<,,)(⇀‸↼‶)
NG_name,0,1410,(˶˃ ᵕ ˂˶)(,,>﹏<,,)(⇀‸↼‶)
NG_name,0,1411,(˶˃ ᵕ ˂˶)(,,>﹏<,,)(⇀‸↼‶)
NG_name,0,1412,(˶˃ ᵕ ˂˶)(,,>﹏<,,)(⇀‸↼‶)
NG_name,0,1413,(˶˃ ᵕ ˂˶)(,,>﹏<,,)(⇀‸↼‶)
NG_name,0,1414,(˶˃ ᵕ ˂˶)(,,>﹏<,,)(⇀‸↼‶)
NG_name,0,1415,(˶˃ ᵕ ˂˶)(,,>﹏<,,)(⇀‸↼‶)
NG_name,0,1416,(˶˃ ᵕ ˂˶)(,,>﹏<,,)(⇀‸↼‶)
NG_name,0,1417,(˶˃ ᵕ ˂˶)(,,>﹏<,,)(⇀‸↼‶)
NG_name,0,1418,(˶˃ ᵕ ˂˶)(,,>﹏<,,)(⇀‸↼‶)
NG_name,0,1419,(˶˃ ᵕ ˂˶)(,,>﹏<,,)(⇀‸↼‶)
NG_name,0,1420,(˶˃ ᵕ ˂˶)(,,>﹏<,,)(⇀‸↼‶)
NG_name,0,1421,(˶˃ ᵕ ˂˶)(,,>﹏<,,)(⇀‸↼‶)
NG_name,0,1422,(˶˃ ᵕ ˂˶)(,,>﹏<,,)(⇀‸↼‶)
NG_name,0,1423,(˶˃ ᵕ ˂˶)(,,>﹏<,,)(⇀‸↼‶)
NG_name,0,1424,(˶˃ ᵕ ˂˶)(,,>﹏<,,)(⇀‸↼‶)
NG_name,0,1425,(˶˃ ᵕ ˂˶)(,,>﹏<,,)(⇀‸↼‶)
NG_name,0,1426,(˶˃ ᵕ ˂˶)(,,>﹏<,,)(⇀‸↼‶)
NG_name,0,1427,(˶˃ ᵕ ˂˶)(,,>﹏<,,)(⇀‸↼‶)
NG_name,0,1428,(˶˃ ᵕ ˂˶)(,,>﹏<,,)(⇀‸↼‶)
NG_name,0,1429,(˶˃ ᵕ ˂˶)(,,>﹏<,,)(⇀‸↼‶)
NG_name,0,1430,(˶˃ ᵕ ˂˶)(,,>﹏<,,)(⇀‸↼‶)
NG_name,0,1431,(˶˃ ᵕ ˂˶)(,,>﹏<,,)(⇀‸↼‶)
NG_name,0,1432,(˶˃ ᵕ ˂˶)(,,>﹏<,,)(⇀‸↼‶)
NG_name,0,1433,(˶˃ ᵕ ˂˶)(,,>﹏<,,)(⇀‸↼‶)
NG_name,0,1434,(˶˃ ᵕ ˂˶)(,,>﹏<,,)(⇀‸↼‶)
NG_name,0,1436,(˶˃ ᵕ ˂˶)(,,>﹏<,,)(⇀‸↼‶)
NG_name,0,1437,(˶˃ ᵕ ˂˶)(,,>﹏<,,)(⇀‸↼‶)
NG_name,0,1438,(˶˃ ᵕ ˂˶)(,,>﹏<,,)(⇀‸↼‶)
NG_name,0,1439,(˶˃ ᵕ ˂˶)(,,>﹏<,,)(⇀‸↼‶)
NG_name,0,1440,(˶˃ ᵕ ˂˶)(,,>﹏<,,)(⇀‸↼‶)
NG_name,0,1441,(˶˃ ᵕ ˂˶)(,,>﹏<,,)(⇀‸↼‶)
NG_name,0,1443,(˶˃ ᵕ ˂˶)(,,>﹏<,,)(⇀‸↼‶)
NG_name,0,1445,(˶˃ ᵕ ˂˶)(,,>﹏<,,)(⇀‸↼‶)
NG_name,0,1446,(˶˃ ᵕ ˂˶)(,,>﹏<,,)(⇀‸↼‶)
NG_name,0,1447,(˶˃ ᵕ ˂˶)(,,>﹏<,,)(⇀‸↼‶)
NG_name,0,1449,(˶˃ ᵕ ˂˶)(,,>﹏<,,)(⇀‸↼‶)
NG_name,0,1450,(˶˃ ᵕ ˂˶)(,,>﹏<,,)(⇀‸↼‶)
NG_name,0,1451,(˶˃ ᵕ ˂˶)(,,>﹏<,,)(⇀‸↼‶)
NG_name,0,1453,(˶˃ ᵕ ˂˶)(,,>﹏<,,)(⇀‸↼‶)
NG_name,0,1454,(˶˃ ᵕ ˂˶)(,,>﹏<,,)(⇀‸↼‶)
NG_name,0,1456,(˶˃ ᵕ ˂˶)(,,>﹏<,,)(⇀‸↼‶)
NG_name,0,1458,(˶˃ ᵕ ˂˶)(,,>﹏<,,)(⇀‸↼‶)
NG_name,0,1460,(˶˃ ᵕ ˂˶)(,,>﹏<,,)(⇀‸↼‶)
NG_name,0,1461,(˶˃ ᵕ ˂˶)(,,>﹏<,,)(⇀‸↼‶)
NG_name,0,1462,(˶˃ ᵕ ˂˶)(,,>﹏<,,)(⇀‸↼‶)
NG_name,0,1463,(˶˃ ᵕ ˂˶)(,,>﹏<,,)(⇀‸↼‶)
NG_name,0,1464,(˶˃ ᵕ ˂˶)(,,>﹏<,,)(⇀‸↼‶)
NG_name,0,1465,(˶˃ ᵕ ˂˶)(,,>﹏<,,)(⇀‸↼‶)
NG_name,0,1466,(˶˃ ᵕ ˂˶)(,,>﹏<,,)(⇀‸↼‶)
NG_name,0,1467,(˶˃ ᵕ ˂˶)(,,>﹏<,,)(⇀‸↼‶)
NG_name,0,1468,(˶˃ ᵕ ˂˶)(,,>﹏<,,)(⇀‸↼‶)
NG_name,0,1469,(˶˃ ᵕ ˂˶)(,,>﹏<,,)(⇀‸↼‶)
NG_name,0,1470,(˶˃ ᵕ ˂˶)(,,>﹏<,,)(⇀‸↼‶)
NG_name,0,1471,(˶˃ ᵕ ˂˶)(,,>﹏<,,)(⇀‸↼‶)
NG_name,0,1472,(˶˃ ᵕ ˂˶)(,,>﹏<,,)(⇀‸↼‶)
NG_name,0,1473,(˶˃ ᵕ ˂˶)(,,>﹏<,,)(⇀‸↼‶)
NG_name,0,1474,(˶˃ ᵕ ˂˶)(,,>﹏<,,)(⇀‸↼‶)
NG_name,0,1475,(˶˃ ᵕ ˂˶)(,,>﹏<,,)(⇀‸↼‶)
NG_name,0,1476,(˶˃ ᵕ ˂˶)(,,>﹏<,,)(⇀‸↼‶)
NG_name,0,1477,(˶˃ ᵕ ˂˶)(,,>﹏<,,)(⇀‸↼‶)
NG_name,0,1478,(˶˃ ᵕ ˂˶)(,,>﹏<,,)(⇀‸↼‶)
NG_name,0,1479,(˶˃ ᵕ ˂˶)(,,>﹏<,,)(⇀‸↼‶)
NG_name,0,1480,(˶˃ ᵕ ˂˶)(,,>﹏<,,)(⇀‸↼‶)
NG_name,0,1481,(˶˃ ᵕ ˂˶)(,,>﹏<,,)(⇀‸↼‶)
NG_name,0,1482,(˶˃ ᵕ ˂˶)(,,>﹏<,,)(⇀‸↼‶)
NG_name,0,1483,(˶˃ ᵕ ˂˶)(,,>﹏<,,)(⇀‸↼‶)
NG_name,0,1484,(˶˃ ᵕ ˂˶)(,,>﹏<,,)(⇀‸↼‶)
NG_name,0,1485,(˶˃ ᵕ ˂˶)(,,>﹏<,,)(⇀‸↼‶)
NG_name,0,1486,(˶˃ ᵕ ˂˶)(,,>﹏<,,)(⇀‸↼‶)
NG_name,0,1487,(˶˃ ᵕ ˂˶)(,,>﹏<,,)(⇀‸↼‶)
NG_name,0,1488,(˶˃ ᵕ ˂˶)(,,>﹏<,,)(⇀‸↼‶)
NG_name,0,1489,(˶˃ ᵕ ˂˶)(,,>﹏<,,)(⇀‸↼‶)
NG_name,0,1490,(˶˃ ᵕ ˂˶)(,,>﹏<,,)(⇀‸↼‶)
NG_name,0,1491,(˶˃ ᵕ ˂˶)(,,>﹏<,,)(⇀‸↼‶)
NG_name,0,1492,(˶˃ ᵕ ˂˶)(,,>﹏<,,)(⇀‸↼‶)
NG_name,0,1493,(˶˃ ᵕ ˂˶)(,,>﹏<,,)(⇀‸↼‶)
NG_name,0,1494,(˶˃ ᵕ ˂˶)(,,>﹏<,,)(⇀‸↼‶)
NG_name,0,1495,(˶˃ ᵕ ˂˶)(,,>﹏<,,)(⇀‸↼‶)
NG_name,0,1496,(˶˃ ᵕ ˂˶)(,,>﹏<,,)(⇀‸↼‶)
NG_name,0,1497,(˶˃ ᵕ ˂˶)(,,>﹏<,,)(⇀‸↼‶)
NG_name,0,1498,(˶˃ ᵕ ˂˶)(,,>﹏<,,)(⇀‸↼‶)
NG_name,0,1499,(˶˃ ᵕ ˂˶)(,,>﹏<,,)(⇀‸↼‶)
NG_name,0,1500,(˶˃ ᵕ ˂˶)(,,>﹏<,,)(⇀‸↼‶)
NG_name,0,1501,(˶˃ ᵕ ˂˶)(,,>﹏<,,)(⇀‸↼‶)
NG_name,0,1502,(˶˃ ᵕ ˂˶)(,,>﹏<,,)(⇀‸↼‶)
NG_name,0,1503,(˶˃ ᵕ ˂˶)(,,>﹏<,,)(⇀‸↼‶)
NG_name,0,1504,(˶˃ ᵕ ˂˶)(,,>﹏<,,)(⇀‸↼‶)
NG_name,0,1505,(˶˃ ᵕ ˂˶)(,,>﹏<,,)(⇀‸↼‶)
NG_name,0,1506,(˶˃ ᵕ ˂˶)(,,>﹏<,,)(⇀‸↼‶)
NG_name,0,1507,(˶˃ ᵕ ˂˶)(,,>﹏<,,)(⇀‸↼‶)
NG_name,0,1508,(˶˃ ᵕ ˂˶)(,,>﹏<,,)(⇀‸↼‶)
NG_name,0,1509,(˶˃ ᵕ ˂˶)(,,>﹏<,,)(⇀‸↼‶)
NG_name,0,1510,(˶˃ ᵕ ˂˶)(,,>﹏<,,)(⇀‸↼‶)
NG_name,0,1511,(˶˃ ᵕ ˂˶)(,,>﹏<,,)(⇀‸↼‶)
NG_name,0,1512,(˶˃ ᵕ ˂˶)(,,>﹏<,,)(⇀‸↼‶)
NG_name,0,1513,(˶˃ ᵕ ˂˶)(,,>﹏<,,)(⇀‸↼‶)
NG_name,0,1514,(˶˃ ᵕ ˂˶)(,,>﹏<,,)(⇀‸↼‶)
NG_name,0,1515,(˶˃ ᵕ ˂˶)(,,>﹏<,,)(⇀‸↼‶)
NG_name,0,1516,(˶˃ ᵕ ˂˶)(,,>﹏<,,)(⇀‸↼‶)
NG_name,0,1517,(˶˃ ᵕ ˂˶)(,,>﹏<,,)(⇀‸↼‶)
NG_name,0,1518,(˶˃ ᵕ ˂˶)(,,>﹏<,,)(⇀‸↼‶)
NG_name,0,1519,(˶˃ ᵕ ˂˶)(,,>﹏<,,)(⇀‸↼‶)
NG_name,0,1520,(˶˃ ᵕ ˂˶)(,,>﹏<,,)(⇀‸↼‶)
NG_name,0,1521,(˶˃ ᵕ ˂˶)(,,>﹏<,,)(⇀‸↼‶)
NG_name,0,1522,(˶˃ ᵕ ˂˶)(,,>﹏<,,)(⇀‸↼‶)
NG_name,0,1523,(˶˃ ᵕ ˂˶)(,,>﹏<,,)(⇀‸↼‶)
NG_name,0,1524,(˶˃ ᵕ ˂˶)(,,>﹏<,,)(⇀‸↼‶)
NG_name,0,1525,(˶˃ ᵕ ˂˶)(,,>﹏<,,)(⇀‸↼‶)
NG_name,0,1526,(˶˃ ᵕ ˂˶)(,,>﹏<,,)(⇀‸↼‶)
NG_name,0,1527,(˶˃ ᵕ ˂˶)(,,>﹏<,,)(⇀‸↼‶)
NG_name,0,1528,(˶˃ ᵕ ˂˶)(,,>﹏<,,)(⇀‸↼‶)
NG_name,0,1529,(˶˃ ᵕ ˂˶)(,,>﹏<,,)(⇀‸↼‶)
NG_name,0,1530,(˶˃ ᵕ ˂˶)(,,>﹏<,,)(⇀‸↼‶)
NG_name,0,1531,(˶˃ ᵕ ˂˶)(,,>﹏<,,)(⇀‸↼‶)
NG_name,0,1532,(˶˃ ᵕ ˂˶)(,,>﹏<,,)(⇀‸↼‶)
NG_name,0,1533,(˶˃ ᵕ ˂˶)(,,>﹏<,,)(⇀‸↼‶)
NG_name,0,1535,(˶˃ ᵕ ˂˶)(,,>﹏<,,)(⇀‸↼‶)
NG_name,0,1536,(˶˃ ᵕ ˂˶)(,,>﹏<,,)(⇀‸↼‶)
NG_name,0,1537,(˶˃ ᵕ ˂˶)(,,>﹏<,,)(⇀‸↼‶)
NG_name,0,1539,(˶˃ ᵕ ˂˶)(,,>﹏<,,)(⇀‸↼‶)
NG_name,0,1540,(˶˃ ᵕ ˂˶)(,,>﹏<,,)(⇀‸↼‶)
NG_name,0,1541,(˶˃ ᵕ ˂˶)(,,>﹏<,,)(⇀‸↼‶)
NG_name,0,1542,(˶˃ ᵕ ˂˶)(,,>﹏<,,)(⇀‸↼‶)
NG_name,0,1544,(˶˃ ᵕ ˂˶)(,,>﹏<,,)(⇀‸↼‶)
NG_name,0,1545,(˶˃ ᵕ ˂˶)(,,>﹏<,,)(⇀‸↼‶)
NG_name,0,1546,(˶˃ ᵕ ˂˶)(,,>﹏<,,)(⇀‸↼‶)
NG_name,0,1547,(˶˃ ᵕ ˂˶)(,,>﹏<,,)(⇀‸↼‶)
NG_name,0,1548,(˶˃ ᵕ ˂˶)(,,>﹏<,,)(⇀‸↼‶)
NG_name,0,1549,(˶˃ ᵕ ˂˶)(,,>﹏<,,)(⇀‸↼‶)
NG_name,0,1550,(˶˃ ᵕ ˂˶)(,,>﹏<,,)(⇀‸↼‶)
NG_name,0,1551,(˶˃ ᵕ ˂˶)(,,>﹏<,,)(⇀‸↼‶)
NG_name,0,1552,(˶˃ ᵕ ˂˶)(,,>﹏<,,)(⇀‸↼‶)
NG_name,0,1553,(˶˃ ᵕ ˂˶)(,,>﹏<,,)(⇀‸↼‶)
NG_name,0,1554,(˶˃ ᵕ ˂˶)(,,>﹏<,,)(⇀‸↼‶)
NG_name,0,1555,(˶˃ ᵕ ˂˶)(,,>﹏<,,)(⇀‸↼‶)
NG_name,0,1556,(˶˃ ᵕ ˂˶)(,,>﹏<,,)(⇀‸↼‶)
NG_name,0,1557,(˶˃ ᵕ ˂˶)(,,>﹏<,,)(⇀‸↼‶)
NG_name,0,1558,(˶˃ ᵕ ˂˶)(,,>﹏<,,)(⇀‸↼‶)
NG_name,0,1559,(˶˃ ᵕ ˂˶)(,,>﹏<,,)(⇀‸↼‶)
NG_name,0,1560,(˶˃ ᵕ ˂˶)(,,>﹏<,,)(⇀‸↼‶)
NG_name,0,1561,(˶˃ ᵕ ˂˶)(,,>﹏<,,)(⇀‸↼‶)
NG_name,0,1562,(˶˃ ᵕ ˂˶)(,,>﹏<,,)(⇀‸↼‶)
NG_name,0,1563,(˶˃ ᵕ ˂˶)(,,>﹏<,,)(⇀‸↼‶)
NG_name,0,1564,(˶˃ ᵕ ˂˶)(,,>﹏<,,)(⇀‸↼‶)
NG_name,0,1565,(˶˃ ᵕ ˂˶)(,,>﹏<,,)(⇀‸↼‶)
NG_name,0,1566,(˶˃ ᵕ ˂˶)(,,>﹏<,,)(⇀‸↼‶)
NG_name,0,1567,(˶˃ ᵕ ˂˶)(,,>﹏<,,)(⇀‸↼‶)
NG_name,0,1568,(˶˃ ᵕ ˂˶)(,,>﹏<,,)(⇀‸↼‶)
NG_name,0,1569,(˶˃ ᵕ ˂˶)(,,>﹏<,,)(⇀‸↼‶)
NG_name,0,1570,(˶˃ ᵕ ˂˶)(,,>﹏<,,)(⇀‸↼‶)
NG_name,0,1571,(˶˃ ᵕ ˂˶)(,,>﹏<,,)(⇀‸↼‶)
NG_name,0,1572,(˶˃ ᵕ ˂˶)(,,>﹏<,,)(⇀‸↼‶)
NG_name,0,1573,(˶˃ ᵕ ˂˶)(,,>﹏<,,)(⇀‸↼‶)
NG_name,0,1574,(˶˃ ᵕ ˂˶)(,,>﹏<,,)(⇀‸↼‶)
NG_name,0,1575,(˶˃ ᵕ ˂˶)(,,>﹏<,,)(⇀‸↼‶)
NG_name,0,1576,(˶˃ ᵕ ˂˶)(,,>﹏<,,)(⇀‸↼‶)
NG_name,0,1577,(˶˃ ᵕ ˂˶)(,,>﹏<,,)(⇀‸↼‶)
NG_name,0,1578,(˶˃ ᵕ ˂˶)(,,>﹏<,,)(⇀‸↼‶)
NG_name,0,1579,(˶˃ ᵕ ˂˶)(,,>﹏<,,)(⇀‸↼‶)
NG_name,0,1580,(˶˃ ᵕ ˂˶)(,,>﹏<,,)(⇀‸↼‶)
NG_name,0,1581,(˶˃ ᵕ ˂˶)(,,>﹏<,,)(⇀‸↼‶)
NG_name,0,1582,(˶˃ ᵕ ˂˶)(,,>﹏<,,)(⇀‸↼‶)
NG_name,0,1583,(˶˃ ᵕ ˂˶)(,,>﹏<,,)(⇀‸↼‶)
NG_name,0,1584,(˶˃ ᵕ ˂˶)(,,>﹏<,,)(⇀‸↼‶)
NG_name,0,1585,(˶˃ ᵕ ˂˶)(,,>﹏<,,)(⇀‸↼‶)
NG_name,0,1586,(˶˃ ᵕ ˂˶)(,,>﹏<,,)(⇀‸↼‶)
NG_name,0,1587,(˶˃ ᵕ ˂˶)(,,>﹏<,,)(⇀‸↼‶)
NG_name,0,1588,(˶˃ ᵕ ˂˶)(,,>﹏<,,)(⇀‸↼‶)
NG_name,0,1589,(˶˃ ᵕ ˂˶)(,,>﹏<,,)(⇀‸↼‶)
NG_name,0,1590,(˶˃ ᵕ ˂˶)(,,>﹏<,,)(⇀‸↼‶)
NG_name,0,1591,(˶˃ ᵕ ˂˶)(,,>﹏<,,)(⇀‸↼‶)
NG_name,0,1592,(˶˃ ᵕ ˂˶)(,,>﹏<,,)(⇀‸↼‶)
NG_name,0,1593,(˶˃ ᵕ ˂˶)(,,>﹏<,,)(⇀‸↼‶)
NG_name,0,1594,(˶˃ ᵕ ˂˶)(,,>﹏<,,)(⇀‸↼‶)
NG_name,0,1595,(˶˃ ᵕ ˂˶)(,,>﹏<,,)(⇀‸↼‶)
NG_name,0,1596,(˶˃ ᵕ ˂˶)(,,>﹏<,,)(⇀‸↼‶)
NG_name,0,1597,(˶˃ ᵕ ˂˶)(,,>﹏<,,)(⇀‸↼‶)
NG_name,0,1598,(˶˃ ᵕ ˂˶)(,,>﹏<,,)(⇀‸↼‶)
NG_name,0,1599,(˶˃ ᵕ ˂˶)(,,>﹏<,,)(⇀‸↼‶)
NG_name,0,1600,(˶˃ ᵕ ˂˶)(,,>﹏<,,)(⇀‸↼‶)
NG_name,0,1601,(˶˃ ᵕ ˂˶)(,,>﹏<,,)(⇀‸↼‶)
NG_name,0,1602,(˶˃ ᵕ ˂˶)(,,>﹏<,,)(⇀‸↼‶)
NG_name,0,1603,(˶˃ ᵕ ˂˶)(,,>﹏<,,)(⇀‸↼‶)
NG_name,0,1604,(˶˃ ᵕ ˂˶)(,,>﹏<,,)(⇀‸↼‶)
NG_name,0,1605,(˶˃ ᵕ ˂˶)(,,>﹏<,,)(⇀‸↼‶)
NG_name,0,1606,(˶˃ ᵕ ˂˶)(,,>﹏<,,)(⇀‸↼‶)
NG_name,0,1607,(˶˃ ᵕ ˂˶)(,,>﹏<,,)(⇀‸↼‶)
NG_name,0,1608,(˶˃ ᵕ ˂˶)(,,>﹏<,,)(⇀‸↼‶)
NG_name,0,1609,(˶˃ ᵕ ˂˶)(,,>﹏<,,)(⇀‸↼‶)
NG_name,0,1610,(˶˃ ᵕ ˂˶)(,,>﹏<,,)(⇀‸↼‶)
NG_name,0,1611,(˶˃ ᵕ ˂˶)(,,>﹏<,,)(⇀‸↼‶)
NG_name,0,1612,(˶˃ ᵕ ˂˶)(,,>﹏<,,)(⇀‸↼‶)
NG_name,0,1613,(˶˃ ᵕ ˂˶)(,,>﹏<,,)(⇀‸↼‶)
NG_name,0,1614,(˶˃ ᵕ ˂˶)(,,>﹏<,,)(⇀‸↼‶)
NG_name,0,1615,(˶˃ ᵕ ˂˶)(,,>﹏<,,)(⇀‸↼‶)
NG_name,0,1616,(˶˃ ᵕ ˂˶)(,,>﹏<,,)(⇀‸↼‶)
NG_name,0,1617,(˶˃ ᵕ ˂˶)(,,>﹏<,,)(⇀‸↼‶)
NG_name,0,1618,(˶˃ ᵕ ˂˶)(,,>﹏<,,)(⇀‸↼‶)
NG_name,0,1619,(˶˃ ᵕ ˂˶)(,,>﹏<,,)(⇀‸↼‶)
NG_name,0,1620,(˶˃ ᵕ ˂˶)(,,>﹏<,,)(⇀‸↼‶)
NG_name,0,1621,(˶˃ ᵕ ˂˶)(,,>﹏<,,)(⇀‸↼‶)
NG_name,0,1622,(˶˃ ᵕ ˂˶)(,,>﹏<,,)(⇀‸↼‶)
NG_name,0,1623,(˶˃ ᵕ ˂˶)(,,>﹏<,,)(⇀‸↼‶)
NG_name,0,1624,(˶˃ ᵕ ˂˶)(,,>﹏<,,)(⇀‸↼‶)
NG_name,0,1625,(˶˃ ᵕ ˂˶)(,,>﹏<,,)(⇀‸↼‶)
NG_name,0,1626,(˶˃ ᵕ ˂˶)(,,>﹏<,,)(⇀‸↼‶)
NG_name,0,1627,(˶˃ ᵕ ˂˶)(,,>﹏<,,)(⇀‸↼‶)
NG_name,0,1628,(˶˃ ᵕ ˂˶)(,,>﹏<,,)(⇀‸↼‶)
NG_name_J,0,0603,(˶˃ ᵕ ˂˶)(,,>﹏<,,)(⇀‸↼‶)
NG_name_J,0,0604,(˶˃ ᵕ ˂˶)(,,>﹏<,,)(⇀‸↼‶)
NG_name_J,0,0605,(˶˃ ᵕ ˂˶)(,,>﹏<,,)(⇀‸↼‶)
NG_name_J,0,0606,(˶˃ ᵕ ˂˶)(,,>﹏<,,)(⇀‸↼‶)
NG_name_J,0,0607,(˶˃ ᵕ ˂˶)(,,>﹏<,,)(⇀‸↼‶)
NG_name_J,0,0608,(˶˃ ᵕ ˂˶)(,,>﹏<,,)(⇀‸↼‶)
NG_name_J,0,0609,(˶˃ ᵕ ˂˶)(,,>﹏<,,)(⇀‸↼‶)
NG_name_J,0,0610,(˶˃ ᵕ ˂˶)(,,>﹏<,,)(⇀‸↼‶)
NG_name_J,0,0611,(˶˃ ᵕ ˂˶)(,,>﹏<,,)(⇀‸↼‶)
NG_name_J,0,0612,(˶˃ ᵕ ˂˶)(,,>﹏<,,)(⇀‸↼‶)
NG_name_J,0,0613,(˶˃ ᵕ ˂˶)(,,>﹏<,,)(⇀‸↼‶)
NG_name_J,0,0614,(˶˃ ᵕ ˂˶)(,,>﹏<,,)(⇀‸↼‶)
NG_name_J,0,0615,(˶˃ ᵕ ˂˶)(,,>﹏<,,)(⇀‸↼‶)
NG_name_J,0,0616,(˶˃ ᵕ ˂˶)(,,>﹏<,,)(⇀‸↼‶)
NG_name_J,0,0617,(˶˃ ᵕ ˂˶)(,,>﹏<,,)(⇀‸↼‶)
NG_name_J,0,0618,(˶˃ ᵕ ˂˶)(,,>﹏<,,)(⇀‸↼‶)
NG_name_J,0,0619,(˶˃ ᵕ ˂˶)(,,>﹏<,,)(⇀‸↼‶)
NG_name_J,0,0620,(˶˃ ᵕ ˂˶)(,,>﹏<,,)(⇀‸↼‶)
NG_name_J,0,0621,(˶˃ ᵕ ˂˶)(,,>﹏<,,)(⇀‸↼‶)
NG_name_J,0,0622,(˶˃ ᵕ ˂˶)(,,>﹏<,,)(⇀‸↼‶)
NG_name_J,0,0623,(˶˃ ᵕ ˂˶)(,,>﹏<,,)(⇀‸↼‶)
NG_name_J,0,0624,(˶˃ ᵕ ˂˶)(,,>﹏<,,)(⇀‸↼‶)
NG_name_J,0,0625,(˶˃ ᵕ ˂˶)(,,>﹏<,,)(⇀‸↼‶)
NG_name_J,0,0626,(˶˃ ᵕ ˂˶)(,,>﹏<,,)(⇀‸↼‶)
NG_name_J,0,0627,(˶˃ ᵕ ˂˶)(,,>﹏<,,)(⇀‸↼‶)
NG_name_J,0,0628,(˶˃ ᵕ ˂˶)(,,>﹏<,,)(⇀‸↼‶)
NG_name_J,0,0629,(˶˃ ᵕ ˂˶)(,,>﹏<,,)(⇀‸↼‶)
NG_name_J,0,0630,(˶˃ ᵕ ˂˶)(,,>﹏<,,)(⇀‸↼‶)
NG_name_J,0,0631,(˶˃ ᵕ ˂˶)(,,>﹏<,,)(⇀‸↼‶)
NG_name_J,0,0632,(˶˃ ᵕ ˂˶)(,,>﹏<,,)(⇀‸↼‶)
NG_name_J,0,0633,(˶˃ ᵕ ˂˶)(,,>﹏<,,)(⇀‸↼‶)
NG_name_J,0,0634,(˶˃ ᵕ ˂˶)(,,>﹏<,,)(⇀‸↼‶)
