section,group,id,text
AccountLinkage,0,PrePublishTitle,アカウント連携コード発行確認
AccountLinkage,0,PrePublishTitleAmazon,Amazonアカウント連携
AccountLinkage,0,PrePublishMessageMS,アカウント連携コードを発行し、他のプラットフォーム<br>で入力することで、アカウント連携が出来ます。<br><br><yellow>アカウント連携すると、現在ログイン中のアカウント<c><br><c ff4f3f>ゲーマータグ：<lt>$(0)<gt><c><yellow><br>を対象のプラットフォームのアカウントと連携し<br>同じ『PSO2』のセーブデータでプレイすることができます。<c><br><br>アカウント連携コードを発行しますか？<br><br><yellow>※発行した連携コードは、連携先プラットフォームの<br>　『PSO2』で初回ログイン時に入力できます。<br>※連携コードの有効期間は発行から15分間です。<br>※連携先の『PSO2』の準備をしてからのコード発行を<br>お勧めします。<c>
AccountLinkage,0,PrePublishMessageSteam,アカウント連携コードを発行し、他のプラットフォーム<br>で入力することで、アカウント連携が出来ます。<br><br><yellow>アカウント連携すると、現在ログイン中のアカウント<c><br><c ff4f3f><lt>$(0)<gt><c><yellow><br>を対象のプラットフォームのアカウントと連携し<br>同じ『PSO2』のセーブデータでプレイすることができます。<c><br><br>アカウント連携コードを発行しますか？<br><br><yellow>※発行した連携コードは、連携先プラットフォームの<br>　『PSO2』で初回ログイン時に入力できます。<br>※連携コードの有効期間は発行から15分間です。<br>※連携先の『PSO2』の準備をしてからのコード発行を<br>お勧めします。<c>
AccountLinkage,0,PrePublishMessageEpic,アカウント連携コードを発行し、他のプラットフォーム<br>で入力することで、アカウント連携が出来ます。<br><br><yellow>アカウント連携すると、現在ログイン中のアカウント<c><br><c ff4f3f><lt>$(0)<gt><c><yellow><br>を対象のプラットフォームのアカウントと連携し<br>同じ『PSO2』のセーブデータでプレイすることができます。<c><br><br>アカウント連携コードを発行しますか？<br><br><yellow>※発行した連携コードは、連携先プラットフォームの<br>　『PSO2』で初回ログイン時に入力できます。<br>※連携コードの有効期間は発行から15分間です。<br>※連携先の『PSO2』の準備をしてからのコード発行を<br>お勧めします。<c>
AccountLinkage,0,PrePublishMessagePS4,アカウント連携コードを発行し、他のプラットフォーム<br>で入力することで、アカウント連携が出来ます。<br><br><yellow>アカウント連携すると、現在ログイン中のアカウント<c><br><c ff4f3f>“PlayStation™Network”のアカウント：<lt>$(0)<gt><c><yellow><br>を対象のプラットフォームのアカウントと連携し<br>同じ『PSO2』のセーブデータでプレイすることができます。<c><br><br>アカウント連携コードを発行しますか？<br><br><yellow>※発行した連携コードは、連携先プラットフォームの<br>　『PSO2』で初回ログイン時に入力できます。<br>※連携コードの有効期間は発行から15分間です。<br>※連携先の『PSO2』の準備をしてからのコード発行を<br>お勧めします。<c>
AccountLinkage,0,PrePublishMessageAmazon,現在ログインしているアカウントと<br>Amazonアカウントを連携できます。<br><yellow>アカウント連携をすると、Prime Gamingの特典を<br>受け取れるようになります。<c><br><br>Amazonアカウントと連携を行うには、<br>Amazonアカウント連携ページに移動してください。<br><br>以下の二次元コードを読み込むか“ブラウザで開く”<br>を選択することで、連携ページに移動できます。<br><yellow>連携ページでの入力は10分間有効です。<c>
AccountLinkage,0,PublishTitle,アカウント連携コード
AccountLinkage,0,PublishMessageUpper,他プラットフォームのアカウント連携画面で<br>下記コードを有効期限内に入力することで<br>対象のプラットフォームのアカウントと連携し<br>同じセーブデータでプレイすることができます。<br><br><yellow>アカウント連携コードの入力画面は他プラットフォームで<br>初回ログイン時に表示されます。<c>
AccountLinkage,0,AccountLinkagePublishMessageMS,連携するXboxゲーマータグ： $(0)<br>アカウント連携コード       ： $(1)<br>有効期限                  ： $(2)
AccountLinkage,0,AccountLinkagePublishMessageSteam,連携するSteamアカウント： $(0)<br>アカウント連携コード     ： $(1)<br>有効期限                ： $(2)
AccountLinkage,0,AccountLinkagePublishMessageEpic,連携するEpic Gamesアカウント： $(0)<br>アカウント連携コード     ： $(1)<br>有効期限                ： $(2)
AccountLinkage,0,AccountLinkagePublishMessagePS4,連携するPlayStation™Networkアカウント： $(0)<br>アカウント連携コード     ： $(1)<br>有効期限                ： $(2)
AccountLinkage,0,AccountLinkageCode,アカウント連携コード
AccountLinkage,0,Password,パスワード
AccountLinkage,0,PublishMessageDeadline,有効期限
AccountLinkage,0,PublishMessageLower,<yellow>上記の内容は第三者に知られないように<br>大切に保管してください。<c><br><c ff4f3f>※連携するアカウントに間違いがないか、ご注意ください<c>
AccountLinkage,0,AlreadyLinkageTitle,アカウント連携済み
AccountLinkage,0,AlreadyLinkageMessage,既にアカウント連携が完了しています。<br><br>再度アカウント連携をしたい場合は<br>アカウント連携を解除してから行ってください。<br>
AccountLinkage,0,PreLinkageTitle,アカウント連携確認
AccountLinkage,0,PreLinkageMessage,アカウント連携コードを入力することで<br>他のプラットフォームで遊んでいた<br>『PSO2』アカウントでプレイすることが可能です。<br><br>アカウントを連携してゲームを開始しますか？<br><br><yellow>※必要な「アカウント連携コード」は<br>　他プラットフォームでプレイ済みのアカウントで<br>　ログインし、スタートメニューから<br>　「アカウント連携コード発行」を選択し発行できます。<c><br><br><c ff4f3f>※連携せずに始めた場合、既存の<br>『PSO2』セーブデータとは二度と連携出来ません。<c>
AccountLinkage,0,FinalDontLinkageMessage,ゲームを開始すると<br><yellow>既に他のプラットフォームで遊んでいる<br>既存の『PSO2』アカウントとは連携出来なくなります。<c><br><br>本当に連携をせずにゲームを開始して<br>よろしいですか？<br><br><c ff4f3f>※最初にPSO2を開始したプラットフォームの<br>　アカウントとの連携は解除はできません。<c>
AccountLinkage,0,LinkageTitle,アカウント連携コード入力
AccountLinkage,0,LinkageMessage,<yellow>アカウント連携コードの入力を続けて10回間違えた場合<br>24時間利用が制限されますので、ご注意ください。<c>
AccountLinkage,0,LinkageCompleteTitle,アカウント連携完了
AccountLinkage,0,LinkageCompleteMessage,アカウント連携が完了し<br>既存データを引継ぎました。<br><br>以降は連携した他プラットフォームと<br>同一の『PSO2』セーブデータを共有し<br>プレイすることが可能です。<br><br>※各プラットフォームで同時にログインはできません。
AccountLinkage,0,LinkageTutorialTitle,アカウント連携について
AccountLinkage,0,LinkageTutorialMessage1,『ファンタシースターオンライン２（PSO2）』では<br>他プラットフォームのアカウントと<br><yellow>アカウント連携<c>をすることで<br><yellow>同じ『PSO2』のセーブデータでプレイすることが可能です。<c>
AccountLinkage,0,LinkageTutorialMessage2,アカウント連携は<br><yellow>連携したいセーブデータのあるアカウントでログインして<br>アカウント連携コードを発行し<br>『PSO2』のデータがない他のプラットフォーム<br>で入力<c>することで行えます。<br><br>アカウント連携コードは<br><yellow>連携したい『PSO2』のデータがあるアカウントでログインし<br>スタートメニューの「アカウント連携コード発行」を<br>選択する<c>ことで発行できます。<br><br><c ff4f3f>※最初にPSO2を開始したプラットフォームの<br>　アカウントとの連携は解除はできません。<c>
AccountLinkage,0,LinkageTutorialMessage3,他のプラットフォームで新たに『PSO2』を開始すると<br>アカウント連携コードの入力確認画面が表示されます。<br><br>「はい」を選び、アカウント連携コードを入力することで<br>アカウント連携が完了します。<br><br><yellow>・アカウント連携は『PSO2』の「プレイヤーIDネーム」<br>入力前のアカウントとしかできません。<br>・連携しないままアカウントIDネームを作成すると<br>　連携できなくなるのでご注意ください。<br>・連携するアカウントがない場合は「プレイヤーIDネーム」<br>を入力しゲームを開始してください。<c><br><br><c ff4f3f>※連携する場合は、連携元のアカウントのキャラクターが<br>存在するシップを選んでください。<c>
AccountLinkage,0,NotFirstPlatformLinkageTitle,連携コード発行エラー
AccountLinkage,0,NotFirstPlatformLinkageMessage,連携コードは、最初にPSO2を開始したプラットフォームから発行してください。
AccountLinkage,0,NotLinkageAmazon,現在、Amazonアカウント連携機能は<br>ご利用いただけません。
AccountLinkage,0,LinkageButton_Accept,----
AccountLinkage,0,LinkageButton_Browser,ブラウザで開く
AccountLinkage,0,LinkageButton_Cancel,閉じる
AccountLinkage,0,LinkageErrorMessage,エラーが発生しました。<br>時間をおいて再度お試し頂くか、<br>お問い合わせフォームよりご報告を<br>お願いいたします。
AccountLinkage,1,PrePublishTitle,EMITIR CODIGO DE ENLACE DE CUENTA
AccountLinkage,1,PrePublishTitleAmazon,Vincular cuenta de Amazon
AccountLinkage,1,PrePublishMessageMS,rm antes de emitir el código.<c>
AccountLinkage,1,PrePublishMessageSteam,tes de emitir el código.<c>
AccountLinkage,1,PrePublishMessageEpic,tes de emitir el código.<c>
AccountLinkage,1,PrePublishMessagePS4,plataforma de destino antes de emitir el código.<c>
AccountLinkage,1,PrePublishMessageAmazon,"Puedes vincular tu cuenta actual con tu cuenta de Amazon.<br><yellow>Al vincular las cuentas, podrás<br>recibir los beneficios de Prime Gaming.<c><br><br>Por favor, visita la página de enlace de cuentas de Amazon<br>para realizar la vinculación.<br><br>Puedes visitar la página de enlace escaneando<br>el código 2D a continuación, o seleccionando ""Abrir navegador"".<br><yellow>Tienes 10 minutos para ingresar tu<br>información en la página de enlace.<c>"
AccountLinkage,1,PublishTitle,CÓDIGO DE ENLACE DE CUENTA
AccountLinkage,1,PublishMessageUpper,"Antes de que el código a continuación expire, ingrésalo en la<br>ventana de Enlace de cuenta en otra plataforma para<br>vincularlo a esta cuenta y transferir tus datos de guardado.<br><br><yellow>La ventana para ingresar el Código de enlace de cuenta<br>se mostrará la primera vez que inicies sesión en otra<br>plataforma.<c>"
AccountLinkage,1,AccountLinkagePublishMessageMS,Gamertag de Xbox a vincular: $(0)<br>Código de enlace de cuenta: $(1)<br>Vence: $(2)
AccountLinkage,1,AccountLinkagePublishMessageSteam,Cuenta de Steam a vincular: $(0)<br>Código de enlace de cuenta: $(1)<br>Vence: $(2)
AccountLinkage,1,AccountLinkagePublishMessageEpic,Cuenta de Epic Games a vincular: $(0)<br>Código de enlace de cuenta: $(1)<br>Vence: $(2)
AccountLinkage,1,AccountLinkagePublishMessagePS4,Cuenta de PlayStation™Network a vincular: $(0)<br>Código de enlace de cuenta: $(1)<br>Vence: $(2)
AccountLinkage,1,AccountLinkageCode,Código de enlace de cuenta
AccountLinkage,1,PublishMessageDeadline,Vencimiento
AccountLinkage,1,PublishMessageLower,<yellow>Por favor
AccountLinkage,1,AlreadyLinkageTitle,CUENTA YA VINCULADA
AccountLinkage,1,AlreadyLinkageMessage,"Esta cuenta ya ha sido vinculada.<br><br>Si deseas volver a vincular esta cuenta,<br>primero debes desvincularla.<br>"
AccountLinkage,1,PreLinkageTitle,CONFIRMAR ENLACE DE CUENTA
AccountLinkage,1,PreLinkageMessage,"sin vincular, no podrás vincular esta cuenta a los datos de guardado originales más adelante.<c>"
AccountLinkage,1,FinalDontLinkageMessage,.<c>
AccountLinkage,1,LinkageTitle,INGRESE EL CODIGO DE ENLACE DE CUENTA
AccountLinkage,1,LinkageMessage,<yellow>Ingresar un Código de enlace de cuenta incorrecto 10 veces seguidas restringirá tu uso de PSO2 por 24 horas.<c>
AccountLinkage,1,LinkageCompleteTitle,ENLACE DE CUENTA COMPLETADO
AccountLinkage,1,LinkageCompleteMessage,Tus cuentas han sido vinculadas y tus datos han sido transferidos.<br><br>Ahora puedes usar tus datos de guardado de PSO2 entre las cuentas vinculadas.<br><br>No puedes iniciar sesión simultáneamente en todas las plataformas.
AccountLinkage,1,LinkageTutorialTitle,VINCULACIÓN DE CUENTAS
AccountLinkage,1,LinkageTutorialMessage1,Puedes <yellow>vincular tu cuenta<c> a una cuenta de Phantasy Star Online 2 en otra plataforma para jugar con los mismos datos de guardado en múltiples plataformas.
AccountLinkage,1,LinkageTutorialMessage2,vincular con la cuenta en la <br>plataforma donde empezaste a jugar PSO2 por primera vez.<c>
AccountLinkage,1,LinkageTutorialMessage3,"La ventana de ingreso del Código de enlace de cuenta aparecerá cuando<br>inicies PSO2 por primera vez en una nueva plataforma.<br><br>Elige [Sí] e ingresa el código para conectar las cuentas.<br><br><yellow>- Solo puedes vincularte a una cuenta que aún no haya establecido un nombre de ID de cuenta.<br>- No puedes vincularte a una cuenta existente después de establecer una ID de cuenta.<br>- Si no hay una cuenta a la que desees vincularte, por favor ingresa una ID de cuenta e inicia el juego.<c><br><br><c ff4f3f>Si tienes la intención de vincularte a una cuenta existente,<br>por favor elige la nave donde se encuentra tu personaje.<c>"
AccountLinkage,1,NotFirstPlatformLinkageTitle,Error de emisión de código de enlace
AccountLinkage,1,NotFirstPlatformLinkageMessage,El código de enlace debe emitirse desde la plataforma donde iniciaste PSO2 por primera vez.
AccountLinkage,1,NotLinkageAmazon,El enlace de cuenta de Amazon no está disponible actualmente.
AccountLinkage,1,LinkageButton_Accept,----
AccountLinkage,1,LinkageButton_Browser,Abrir navegador
AccountLinkage,1,LinkageButton_Cancel,Cerrar
AccountLinkage,1,LinkageErrorMessage,"Ocurrió un error.<br>Por favor, espera un momento e inténtalo de nuevo,<br>o envía un reporte a través de nuestro formulario de consultas."
AccountRelease,0,PreReleaseTitle,アカウント連携解除確認
AccountRelease,0,PreReleaseTitleAmazon,Amazonアカウント連携解除
AccountRelease,0,PreReleaseMessageXboxLive,現在ログインしているMicrosoft アカウントと<br>他プラットフォームのアカウントの<br>連携解除を行います。<br><br>アカウント連携を解除すると<br>現在ログインしている「Microsoft アカウント」の<br><c ff4f3f>ゲーマータグ：<lt>$(0)<gt><c><br>の『ファンタシースターオンライン２』の<br>セーブデータは<c ff4f3f>初回プレイ状態<c>となります。<br><br><yellow>※他プラットフォームのセーブデータはそのまま残ります。<c><br><yellow>※再度同じアカウントで連携することもできます。<c><br>本当にアカウント連携を解除しますか？<br><br>よろしければ<br>コントローラーを使用している場合は<pict na_r_bumper><yellow>と<c><pict na_l_bumper><yellow>を押しながら<br>キーボードを使用してい場合は<yellow>キーボードの[Ctrl]キーを押しながら<c><br>「はい」を選んでください。
AccountRelease,0,PreReleaseMessageSteam,現在ログインしているSteamアカウントと<br>他プラットフォームのアカウントの<br>連携解除を行います。<br><br>アカウント連携を解除すると<br>現在ログインしている「Steamアカウント」<br><c ff4f3f><lt>$(0)<gt><c><br>の『ファンタシースターオンライン２』の<br>セーブデータは<c ff4f3f>初回プレイ状態<c>となります。<br><br><yellow>※他プラットフォームのセーブデータはそのまま残ります。<c><br><yellow>※再度同じアカウントで連携することもできます。<c><br>本当にアカウント連携を解除しますか？<br><br>よろしければ、<yellow>キーボードの<br>[Ctrl]キーを押しながら、「はい」を選んでください。<c>
AccountRelease,0,PreReleaseMessageEpic,現在ログインしているEpic Gamesアカウントと<br>他プラットフォームのアカウントの<br>連携解除を行います。<br><br>アカウント連携を解除すると<br>現在ログインしている「Epic Gamesアカウント」<br><c ff4f3f><lt>$(0)<gt><c><br>の『ファンタシースターオンライン２』の<br>セーブデータは<c ff4f3f>初回プレイ状態<c>となります。<br><br><yellow>※他プラットフォームのセーブデータはそのまま残ります。<c><br><yellow>※再度同じアカウントで連携することもできます。<c><br>本当にアカウント連携を解除しますか？<br><br>よろしければ、<yellow>キーボードの<br>[Ctrl]キーを押しながら、「はい」を選んでください。<c>
AccountRelease,0,PreReleaseMessagePS4,現在ログインしている“PlayStation™Network”アカウント<br>と他プラットフォームのアカウントの連携解除を<br>行います。<br><br>アカウント連携を解除すると<br>現在ログインしている<br>「“PlayStation™Network”アカウント」の<br><c ff4f3f>“PlayStation™Network”アカウント：<lt>$(0)<gt><c><br>の『ファンタシースターオンライン２』の<br>セーブデータは<c ff4f3f>初回プレイ状態<c>となります。<br><br><yellow>※他プラットフォームのセーブデータは<br>　そのまま残ります。<c><br><yellow>※再度同じアカウントで連携することもできます。<c><br>本当にアカウント連携を解除しますか？<br><br>よろしければ<br>コントローラーを使用している場合は<br><pict Sign_r1><yellow>と<c><pict Sign_l1><yellow>を押しながら<c><br>キーボードを使用している場合は<br><yellow>キーボードの[Ctrl]キーを押しながら<c><br>「はい」を選んでください。
AccountRelease,0,PreReleaseMessageAmazon,現在、Amazonアカウントと連携しています。<br><br>この連携を解除するには、<br>Amazonアカウント連携解除ページに<br>移動してください。<br><br>以下の二次元コードを読み込むか“ブラウザで開く”<br>を選択することで、連携解除ページに移動できます。<br><yellow>連携解除ページでの入力は10分間有効です。<c>
AccountRelease,0,ReleaseGoingMessageAmazon,----
AccountRelease,0,ReleaseCompleteTitle,アカウント連携解除完了
AccountRelease,0,ReleaseCompleteMessage,アカウント連携を解除しました。<br><br>既存データとの連携が解除されました。<br>次回開始時は初回プレイ状態となります。<br><br>タイトル画面に戻ります。
AccountRelease,0,ReleaseButton_Accept,----
AccountRelease,0,ReleaseButton_Browser,ブラウザで開く
AccountRelease,0,ReleaseButton_Cancel,閉じる
AccountRelease,1,PreReleaseTitle,CONFIRMAR DESVINCULAR CUENTA
AccountRelease,1,PreReleaseTitleAmazon,Desvincular cuenta de Amazon
AccountRelease,1,PreReleaseMessageXboxLive,"Esto desvinculará la cuenta de Microsoft actualmente iniciada<br>de las cuentas en otras plataformas.<br><br>Al hacerlo, los datos de guardado de<br>Phantasy Star Online 2 de esta cuenta de Microsoft,<br><c ff4f3f>Gamertag: <lt>$(0)<gt><c>,<br>volverán a <c ff4f3f>un estado inicializado.<c><br><br><yellow>Los datos de guardado compartidos permanecerán tal cual en otras plataformas.<c><br><yellow>Nota: Puedes volver a vincular la misma cuenta.<c><br>¿Estás seguro de que deseas desvincular esta cuenta?<br><br>Si es así, y estás usando un mando,<br><yellow>por favor elige [Sí] mientras mantienes presionados<c> <pict na_r_bumper> <yellow>y<c> <pict na_l_bumper><yellow>.<c><br>Si estás usando un teclado,<br><yellow>por favor elige [Sí] mientras mantienes presionada la tecla [Ctrl] del teclado.<c>"
AccountRelease,1,PreReleaseMessageSteam,botón [Sí].<c>
AccountRelease,1,PreReleaseMessageEpic,botón [Sí].<c>
AccountRelease,1,PreReleaseMessagePS4,<c>
AccountRelease,1,PreReleaseMessageAmazon,"Tu cuenta de Amazon está vinculada actualmente.<br><br>Por favor, visita la página de desvinculación de cuentas de Amazon<br>para desvincular tu cuenta.<br><br>Puedes ir a la página de desvinculación escaneando<br>el código 2D a continuación, o seleccionando ""Abrir navegador"".<br><yellow>Tienes 10 minutos para ingresar tu<br>información en la página de desvinculación.<c>"
AccountRelease,1,ReleaseGoingMessageAmazon,----
AccountRelease,1,ReleaseCompleteTitle,CUENTA DESVINCULADA
AccountRelease,1,ReleaseCompleteMessage,"La cuenta ha sido desvinculada.<br><br>La conexión con los datos existentes ha sido interrumpida.<br>La próxima vez que inicies sesión, tu cuenta volverá a un estado nuevo.<br><br>Volviendo a la pantalla de título."
AccountRelease,1,ReleaseButton_Accept,----
AccountRelease,1,ReleaseButton_Browser,Abrir navegador
AccountRelease,1,ReleaseButton_Cancel,Cerrar
Charamake,0,CharamakeRankTitle,ランク選択
Charamake,0,CharamakeRankMessage,序章クエストの難易度を選択してください。<br><br><yellow>※序章クエスト以降の難易度には影響しません。<c>
Charamake,0,CharamakeRank1,カジュアル
Charamake,0,CharamakeRank2,ハードコア
Charamake,1,CharamakeRankTitle,RANGO DE SELECCION
Charamake,1,CharamakeRankMessage,no afectará la dificultad del juego <br>más allá del prólogo.<c>
Charamake,1,CharamakeRank1,Casual
Charamake,1,CharamakeRank2,duro
Common,0,SendText,送信
Common,0,BackText,戻る
Common,1,SendText,enviar
Common,1,BackText,Atras
Error,0,Code_Publish_Error_Title,アカウント連携コード発行エラー
Error,0,Code_Publish_Error,アカウント連携コードを発行できませんでした。<br>時間をおいて再度お試しください。
Error,0,Linkage_Error_Title,アカウント連携エラー
Error,0,Linkage_Error,アカウント連携ができませんでした。<br>時間をおいて再度お試しください。
Error,0,Code_Invalid_Error,アカウント連携コードが正しくありません。<br>確認し、もう一度入力してください。
Error,0,Input_Limit_Error,アカウント連携コードの入力を連続で10回以上<br>間違えたため、24時間、利用を制限しています。
Error,0,Code_Deadline_Error,アカウント連携コードの有効期限が終了しています。<br>再度アカウント連携コードを発行しお試しください。
Error,0,Release_Error_Title,アカウント連携解除エラー
Error,0,Release_Error,アカウント連携が解除できませんでした。<br>時間をおいて再度お試しください。
Error,0,Release_PFError_Title,アカウント連携解除エラー
Error,0,Release_PFError,最初にPSO2を開始した<br>プラットフォームのアカウントとの連携は<br>解除できません。
Error,1,Code_Publish_Error_Title,ERROR DE EMISIÓN DE CÓDIGO
Error,1,Code_Publish_Error,Un error impidió que se emitiera tu Código de enlace de cuenta.<br>Por favor
Error,1,Linkage_Error_Title,ERROR DE ENLACE DE CUENTA
Error,1,Linkage_Error,No se pudieron vincular las cuentas. Espere un momento e inténtelo de nuevo.
Error,1,Code_Invalid_Error,El Código de enlace de cuenta que ingresaste es incorrecto.<br>Por favor
Error,1,Input_Limit_Error,"Ingresaste un Código de enlace de cuenta incorrecto 10 o más<br>veces seguidas. Como resultado, se te ha restringido el<br>uso de PSO2 durante 24 horas."
Error,1,Code_Deadline_Error,Este Código de enlace de cuenta ha caducado.<br>Por favor
Error,1,Release_Error_Title,ERROR DE DESVINCULACIÓN DE CUENTA
Error,1,Release_Error,No se pudieron desvincular las cuentas. Espere un momento e inténtelo de nuevo.
Error,1,Release_PFError_Title,ERROR DE DESVINCULACIÓN DE CUENTA
Error,1,Release_PFError,No puedes desvincular la cuenta en la<br>plataforma donde empezaste a jugar PSO2 por primera vez.
Personal,0,PrivacyCheckTitle,プライバシーポリシー
Personal,0,PrivacyCheckMessage,"SEGA<br>Privacy Policy<br><br>Introduction<br><br>SEGA(“ SEGA ”, “we”, “us” or “our”) is committed<br>to protecting the privacy and security of your personal information.<br>SEGA collects different types of information from you<br>when you use our online and downloadable products<br>and services (""Products""). <br><br>This Privacy Policy explains how we collect,<br>use and protect your personal information <br>when you use our Products.<br><br>By using our Products you acknowledge that <br>you have read and understood<br>the terms of this Privacy Policy,<br>including how we use your personal information. <br><br>SEGA is the data controller of your personal information<br>for purposes of the EU General Data<br>Protection Regulation (“GDPR”; EU2016/679).<br>See 'Your questions and how to contact us' section of<br>this Privacy Policy for more details. <br>	<br>We reserve the right to update this Privacy Policy<br>from time to time by changing it as<br>it applies to your use of any of the Products.<br>The date of the current SEGA Privacy Policy is<br>the Effective Date set out above.<br>We want you to enjoy using our Products and urge you to<br>follow common sense whenever disclosing<br>personal information – in our Products or elsewhere.<br><br>_________________________________________________________<br><br>Summary<br><br>Our Privacy Policy will help explain what information we collect,<br>how we use it and what options you have in relation to it.<br>The key points of our Privacy Policy are provided below,<br>however you can also learn more by continuing to scroll down:<br><br>1.	Information we collect and receive<br>We collect personal information about you and the devices<br>you use to access and interact <br>with us and our Products. We collect:<br><br>(a) Registration information: you give us when you sign up to<br>  access SEGA Products<br>(b) Billing information: provided by you and/or third party stores<br>(c) Technical and device information: information from your console<br>  or computer device when you use our Products<br>(d) Feedback: your questions, suggestions or views on the Products<br>(e) Third party information: Information about your use of<br>  our Products that is shared with third party platforms <br>  and services connected with our Products<br><br><br>2.	Our use of collected information<br>Collected information may be used in the following ways:<br><br>(a)	 Registration information:<br>(i)	to create your profile and so you can access our Products;<br>(ii)	to provide Products you request;<br>(iii)	to identify you when you sign-in;<br>(iv)	to give you access to your user preferences;<br>(v)	to contact you for your views on our Products; <br>(vi)	to allow participation in special events or contests<br>  (if specifically approved by you);<br>(vii)	to notify you of changes or updates to our Products; and<br>(viii)	for marketing purposes, based on your <br>  communication preferences.<br><br>(b)	Billing information: <br>(i)	to verify your purchase of our Products and process <br>any refunds,if it is requested <br>by the game platform providers;<br>(ii)	to reply to any queries and questions and to resolve problems;<br>(iii)	to carry out analysis and research to develop our Products; and<br>(iv)	to protect you and the Products by seeking to detect<br>  and prevent fraud or other acts in breach of our<br>  user agreements, terms of service or policies <br>  relevant to the Products.<br><br>(c)	Technical and device information:<br>(i)	to provide you with an optimal experience;<br>(i)	to understand how you interact with our Products <br>(iii)	to provide Products you request;  <br>(iv)	to measure and analyze the use and effectiveness of<br>  our Products;<br>(v)	to understand which of your devices are using our Products;<br>(vi)	to provide safe and fair gaming environments;<br>(vii)	to measure and analyze the use and effectiveness<br>  of our Products;<br>(viii)	to serve advertisements within the Products;<br>(ix)	to customize and optimize the targeting of advertising<br>  both on our Products and across third party websites,<br>  apps and products;<br>(x)	to operate and improve our Products; and<br>(xi)	to fix errors.<br><br>(d)	Feedback:<br>(i)	to reply to your questions or queries; <br>(ii)	to record comments and information which you provide<br>  on our gaming forums; and<br>(iii)	to conduct analysis and research to improve and<br>  develop the Products.<br><br>(e)	Third party information:<br>(i)	to enable us to provide tailored offers to you; <br>(ii)	to facilitate sharing on social networks; and<br>(iii)	to facilitate your gameplay.<br><br>3.	When we share information<br>We may share the information we collect about you<br>(subject to the necessary security,<br> contractual and transfer safeguards).<br>These are some of the partners we may share<br>your personal information with:<br>(a)	SEGA companies within the wider SEGA group. <br>(b)	Third party service providers who need access to such <br>  information to carry out work on our behalf<br>  (e.g. website hosting services, information storage).<br>(c)	Platform operators and other partners who carry out various <br>  activities and services to support our Products. <br>(d)	Advertising partners for the service of advertisements<br>  within our Products.<br>(e)	Marketing partners for marketing or promotions,<br>  based on your communication preferences.<br>(f)	New owners or re-organized entities and <br>  their advisors in the event of a business restructure, sale,<br>  purchase or joint venture affecting our business. <br>(g)	Where we are under a duty,<br>  are authorized by law or for law enforcement purposes.<br><br>Personal information that we collect from you is usually transferred,<br>stored and processed in the US. Personal information<br>may be transferred to other countries where<br>SEGA or its service providers maintain operations.<br>These countries may not have equivalent data protection<br>laws to the country from where you access the Products.<br><br><br>4.	Security and data retention<br>Your privacy is important to us and we take reasonable <br>technical and organizational measures to protect your information<br>from unauthorized access and against unlawful processing,<br>accidental loss, destruction and damage. <br>Your personal information will be kept by SEGA for <br>the duration of your relationship with us and for as long as<br>you use our Products and may be retained for a period after<br>this time if it is necessary and relevant to <br>our legitimate operations,<br>our terms with you and in accordance with applicable laws. <br>5.	Your choices and rights<br>You have options and choices over how <br>we use your personal information.<br>You may be required to register or sign in to use or access<br>some of our Products, and may need to <br>provide personal information<br>to create a user profile which is associated<br>with your use of our Products.<br>Where you are required to sign in to use or access our Products,<br>you can also manage and amend the personal information <br>that you provide to us. In addition you can also<br>contact us using the details below.<br>Sega of America, Inc.<br><br>6400 Oak Canyon, Suite 100, Irvine, CA 92618, U.S.A<br>Sales and distribution of consumer<br>https://support.pso2.com<br><br>If you sign up to our marketing communications, <br>you will be asked to confirm your <br>communication preferences and<br>given the opportunity to unsubscribe at any time. <br>You can contact us directly with requests to <br>correct, erase, restrict,<br>object to, or move your personal information. <br>If you do not want us to process and/or <br>access your personal information,<br>you may be unable to use some of our Products. <br>Children’s information<br>Protecting the privacy of young children is especially<br>important to SEGA.<br>For that reason, SEGA does not knowingly collect or maintain<br>personal information or non-personally identifiable information<br>from users under 13 years of age or <br>other applicable age of consent,<br>other than as permitted by law in support of our internal<br>operations and/or for our legitimate interests.<br>6.	Your questions and how to contact us<br>If you have any questions or comments about <br>this Privacy Policy you can contact us. <br>Sega of America, Inc.<br><br>6400 Oak Canyon, Suite 100, Irvine, CA 92618, U.S.A<br>Sales and distribution of consumer<br>https://support.pso2.com<br>_________________________________________________________<br>More information <br>1.	Information we collect <br>We collect personal information about you and <br>the devices you use to access our Products <br>and interact with us. We collect: <br><br>(a)	Registration information<br><br>When you register or sign up to use our Products<br>we collect information about you including your name,<br>contact details, age, gender, personal preferences and additional<br>information that you chose to provide.<br>We may also collect your contact information so that you can<br>sign-up to receive SEGA's marketing communications.<br>As part of any required sign in to use our Products,<br>we will verify the information that you use to log in.<br>  If you sign-up via third party services <br>  you should visit the third party website and review <br>  their privacy policy and your registration profile or<br>  account to understand how your data is processed by them and<br>  to find out what your options are.<br>We do not control (nor act as the controller of) the information<br>that is sent from your device to third parties,<br>including game platforms and analytics companies which receive<br>information in the normal course of your online activities.<br><br>(b)	Billing information<br><br>We may collect payment information such as credit or <br>debit card details (including expiration dates) and other billing<br>information such as your name and address in order to verify <br>your purchases, process any refund payments,<br>contact you to resolve any product issues,<br>and/or deliver Products to you. We may collect this information <br>from you and/or third party stores that<br>have been authorized to sell our Products.<br>(c)	Technical and device information<br><br>We collect information from your device and activity <br>about the way you use our Products.<br>We may also collect information about you from the <br>notifications or messages you post or send online as well as <br>what you search for, look at and engage with.<br>Information obtained from social features used on our Products,<br>such as forums and chat functionality, may be stored,<br>copied or used by SEGA, the public, or third-party companies. <br>By accessing our Products, we may collect <br>technical information from your console or computer device,<br>for example your location information where you<br>choose to share this with us, which devices are<br>connected to the Internet, hardware settings,<br>components of your devices, installed software,<br>updates and plugins to facilitate the use of our Products.<br>We may automatically collect information such as <br>your operating system,<br>Internet Protocol address, your browser type,<br>browser language preferences and when, <br>how often and how long you interact with our Products, <br>websites and services.<br>We also use software to enable us to provide <br>safe and fair gaming environments for all users <br>of our Products and when you log in to one of our Products, <br>or make purchases.<br>We, and or our third party suppliers<br>may use cookies and similar technologies,<br>or collect data about your device(s) to create a device<br>fingerprint of the components of your specific device(s) and/or <br>build an individual profile of you.<br>		<br>(d)	Feedback<br><br>We will collect personal information from <br>the messages and reviews <br>you post on our social forums, <br>and when you contact us, for example with a question,<br>problem or comment. If you contact our <br>customer services team by email or post, <br>we will keep copies of your correspondence <br>with us for as long as necessary to deal with your query. <br><br>(e)	Third party information<br><br>We collect information obtained from your use of our Products <br>from third parties to provide you with an optimal experience,<br>to facilitate use of the Products as advertised, <br>to enable you to play our Products on various platforms and<br>to optimize our Products. <br>2.	How we use the information we collect<br>We use the personal information we collect<br>for the following purposes: <br>(a)	Registration information <br><br>Your registration information enables us to provide <br>you with access to the Products and to supply <br>the Products under the agreements <br>we have with you and the relevant terms of service. <br>It helps us to authenticate your access, <br>to contact you for your views and to notify you of important <br>changes or updates to our Products.  <br><br>Where we have your consent and in accordance with your stated<br>communication preferences,<br>we may also contact you for marketing purposes to<br>let you know by post, email, telephone, <br>console or in-app messaging about our <br>other products and services. <br>If you no longer want us to use your data <br>in this way or generally<br>change your mind about receiving marketing communications,<br>you can unsubscribe at any time, either by using the unsubscribe <br>option in the communication you receive or <br>by changing your communication settings.<br>Please note that we will retain a record of the user information<br>when you unsubscribe from our marketing information <br>for the legitimate purpose of ensuring that<br>we do not contact you <br>further in this way, during the period of your objection.<br>(b)	Billing information<br><br>This information will enable us to verify your purchases <br>with third party stores and to contact you in order to assist <br>with resolving any problems with your purchases and to process <br>any refund payments that you may be due. <br><br>We will also use and analyze <br>information on transactions on your account for our legitimate <br>interests by data matching or statistical analysis so that <br>we can administer, support, <br>improve and develop our business and to help us <br>detect and prevent fraud, or other illegal activities, <br>or acts prohibited by our terms of service or any policies <br>applicable to the Products. <br>(c)	Technical and device information <br><br>We analyze information about how you engage with <br>our Products to understand how our <br>Products are used and to provide <br>you with an optimal gaming experience, such as by rolling out <br>performance-optimizing software updates for our Products. <br>We use anonymous data in order to analyze and<br> produce statistics relating to the habits, <br> usage patterns and demographics of <br> users as a group or as individuals. <br>This allows us to deliver you personalized content, <br>helps us understand the features of our Products that appeal to<br>you and allows us to manage advertising, amongst other things. <br><br>When you interact or visit our websites, <br>we may automatically collect information about you <br>such as the type of internet browser or console device you use, <br>any website from which you have come <br>to any of the SEGA Products and<br>your IP address (the quasi-unique address which identifies <br>your device on the internet) and your operating system, <br>which are automatically recognized by our web server.<br>We use log files to monitor traffic on our Products, <br>resolve technical problems and to detect and prevent fraud.<br>We use these technologies to provide us with information,<br>such as when an email is opened, or to develop <br>statistics on the effectiveness of advertising or marketing <br>on our websites and for and in our Products. In some cases, <br>including working with third party partners, <br>we use this information to send you ads <br>for our Products based on your interests.<br>We also use technical and device information to operate and <br>improve our videogames, enable online matchmaking, <br>facilitate sharing, measure our effectiveness, <br>set up and maintain accounts, identify and fix errors and <br>to help keep online content fair and safe and <br>to resolve related disputes. <br>We also use this information to deliver you personalized content, <br>help us understand the features of our Products that appeal to <br>you and allows us to manage advertising. <br>(d)	Feedback<br><br>We use your feedback to reply to your questions or queries, <br>to provide customer support and resolve problems relating to <br>any of our Products under the agreements that <br>we have with you. <br>We will also publish reviews that you submit <br>to us for this purpose <br>about the Products and will conduct analysis of feedback <br>for the purpose of improving and developing the Products. <br><br>(e)	Third party information<br><br>We use information obtained from third parties to provide you <br>with an optimal experience, <br>to facilitate use of the Products as advertised and to <br>enable you to play our Products on various platforms. <br>3.	<br>When we share information<br>In delivering the Products to you, <br>we may share your personal information with:<br>•	Companies within the SEGA group <br>	(which means SEGA companies which are our parent and <br>	affiliated companies, our ultimate holding company and <br>	its subsidiaries and affiliates) who act for us for the purposes <br>	set out in this policy. <br>•	Third parties in order to undertake various activities or services <br>	on our behalf in supporting the Products. <br>	This includes payment processing providers facilitating credit and<br>	payment card transactions, website and application support 	and<br>	hosting providers for online videogame services and <br>	software downloads and providers for the delivery of promotional,<br>	digital advertising or other communications.<br>•	If our business enters into a joint venture, <br>	purchases or is sold to or merged with another business entity, <br>	your information may be disclosed or transferred to <br>	the target company, or new business partners or <br>	owners or their advisors. <br>•	We may use the information that you provide <br>	if we are under a duty to disclose or share your information <br>	in order to comply with <br>	(and/or where we believe we are under a duty to comply with) <br>	any legal obligation; or to enforce the relevant terms of service<br>	and any other agreement; or to protect our rights or the rights of<br>	third parties. This includes exchanging information <br>	with other companies and organizations such as credit agencies, <br>	law enforcement or government bodies or the courts in connection<br>	with a criminal investigation, suspected illegal activity, <br>	fraud prevention and detection or in legal proceedings.<br>We do not control information which is sent from your browser <br>to third parties, and may not control certain information <br>which is sent from our Products to third parties, <br>including game platforms and analytics companies <br>that receive information in the normal <br>course of your online activities.<br><br>Personal information may be transferred to other <br>countries where SEGA <br>or our service providers maintain operations. <br>These countries may not have equivalent data protection <br>laws to the country from where you access the Products or, <br>in the case of transfers subject to European law, <br>may not be subject to an adequacy decision <br>by the European Commission (EC). <br>An adequacy decision is a decision taken by the EC establishing <br>that a third country provides a comparable level of <br>protection of personal data to that in the EU, through <br>its domestic law or its international commitments.<br><br>Where SEGA transfers personal information <br>we will seek to take account of any applicable legal <br>obligations relevant to personal information transfers. <br>In the case of transfers of personal information subject to <br>the law of the European Union to a country <br>which is not part of the European Economic Area, <br>we will, in the absence of an EC adequacy decision relevant <br>to the destination country, seek to rely on appropriate safeguards <br>such as a valid Privacy Shield certification <br>(in the case of a data transfer to a Privacy Shield certified US <br>recipient - Please visit https://www.privacyshield.gov/welcome for <br>more information) or enter into appropriate EC approved standard <br>contractual clauses relevant to <br>personal data transfers between data <br>controllers or between a data controller and a data processor, <br>(please visit https://ec.europa.eu/justice/data-protection/<br>international-transfers/transfer/index_en.htm for more information).<br><br>4.	Security and data retention <br>We place great importance on the steps we take, <br>including physical, <br>technical and organizational measures, to protect your information <br>from unauthorized access and against unlawful processing, <br>accidental loss, destruction and damage.<br>Where you have chosen a password which allows you to access <br>any of the Products, you are responsible <br>for keeping this password confidential. <br>We advise you not to share your password with anyone. <br>We will not be liable for any unauthorized transactions <br>entered into using your username, <br>personal information and/or password. <br>Your personal information will be retained by us <br>for the duration of your use or access to our Products and <br>may be retained for a period after this time as <br>necessary and relevant to our legitimate operations, <br>our terms with you and in accordance <br>with applicable laws and obligations. <br>This may include retention necessary to meet our tax reporting <br>requirements as well as time required to <br>enforce any obligations <br>in our agreements, the relevant terms of service, <br>any game “sun-setting” requirements or to identify, <br>issue or resolve legal proceedings.  <br>We may retain a record of your stated objection <br>to the processing of your data, <br>including in respect of an objection <br>to receiving marketing communications, <br>for the sole purpose of ensuring that we can continue to respect <br>your wishes to not contact you further, <br>during the term of your objection.<br>We will take appropriate steps to seek to destroy or permanently <br>de-identify personal information at the point <br>this information is no longer needed by us for our business <br>or legal purposes. <br>For more information about exercising your rights with respect <br>to our data processing activities, or if you no longer <br>wish to use our Products, see details below <br>about your choices and rights. <br>5.	Your choices and rights<br>You have options and choices over how we use your information. <br>We provide you with tools to access and <br>update specific information <br>relating to your use of the Products at any time. <br>If you need to sign in to access certain Products, <br>you can update and amend your key contact information directly. <br>We respect the rights you may have under applicable law to <br>request access to your personal information and <br>where applicable, <br>to request to receive that information in a commonly <br>used electronic format (or ask for this information <br>to be provided in that format to a third party where feasible). <br>You may also have the right under applicable law to request <br>the correction or erasure of your personal information, <br>to seek to object to the further processing under certain <br>circumstances of your information or to <br>request that the processing of specific information <br>about you is restricted while <br>we verify or investigate your concerns about this information. <br>We do not verify the correctness of your personal information. <br>If you remain unhappy with a response you receive, <br>you can also refer the matter to your data protection supervisory <br>authority if your personal information is subject to <br>the law of the European Union <br>(please visit https://ec.europa.eu/justice/data-protection/<br>bodies/authorities/index_en.htm for more information).<br><br>6.	Children’s information<br>If SEGA learns that personal information of users <br>under the age of 13 or other applicable age of <br>consent has been collected, <br>other than for support of the internal operations and/or for <br>our legitimate interests, SEGA will take reasonable steps to <br>remove such information. We may collect <br>non-personally identifiable <br>information from children, such as country settings and <br>language settings to ensure compliance <br>with the applicable law for <br>the specified country. If you believe that <br>we may have unintentionally collected personal information <br>about your child, you may contact us using <br>the details provided below.<br>7.	Your questions and how to contact us<br>If you have any questions or comments about <br>this policy or our practices you can contact us:<br>Sega of America, Inc.<br><br>6400 Oak Canyon, Suite 100, Irvine, CA 92618, U.S.A<br>Sales and distribution of consumer<br>https://support.pso2.com"
Personal,0,PrivacyCheckMessage1,"SEGA Privacy Policy<br><br>Introduction<br><br>SEGA(“ SEGA ”, “we”, “us” or “our”) is committed<br>to protecting the privacy and security of your personal information.<br><br>SEGA collects different types of information from you<br>when you use our online and downloadable products<br>and services (""Products""). <br><br>This Privacy Policy explains how we collect,<br>use and protect your personal information <br>when you use our Products.<br><br>By using our Products you acknowledge that <br>you have read and understood<br>the terms of this Privacy Policy,<br>including how we use your personal information. <br><br>Sega of America, Inc., located at the address set <br>forth in Section 7<br>“Contact Us” and Sega Corporation are the data<br>controller for the information <br>collected via our Products.<br> <br>The ESRB certification seal shown in this privacy policy<br>confirms that Sega of America, Inc. is a valid licensee,<br>and participating member, of the Entertainment Software<br>Rating Board’s Privacy Certified Program<br>(“ESRB Privacy Certified”). To help protect your privacy,<br>we have voluntarily undertaken this privacy initiative<br>and have had all of the Products<br>where this privacy policy is displayed,<br>reviewed and certified by ESRB Privacy Certified to <br>meet established online data collection,<br>use and disclosure practices.<br>As a licensee of this privacy program, we are subject to audits of<br>our Products and other enforcement and <br>accountability mechanisms administered independently <br>by ESRB Privacy Certified.<br>The privacy policy may be revised periodically,<br>and any such revisions will be reflected by<br>the “Effective Date” above. Please revisit this page to<br>stay aware of any changes. If we make material<br>changes to this privacy policy,<br>we will provide you with additional notice of such changes by<br>providing in-Product alerts or via email to you.<br><br><br>_________________________________________________________<br><br>Summary<br><br>Our Privacy Policy will help explain what information we collect,<br>how we use it and what options you have in relation to it.<br>The key points of our Privacy Policy are provided below,<br>however you can also learn more by continuing to scroll down:<br><br><br>1.	Information we collect and receive<br>We collect personal information about you and the devices<br>you use to access and interact <br>with us and our Products. We collect:<br><br>(a) Registration information: you give us when you sign up to<br>  access SEGA Products<br>(b) Billing information: provided by you and/or third party stores<br>(c) Technical and device information: information from your console<br>  or computer device when you use our Products<br>(d) Feedback: your questions, <br>   suggestions or views on the Products<br>(e) Third party information: Information about your use of<br>  our Products that is shared with third party platforms <br>  and services connected with our Products<br><br>2.	Our use of collected information<br>Collected information may be used in the following ways:<br><br>(a)	 Registration information:<br>(i)	to create your profile and so you can access our Products;<br>(ii)	to provide Products you request;<br>(iii)	to identify you when you sign-in;<br>(iv)	to give you access to your user preferences;<br>(v)	to contact you for your views on our Products; <br>(vi)	to allow participation in special events or contests<br>  (if specifically approved by you);<br>(vii)	to notify you of changes or updates to our Products; and<br>(viii)	for marketing purposes, based on your <br>  communication preferences.<br><br>(b)	Billing information: <br>(i)	to verify your purchase of our Products and process <br>  any refunds,if it is requested <br>  by the game platform providers;<br>(ii)	to reply to any queries and questions and to<br>  resolve problems;<br>(iii)	to carry out analysis and research to develop<br>  our Products; and<br>(iv)	to protect you and the Products by seeking to detect<br>  and prevent fraud or other acts in breach of our<br>  user agreements, terms of service or policies <br>  relevant to the Products.<br><br>(c)	Technical and device information:<br>(i)	to provide you with an optimal experience;<br>(ii)	to understand how you interact with our Products <br>(iii)	to provide Products you request;  <br>(iv)	to measure and analyze the use and effectiveness of<br>  our Products;<br>(v)	to understand which of your devices are using our Products;<br>(vi)	to provide safe and fair gaming environments;<br>(vii)	to measure and analyze the use and effectiveness<br>  of our Products;<br>(viii)	to serve advertisements within the Products;<br>(ix)	to customize and optimize the targeting of advertising<br>  both on our Products and across third party websites,<br>  apps and products;<br>(x)	to operate and improve our Products; and<br>(xi)	to fix errors.<br><br>(d)	Feedback:<br>(i)	to reply to your questions or queries; <br>(ii)	to record comments and information which you provide<br>  on our gaming forums; and<br>(iii)	to conduct analysis and research to improve and<br>  develop the Products.<br><br>(e)	Third party information:<br>(i)	to enable us to provide tailored offers to you; <br>(ii)	to facilitate sharing on social networks; and<br>(iii)	to facilitate your gameplay.<br><br>3.	When we share information<br>We may share the information we collect about you<br>(subject to the necessary security,<br> contractual and transfer safeguards).<br>These are some of the partners we may share<br>your personal information with:<br><br>(a)	SEGA companies within the wider SEGA group. <br>(b)	Third party service providers who need access to such <br>  information to carry out work on our behalf<br>  (e.g. website hosting services, information storage).<br>(c)	Platform operators and other partners who carry out various <br>  activities and services to support our Products. <br>(d)	Advertising partners for the service of advertisements<br>  within our Products.<br>(e)	Marketing partners for marketing or promotions,<br>  based on your communication preferences.<br>(f)	New owners or re-organized entities and <br>  their advisors in the event of a business restructure, sale,<br>  purchase or joint venture affecting our business. <br>(g)	Where we are under a duty,<br>  are authorized by law or for law enforcement purposes.<br><br>Personal information that we collect from you is <br>usually transferred,<br>stored and processed in the US. Personal information<br>may be transferred to other countries where<br>SEGA or its service providers maintain operations.<br>These countries may not have equivalent data protection<br>laws to the country from where you access the Products.<br><br>4.	Security and data retention<br>Your privacy is important to us and we take reasonable <br>technical and organizational measures to protect your information<br>from unauthorized access and against unlawful processing,<br>accidental loss, destruction and damage. <br>Your personal information will be kept by SEGA for <br>the duration of your relationship with us and for as long as<br>you use our Products and may be retained for a period after<br>this time if it is necessary and relevant to <br>our legitimate operations,<br>our terms with you and in accordance with applicable laws. <br><br>5.	Your choices and rights<br>You have options and choices over how <br>we use your personal information.<br>You may be required to register or sign in to use or access<br>some of our Products, and may need to <br>provide personal information<br>to create a user profile which is associated<br>with your use of our Products.<br>Where you are required to sign in to use or access our Products,<br>you can also manage and amend the personal information <br>that you provide to us. <br><br>You have control over if we, and/or our partners,<br>use personal information to provide targeted advertisements and<br>you may withdraw consent related to the use of personal<br>information to serve you targeted advertisements.<br>If you sign up to our marketing communications,<br>you will be asked to confirm your communication preferences and<br>given the opportunity to unsubscribe at any time.<br>You can contact us directly with requests to correct, erase,<br>restrict, object to, or move your personal information.<br>If you do not want us to process and/or access<br>your personal information,<br>you may be unable to use some of our Products<br><br>6. Children’s information<br> <br>Protecting the privacy of young children is especially<br>important to Sega of America, Inc. For that reason,<br>we do not knowingly collect or maintain personal information or<br>non-personally identifiable information <br>from users under 13 years of age in the United States,<br>and under the applicable age of consent in the European Union,<br>other than as permitted by law in support of our<br>internal operations (in the U.S.) and<br>legitimate interests (outside the U.S.).<br> <br>7. Your questions and how to contact us<br> <br>If you have any questions or comments about this privacy policy<br>you can contact us.<br><br>_________________________________________________________<br>More information <br>1.	Information we collect <br>We collect personal information about you and <br>the devices you use to access our Products <br>and interact with us. We collect: <br><br>(a)	Registration information<br><br>When you register or sign up to use our Products<br>we collect information about you including your name,<br>contact details, age, gender, personal preferences and additional<br>information that you chose to provide.<br><br>We may also collect your contact information so that you can<br>sign-up to receive SEGA's marketing communications.<br><br>As part of any required sign in to use our Products,<br>we will verify the information that you use to log in.<br><br>If you sign-up via third party services <br>you should visit the third party website and review <br>their privacy policy and your registration profile or<br>account to understand how your data is processed by them and<br>to find out what your options are.<br>We do not control (nor act as the controller of) the information<br>that is sent from your device to third parties,<br>including game platforms and analytics companies which receive<br>information in the normal course of your online activities.<br><br>(b)	Billing information<br><br>We may collect payment information such as credit or <br>debit card details (including expiration dates) and other billing<br>information such as your name and address in order to verify <br>your purchases, process any refund payments,<br>contact you to resolve any product issues,<br>and/or deliver Products to you. We may collect this information <br>from you and/or third party stores that<br>have been authorized to sell our Products.<br><br>(c)	Technical and device information<br><br>We collect information from your device and activity <br>about the way you use our Products.<br>We may also collect information about you from the <br>notifications or messages you post or send online as well as <br>what you search for, look at and engage with.<br>Information obtained from social features used on our Products,<br>such as forums and chat functionality, may be stored,<br>copied or used by SEGA, the public, or third-party companies. <br>By accessing our Products, we may collect <br>technical information from your console or computer device,<br>for example your location information where you<br>choose to share this with us, which devices are<br>connected to the Internet, hardware settings,<br>components of your devices, installed software,<br>updates and plugins to facilitate the use of our Products.<br>We may automatically collect information such as <br>your operating system,<br>Internet Protocol address, your browser type,<br>browser language preferences and when, <br>how often and how long you interact with our Products, <br>websites and services.<br>We also use software to enable us to provide <br>safe and fair gaming environments for all users <br>of our Products and when you log in to one of our Products, <br>or make purchases.<br>We, and or our third party suppliers<br>may use cookies and similar technologies,<br>or collect data about your device(s) to create a device<br>fingerprint of the components of your specific device(s) and/or <br>build an individual profile of you.<br>		<br>(d)	Feedback<br><br>We will collect personal information from <br>the messages and reviews <br>you post on our social forums, <br>and when you contact us, for example with a question,<br>problem or comment. If you contact our <br>customer services team by email or post, <br>we will keep copies of your correspondence <br>with us for as long as necessary to deal with your query. <br><br>(e)	Third party information<br><br>We collect information obtained from your use of our Products <br>from third parties to provide you with an optimal experience,<br>to facilitate use of the Products as advertised, <br>to enable you to play our Products on various platforms and<br>to optimize our Products. <br><br>2.	How we use the information we collect<br>We use the personal information we collect<br>for the following purposes: <br><br>(a)	Registration information <br><br>Your registration information enables us to provide <br>you with access to the Products and to supply <br>the Products under the agreements <br>we have with you and the relevant terms of service. <br>It helps us to authenticate your access, <br>to contact you for your views and to notify you of important <br>changes or updates to our Products.  <br><br>Where we have your consent and in accordance with your stated<br>communication preferences,<br>we may also contact you for marketing purposes to<br>let you know by post, email, telephone, <br>console or in-app messaging about our <br>other products and services. <br>If you no longer want us to use your data <br>in this way or generally<br>change your mind about receiving marketing communications,<br>you can unsubscribe at any time, either by using the unsubscribe <br>option in the communication you receive or <br>by contacting us.<br><br>Please note that we will retain a record of the user information<br>when you unsubscribe from our marketing information <br>for the legitimate purpose of ensuring that<br>we do not contact you <br>further in this way, during the period of your objection.<br><br>(b)	Billing information<br><br>This information will enable us to verify your purchases <br>with third party stores and to contact you in order to assist <br>with resolving any problems with your purchases and to process <br>any refund payments that you may be due. <br><br>We will also use and analyze <br>information on transactions on your account for our legitimate <br>interests by data matching or statistical analysis so that <br>we can administer, support, <br>improve and develop our business and to help us <br>detect and prevent fraud, or other illegal activities, <br>or acts prohibited by our terms of service or any policies <br>applicable to the Products. <br><br>(c)	Technical and device information <br><br>We analyze information about how you engage with <br>our Products to understand how our <br>Products are used and to provide <br>you with an optimal gaming experience, such as by rolling out <br>performance-optimizing software updates for our Products. <br>We use anonymous data in order to analyze and<br>produce statistics relating to the habits, <br>usage patterns and demographics of <br>users as a group or as individuals. <br>This allows us to deliver you personalized content, <br>helps us understand the features of our Products that appeal to<br>you and allows us to manage advertising, amongst other things. <br>When you interact or visit our websites, <br>we may automatically collect information about you <br>such as the type of internet browser or console device you use, <br>any website from which you have come <br>to any of the SEGA Products and<br>your IP address (the quasi-unique address which identifies <br>your device on the internet) and your operating system, <br>which are automatically recognized by our web server.<br>We use log files to monitor traffic on our Products, <br>resolve technical problems and to detect and prevent fraud.<br>We use these technologies to provide us with information,<br>such as when an email is opened, or to develop <br>statistics on the effectiveness of advertising or marketing <br>on our websites and for and in our Products. In some cases, <br>including working with third party partners, <br>we use this information to send you ads <br>for our Products based on your interests.<br>We also use technical and device information to operate and <br>improve our videogames, enable online matchmaking, <br>facilitate sharing, measure our effectiveness, <br>set up and maintain accounts, identify and fix errors and <br>to help keep online content fair and safe and <br>to resolve related disputes. <br><br>We also use this information to deliver you personalized content, <br>help us understand the features of our Products that appeal to <br>you and allows us to manage advertising. <br><br>(d)	Feedback<br><br>We use your feedback to reply to your questions or queries, <br>to provide customer support and resolve problems relating to <br>any of our Products under the agreements that <br>we have with you. <br>We will also publish reviews that you submit <br>to us for this purpose <br>about the Products and will conduct analysis of feedback <br>for the purpose of improving and developing the Products. <br><br>(e)	Third party information<br><br>We use information obtained from third parties to provide you <br>with an optimal experience, <br>to facilitate use of the Products as advertised and to <br>enable you to play our Products on various platforms. <br><br>3.	When we share information<br>In delivering the Products to you, <br>we may share your personal information with:<br><br>•	Companies within the SEGA group <br>	(which means SEGA companies which are our parent and <br>	affiliated companies, our ultimate holding company and <br>	its subsidiaries and affiliates) who act for us for the purposes <br>	set out in this policy. <br>•	Third parties in order to undertake various activities or services <br>	on our behalf in supporting the Products. <br>	This includes payment processing providers facilitating credit and<br>	payment card transactions, website and application support 	and<br>	hosting providers for online videogame services and <br>	software downloads and providers for the delivery of promotional,<br>	digital advertising or other communications.<br>•	If our business enters into a joint venture, <br>	purchases or is sold to or merged with another business entity, <br>	your information may be disclosed or transferred to <br>	the target company, or new business partners or <br>	owners or their advisors. <br>•	We may use the information that you provide <br>	if we are under a duty to disclose or share your information <br>	in order to comply with <br>	(and/or where we believe we are under a duty to comply with) <br>	any legal obligation; or to enforce the relevant terms of service<br>	and any other agreement; or to protect our rights or the rights of<br>	third parties.<br>	This includes exchanging information with other companies and<br>	organizations such as credit agencies, <br>	law enforcement or government bodies or the courts in connection<br>	with a criminal investigation, suspected illegal activity, <br>	fraud prevention and detection or in legal proceedings.<br><br>By using the Products, you consent to the sharing,<br>transfer and/or sale of your personal information as provided in<br>this Privacy Policy and the Terms of Use.   <br>We do not control information which is sent from your browser <br>to third parties, and may not control certain information <br>which is sent from our Products to third parties, <br>including game platforms and analytics companies <br>that receive information in the normal <br>course of your online activities.<br><br>Personal information may be transferred to other <br>countries where SEGA <br>or our service providers maintain operations. <br>These countries may not have equivalent data protection <br>laws to the country from where you access the Products or, <br>in the case of transfers subject to European law, <br>may not be subject to an adequacy decision <br>by the European Commission (EC). <br>An adequacy decision is a decision taken by the EC establishing <br>that a third country provides a comparable level of <br>protection of personal data to that in the EU, through <br>its domestic law or its international commitments.<br>Where SEGA transfers personal information <br>we will seek to take account of any applicable legal <br>obligations relevant to personal information transfers. <br><br>In the case of transfers of personal information subject to <br>the law of the European Union to a country <br>which is not part of the European Economic Area, <br>we will, in the absence of an EC adequacy decision relevant <br>to the destination country, seek to rely on appropriate safeguards <br>such as a valid Privacy Shield certification <br>(in the case of a data transfer to a Privacy Shield certified US <br>recipient - Please visit https://www.privacyshield.gov/welcome for <br>more information) or enter into appropriate EC approved standard <br>contractual clauses relevant to <br>personal data transfers between data <br>controllers or between a data controller and a data processor, <br>(please visit https://ec.europa.eu/justice/data-protection/<br>international-transfers/transfer/index_en.htm for more information)."
Personal,0,PrivacyCheckMessage2,"<br>4.	Security and data retention <br>We place great importance on the steps we take, <br>including physical, <br>technical and organizational measures, to protect your information <br>from unauthorized access and against unlawful processing, <br>accidental loss, destruction and damage.<br>Where you have chosen a password which allows you to access <br>any of the Products, you are responsible <br>for keeping this password confidential. <br><br>We advise you not to share your password with anyone. <br>We will not be liable for any unauthorized transactions <br>entered into using your username, <br>personal information and/or password. <br>Your personal information will be retained by us <br>for the duration of your use or access to our Products and <br>may be retained for a period after this time as <br>necessary and relevant to our legitimate operations, <br>our terms with you and in accordance <br>with applicable laws and obligations. <br>This may include retention necessary to meet our tax reporting <br>requirements as well as time required to <br>enforce any obligations <br>in our agreements, the relevant terms of service, <br>any game “sun-setting” requirements or to identify, <br>issue or resolve legal proceedings.  <br>We may retain a record of your stated objection <br>to the processing of your data, <br>including in respect of an objection <br>to receiving marketing communications, <br>for the sole purpose of ensuring that we can continue to respect <br>your wishes to not contact you further, <br>during the term of your objection.<br>We will take appropriate steps to seek to destroy or permanently <br>de-identify personal information at the point <br>this information is no longer needed by us for our business <br>or legal purposes. <br>For more information about exercising your rights with respect <br>to our data processing activities, or if you no longer <br>wish to use our Products, see details below <br>about your choices and rights. <br><br>5.	Your choices and rights<br>You have options and choices over how we use your information. <br>We provide you with tools to access and <br>update specific information <br>relating to your use of the Products at any time. <br>If you need to sign in to access certain Products, <br>you can update and amend your key contact information directly. <br>We respect the rights you may have under applicable law to <br>request access to your personal information and <br>where applicable, <br>to request to receive that information in a commonly <br>used electronic format (or ask for this information <br>to be provided in that format to a third party where feasible). <br><br>You may also have the right under applicable law to request <br>the correction or erasure of your personal information, <br>to seek to object to the further processing under certain <br>circumstances of your information or to <br>request that the processing of specific information <br>about you is restricted while <br>we verify or investigate your concerns about this information. <br>We do not verify the correctness of your personal information. <br><br>If you remain unhappy with a response you receive,<br>and are in the European Union, you can also refer the matte<br>to your data protection supervisory authority<br>(see http://ec.europa.eu/justice/data-protection/bodies/<br>authorities/index_en.htm).<br><br>For California Residents<br>Your California Privacy Rights <br><br>California Civil Code Section 1798.83 (“Shine the Light”) permits<br>our customers who are California residents to request ,<br>once per calendar year, the following information from us:<br>  (i) a list of the kinds of personal information that we have <br>  disclosed to third parties for direct marketing purposes during<br>  the preceding calendar year; and <br>  (ii) the names and addresses of all of the third parties <br>  that received personal information from us for<br>  direct marketing purposes during the preceding calendar year.. <br>  For inquiries regarding our disclosure policy,<br>  please contact us as described below in Section 7 “Contact Us”.<br>  Requests must include “California Privacy Rights Request”<br>  in the first line of the description and include your name,<br>  street address, city, state, and ZIP code.<br>  <br>Your Rights under the <br>California Consumer Privacy Act (the “CCPA”)<br>Our customers who are California residents have the following<br>rights under the CCPA: <br>•	The right to request the deletion of their personal information;<br><br>•	With respect to the collection of personal information,<br>  the right to request, not more than twice in any <br>  twelve (12) month period, the following: <br>  (i) categories of personal information we have collected <br>  about that consumer; <br>  (ii) categories of sources from which the personal<br>  information is collected; <br>  (iii) business or commercial purpose for collecting or <br>  selling personal information; <br>  (iv) categories of third parties with<br>  whom we share personal information; and <br>  (v) specific pieces of personal information <br>  we have collected about you;<br><br>•	With respect to the sale and/or disclosure of<br>  personal information, the right to request, <br>  not more than twice in any twelve (12) month period,<br>  the following:<br>  (i) categories of personal information that<br>  we have  collected about the consumer; <br>  (ii) categories of personal information that <br>  we have sold about the consumer and <br>  the categories of third parties<br>  to whom the personal information was sold,<br>  by category or categories of personal information <br>  for each third party to whom the <br>  personal information was sold; and<br>  (iii) categories of personal information that we have disclosed<br>  about the consumer for a business purpose; <br><br>•	The right to opt-out of the sale of personal information; and<br><br>•	The right to not be discriminated against for exercising <br>  any of the above described rights. <br>To exercise any of your rights under the CCPA,<br>please contact us at our website at https://pso2.com and <br>be ready to provide your name, address, and email.  <br><br>We may ask for other information in order to <br>confirm your identity.<br>Any information we receive from you in order to <br>confirm your identity will solely be used for <br>such verification purposes. <br>We do not believe that we have sold consumers’ personal data <br>in the preceding twelve (12) months or that<br>our website collects any personal information without consent.<br><br><br>Categories of Personal Information Collected<br> Registration Information<br><br>Categories of Sources from which the <br>Personal Information is Collected	<br> Information you give us when you sign up to <br>access our Products,<br>or other information you choose to give us.	<br>The Business or Commercial Purpose for <br>Collecting Personal Information	<br>(i) To create your profile and so you can access our Products;<br>(ii) To provide Products you request;<br>(iii) To identify you when you sign-in;<br>(iv) To give you access to your user preferences;<br>(v) To contact you for your views on our Products;<br>(vi) To allow participation in special events or contests<br>  (if specifically approved by you);<br>(vii) To notify you of changes or updates to our Products; and<br>(viii) For marketing purposes,<br>  based on your communication preferences.<br><br>The Categories of Third Parties With <br>Whom We Share Personal Information<br>(i) Affiliates within the wider SEGA group.<br>(ii) Third party service providers who carry out various activities<br>  and services in support of or for the benefit of our Products.<br>(iii) Advertising Partners for the service of advertisements <br>  within our Products.<br>(iv) Marketing Partners for marketing or promotions <br>  based on your communication preferences.<br><br>Categories of Personal Information Collected	<br> Billing Information<br><br>Categories of Sources from which the <br>Personal Information is Collected	<br> Information provided by you and/or third party stores	<br>The Business or Commercial Purpose for<br>Collecting Personal Information	<br>(i) To verify your purchase of our Products and<br>   process any refunds;<br>(ii) To reply to any queries and questions and<br>  to resolve billing-related problems;<br>(iii) To carry out analysis and research to <br>   develop our Products; and<br>(iv) To protect you and the Products by seeking to detect and<br>  prevent fraud or other acts in breach of our terms of service<br>  or policies relevant to the Products.<br><br>The Categories of Third Parties With <br>Whom We Share Personal Information<br>(i) Affiliates within the wider SEGA group.<br>(ii) Third party service providers who carry out various activities<br>  and services in support of or for the benefit of our Products.<br>(iii) Advertising Partners for the service of advertisements <br>  within our Products.<br>(iv) Marketing Partners for marketing or promotions <br>  based on your communication preferences.<br><br>Categories of Personal Information Collected	<br> Technical and Device Information<br><br>Categories of Sources from which the<br>Personal Information is Collected	<br> Information from your mobile or computer device <br>when you use our Products.	<br>The Business or Commercial Purpose for<br>Collecting Personal Information	<br>(i) To provide you with an optimal experience;<br>(ii) To understand how you interact with our Products;<br>(iii) To provide Products you request; <br>(iv) To measure and analyze the use and<br>  effectiveness of our Products;<br>(v) To understand which of your devices are using our Products;<br>(vi) To provide safe and fair gaming environments;<br>(vii) To track consents for use of personal information <br>  related to our Products;<br>(viii) To serve advertisements within the Products;<br>(ix) To customize and optimize the targeting of advertising <br>  both on our Products and across third party websites,<br>  apps and products;<br>(x) To operate and improve our Products; and<br>(xi) To fix errors.<br><br>The Categories of Third Parties With <br>Whom We Share Personal Information<br>(i) Affiliates within the wider SEGA group.<br>(ii) Third party service providers who carry out various activities<br>  and services in support of or for the benefit of our Products.<br>(iii) Advertising Partners for the service of <br>  advertisements within our Products.<br>(iv) Marketing Partners for marketing or <br>  promotions based on your communication preferences.<br><br>Categories of Personal Information Collected	<br> Feedback	<br><br>Categories of Sources from which the <br>Personal Information is Collected<br> Your questions, suggestions or views on the Products.<br>The Business or Commercial Purpose for <br>Collecting Personal Information	<br>(i) To reply to your questions or queries;<br>(ii) To record comments and information <br>  which you provide on our gaming forums; and<br>(iii) To conduct analysis and research to improve and <br>  develop the Products.<br> <br>The Categories of Third Parties<br>With Whom We Share Personal Information<br>(i) Affiliates within the wider SEGA group.<br>(ii) Third party service providers who carry out various activities <br>  and services in support of or for the benefit of our Products.<br>(iii) Advertising Partners for the service of <br>  advertisements within our Products.<br>(iv) Marketing Partners for marketing or promotions <br>  based on your communication preferences.<br><br>Categories of Personal Information Collected	<br> Third Party Information	<br><br>Categories of Sources from which the <br>Personal Information is Collected	<br> Information about your use of our Products that is <br>shared with third party platforms and<br>services connected with our Products.	<br>The Business or Commercial Purpose for<br>Collecting Personal Information	<br>(i) To enable us to provide tailored offers to you;<br>(ii) To facilitate sharing on social networks; and<br>(iii) To facilitate your gameplay.<br><br>The Categories of Third Parties With<br>Whom We Share Personal Information<br>(i) Affiliates within the wider SEGA group.<br>(ii) Third party service providers who carry out various activities<br>  and services in support of or for the benefit of our Products.<br>(iii) Advertising Partners for the service of advertisements <br>  within our Products.<br>(iv) Marketing Partners for marketing or promotions <br>  based on your communication preferences.<br><br>We do not believe that we have sold consumers’ personal data <br>in the preceding twelve (12) months.<br><br><br>For Nevada Residents<br><br>Our customers who are Nevada residents have the right <br>at any time to request that we do not sell <br>the following information <br>regarding them to third parties:<br>(1) the customer’s first andlast name;<br>(2) the customer’s physical address which<br>  includes the name of a street and the name of a city or town; <br>(3) the customer’s e-mail address; <br>(4) the customer’s  telephone number; <br>(5) the customer’s social security number; <br>(6) the customer’s identifier that allows a specific person<br>  to be contacted; or <br>(7) any other information concerning a customer collected <br>  from the customer through our Internet website or <br>  online service and maintained in combination <br>  with an identifier in a form that<br>  makes the information personally identifiable.  <br><br>To exercise your right to opt out of the sale of <br>Covered Information under Nevada law, <br>please contact us at dataprivacy@segaamerica.com and <br>be ready to provide your name, address, and email. <br>We may ask for other information in order to <br>confirm your identity.<br>Any information we receive from you in order to confirm <br>your identity will solely be used for such verification purposes. <br>In addition, if you believe that we have not responded to<br>your privacy-related inquiry or your inquiry <br>has not been satisfactorily addressed,<br>please contact Sega of America, Inc.’s <br>Data Protection Officer (dataprivacy@segaamerica.com) or <br>the ESRB at https://www.esrb.org/privacy/contact.jsp.<br><br>6.	Children’s information<br>If SEGA learns that personal information of users <br>under the age of 13 or other applicable age of <br>consent has been collected, <br>other than for support of the internal operations and/or for <br>our legitimate interests, SEGA will take reasonable steps to <br>remove such information. We may collect <br>non-personally identifiable <br>information from children, such as country settings and <br>language settings to ensure compliance <br>with the applicable law for <br>the specified country. If you believe that <br>we may have unintentionally collected personal information <br>about your child, you may contact us using <br>the details provided below.<br><br>7.	Your questions and how to contact us<br>If you have any questions or comments about <br>this policy or our practices you can contact us:<br><br>By email at: help@segaamerica.com<br>By writing to us at:<br>Sega of America, Inc.<br>Attn: Department of Legal & Business Affairs<br>6400 Oak Canyon, Suite 100<br>Irvine, CA 92618, US<br> <br>You can also contact our <br>Data Protection Officer at dataprivacy@segaamerica.com"
Personal,0,PrivacyCheckDenial,プライバシー情報の取得について許可をしないと<br>ゲームを始めることができません。<br>タイトル画面に戻ります。
Personal,0,DobCheckTitle,年齢認証
Personal,0,DobCheckMessage,『PHANTASY STAR ONLINE 2』をプレイするには<br>年齢認証が必要です。<br>生年月日を入力してください。
Personal,0,DobCheckMonth,月
Personal,0,DobCheckDay,日
Personal,0,DobCheckYear,年
Personal,0,PrivacyDelTitle,プライバシーポリシー
Personal,0,PrivacyDelMessage,"SEGA Privacy Policy<br><br>Introduction<br><br>SEGA(“ SEGA ”, “we”, “us” or “our”) is committed<br>to protecting the privacy and security of your personal information.<br>SEGA collects different types of information from you<br>when you use our online and downloadable products<br>and services (""Products""). <br><br>This Privacy Policy explains how we collect,<br>use and protect your personal information <br>when you use our Products.<br><br>By using our Products you acknowledge that <br>you have read and understood<br>the terms of this Privacy Policy,<br>including how we use your personal information. <br><br>Sega of America, Inc., located at the address set <br>forth in Section 7<br>“Contact Us” is the data controller for the information <br>collected via our Products.<br> <br>The ESRB certification seal shown in this privacy policy<br>confirms that Sega of America, Inc. is a valid licensee,<br>and participating member, of the Entertainment Software<br>Rating Board’s Privacy Certified Program<br>(“ESRB Privacy Certified”). To help protect your privacy,<br>we have voluntarily undertaken this privacy initiative<br>and have had all of the Products<br>where this privacy policy is displayed,<br>reviewed and certified by ESRB Privacy Certified to <br>meet established online data collection,<br>use and disclosure practices.<br>As a licensee of this privacy program, we are subject to audits of<br>our Products and other enforcement and <br>accountability mechanisms administered independently <br>by ESRB Privacy Certified. In addition,<br>for U.S. users of our Products, we adhere to the Digital<br>Advertising Alliance’s Self-Regulatory Principles for the<br>Mobile Environment.<br>The privacy policy may be revised periodically,<br>and any such revisions will be reflected by<br>the “Effective Date” above. Please revisit this page to<br>stay aware of any changes. If we make material<br>changes to this privacy policy,<br>we will provide you with additional notice of such changes by<br>providing in-Product alerts or via email to you.<br><br><br>_________________________________________________________<br><br>Summary<br><br>Our Privacy Policy will help explain what information we collect,<br>how we use it and what options you have in relation to it.<br>The key points of our Privacy Policy are provided below,<br>however you can also learn more by continuing to scroll down:<br><br>1.	Information we collect and receive<br>We collect personal information about you and the devices<br>you use to access and interact <br>with us and our Products. We collect:<br><br>(a) Registration information: you give us when you sign up to<br>  access SEGA Products<br>(b) Billing information: provided by you and/or third party stores<br>(c) Technical and device information: information from your console<br>  or computer device when you use our Products<br>(d) Feedback: your questions, <br>   suggestions or views on the Products<br>(e) Third party information: Information about your use of<br>  our Products that is shared with third party platforms <br>  and services connected with our Products<br><br><br>2.	Our use of collected information<br>Collected information may be used in the following ways:<br><br>(a)	 Registration information:<br>(i)	to create your profile and so you can access our Products;<br>(ii)	to provide Products you request;<br>(iii)	to identify you when you sign-in;<br>(iv)	to give you access to your user preferences;<br>(v)	to contact you for your views on our Products; <br>(vi)	to allow participation in special events or contests<br>  (if specifically approved by you);<br>(vii)	to notify you of changes or updates to our Products; and<br>(viii)	for marketing purposes, based on your <br>  communication preferences.<br><br>(b)	Billing information: <br>(i)	to verify your purchase of our Products and process <br>any refunds,if it is requested <br>by the game platform providers;<br>(ii)	to reply to any queries and questions and to<br>  resolve problems;<br>(iii)	to carry out analysis and research to develop<br>  our Products; and<br>(iv)	to protect you and the Products by seeking to detect<br>  and prevent fraud or other acts in breach of our<br>  user agreements, terms of service or policies <br>  relevant to the Products.<br><br>(c)	Technical and device information:<br>(i)	to provide you with an optimal experience;<br>(i)	to understand how you interact with our Products <br>(iii)	to provide Products you request;  <br>(iv)	to measure and analyze the use and effectiveness of<br>  our Products;<br>(v)	to understand which of your devices are using our Products;<br>(vi)	to provide safe and fair gaming environments;<br>(vii)	to measure and analyze the use and effectiveness<br>  of our Products;<br>(viii)	to serve advertisements within the Products;<br>(ix)	to customize and optimize the targeting of advertising<br>  both on our Products and across third party websites,<br>  apps and products;<br>(x)	to operate and improve our Products; and<br>(xi)	to fix errors.<br><br>(d)	Feedback:<br>(i)	to reply to your questions or queries; <br>(ii)	to record comments and information which you provide<br>  on our gaming forums; and<br>(iii)	to conduct analysis and research to improve and<br>  develop the Products.<br><br>(e)	Third party information:<br>(i)	to enable us to provide tailored offers to you; <br>(ii)	to facilitate sharing on social networks; and<br>(iii)	to facilitate your gameplay.<br><br>3.	When we share information<br>We may share the information we collect about you<br>(subject to the necessary security,<br> contractual and transfer safeguards).<br>These are some of the partners we may share<br>your personal information with:<br>(a)	SEGA companies within the wider SEGA group. <br>(b)	Third party service providers who need access to such <br>  information to carry out work on our behalf<br>  (e.g. website hosting services, information storage).<br>(c)	Platform operators and other partners who carry out various <br>  activities and services to support our Products. <br>(d)	Advertising partners for the service of advertisements<br>  within our Products.<br>(e)	Marketing partners for marketing or promotions,<br>  based on your communication preferences.<br>(f)	New owners or re-organized entities and <br>  their advisors in the event of a business restructure, sale,<br>  purchase or joint venture affecting our business. <br>(g)	Where we are under a duty,<br>  are authorized by law or for law enforcement purposes.<br><br>Personal information that we collect from you is <br>usually transferred,<br>stored and processed in the US. Personal information<br>may be transferred to other countries where<br>SEGA or its service providers maintain operations.<br>These countries may not have equivalent data protection<br>laws to the country from where you access the Products.<br><br><br>4.	Security and data retention<br>Your privacy is important to us and we take reasonable <br>technical and organizational measures to protect your information<br>from unauthorized access and against unlawful processing,<br>accidental loss, destruction and damage. <br>Your personal information will be kept by SEGA for <br>the duration of your relationship with us and for as long as<br>you use our Products and may be retained for a period after<br>this time if it is necessary and relevant to <br>our legitimate operations,<br>our terms with you and in accordance with applicable laws. <br><br>5.	Your choices and rights<br>You have options and choices over how <br>we use your personal information.<br>You may be required to register or sign in to use or access<br>some of our Products, and may need to <br>provide personal information<br>to create a user profile which is associated<br>with your use of our Products.<br>Where you are required to sign in to use or access our Products,<br>you can also manage and amend the personal information <br>that you provide to us. <br><br>You have control over if we, and/or our partners,<br>use personal information to provide targeted advertisements and<br>you may withdraw consent related to the use of personal<br>information to serve you targeted advertisements.<br>If you sign up to our marketing communications,<br>you will be asked to confirm your communication preferences and<br>given the opportunity to unsubscribe at any time.<br>You can contact us directly with requests to correct, erase,<br>restrict, object to, or move your personal information.<br>If you do not want us to process and/or access<br>your personal information,<br>you may be unable to use some of our Products<br><br>6. Children’s information<br> <br>Protecting the privacy of young children is especially<br>important to Sega of America, Inc. For that reason,<br>we do not knowingly collect or maintain personal information or<br>non-personally identifiable information <br>from users under 13 years of age in the United States,<br>and under the applicable age of consent in the European Union,<br>other than as permitted by law in support of our<br>internal operations (in the U.S.) and<br>legitimate interests (outside the U.S.).<br>Learn more<br> <br>7. Your questions and how to contact us<br> <br>If you have any questions or comments about this privacy policy<br>you can contact us.<br><br>_________________________________________________________<br>More information <br>1.	Information we collect <br>We collect personal information about you and <br>the devices you use to access our Products <br>and interact with us. We collect: <br><br>(a)	Registration information<br><br>When you register or sign up to use our Products<br>we collect information about you including your name,<br>contact details, age, gender, personal preferences and additional<br>information that you chose to provide.<br>We may also collect your contact information so that you can<br>sign-up to receive SEGA's marketing communications.<br>As part of any required sign in to use our Products,<br>we will verify the information that you use to log in.<br>  If you sign-up via third party services <br>  you should visit the third party website and review <br>  their privacy policy and your registration profile or<br>  account to understand how your data is processed by them and<br>  to find out what your options are.<br>We do not control (nor act as the controller of) the information<br>that is sent from your device to third parties,<br>including game platforms and analytics companies which receive<br>information in the normal course of your online activities.<br><br>(b)	Billing information<br><br>We may collect payment information such as credit or <br>debit card details (including expiration dates) and other billing<br>information such as your name and address in order to verify <br>your purchases, process any refund payments,<br>contact you to resolve any product issues,<br>and/or deliver Products to you. We may collect this information <br>from you and/or third party stores that<br>have been authorized to sell our Products.<br>(c)	Technical and device information<br><br>We collect information from your device and activity <br>about the way you use our Products.<br>We may also collect information about you from the <br>notifications or messages you post or send online as well as <br>what you search for, look at and engage with.<br>Information obtained from social features used on our Products,<br>such as forums and chat functionality, may be stored,<br>copied or used by SEGA, the public, or third-party companies. <br>By accessing our Products, we may collect <br>technical information from your console or computer device,<br>for example your location information where you<br>choose to share this with us, which devices are<br>connected to the Internet, hardware settings,<br>components of your devices, installed software,<br>updates and plugins to facilitate the use of our Products.<br>We may automatically collect information such as <br>your operating system,<br>Internet Protocol address, your browser type,<br>browser language preferences and when, <br>how often and how long you interact with our Products, <br>websites and services.<br>We also use software to enable us to provide <br>safe and fair gaming environments for all users <br>of our Products and when you log in to one of our Products, <br>or make purchases.<br>We, and or our third party suppliers<br>may use cookies and similar technologies,<br>or collect data about your device(s) to create a device<br>fingerprint of the components of your specific device(s) and/or <br>build an individual profile of you.<br>		<br>(d)	Feedback<br><br>We will collect personal information from <br>the messages and reviews <br>you post on our social forums, <br>and when you contact us, for example with a question,<br>problem or comment. If you contact our <br>customer services team by email or post, <br>we will keep copies of your correspondence <br>with us for as long as necessary to deal with your query. <br><br>(e)	Third party information<br><br>We collect information obtained from your use of our Products <br>from third parties to provide you with an optimal experience,<br>to facilitate use of the Products as advertised, <br>to enable you to play our Products on various platforms and<br>to optimize our Products. <br>2.	How we use the information we collect<br>We use the personal information we collect<br>for the following purposes: <br>(a)	Registration information <br><br>Your registration information enables us to provide <br>you with access to the Products and to supply <br>the Products under the agreements <br>we have with you and the relevant terms of service. <br>It helps us to authenticate your access, <br>to contact you for your views and to notify you of important <br>changes or updates to our Products.  <br><br>Where we have your consent and in accordance with your stated<br>communication preferences,<br>we may also contact you for marketing purposes to<br>let you know by post, email, telephone, <br>console or in-app messaging about our <br>other products and services. <br>If you no longer want us to use your data <br>in this way or generally<br>change your mind about receiving marketing communications,<br>you can unsubscribe at any time, either by using the unsubscribe <br>option in the communication you receive or <br>by changing your communication settings.<br>Please note that we will retain a record of the user information<br>when you unsubscribe from our marketing information <br>for the legitimate purpose of ensuring that<br>we do not contact you <br>further in this way, during the period of your objection.<br>(b)	Billing information<br><br>This information will enable us to verify your purchases <br>with third party stores and to contact you in order to assist <br>with resolving any problems with your purchases and to process <br>any refund payments that you may be due. <br><br>We will also use and analyze <br>information on transactions on your account for our legitimate <br>interests by data matching or statistical analysis so that <br>we can administer, support, <br>improve and develop our business and to help us <br>detect and prevent fraud, or other illegal activities, <br>or acts prohibited by our terms of service or any policies <br>applicable to the Products. <br>(c)	Technical and device information <br><br>We analyze information about how you engage with <br>our Products to understand how our <br>Products are used and to provide <br>you with an optimal gaming experience, such as by rolling out <br>performance-optimizing software updates for our Products. <br>We use anonymous data in order to analyze and<br> produce statistics relating to the habits, <br> usage patterns and demographics of <br> users as a group or as individuals. <br>This allows us to deliver you personalized content, <br>helps us understand the features of our Products that appeal to<br>you and allows us to manage advertising, amongst other things. <br><br>When you interact or visit our websites, <br>we may automatically collect information about you <br>such as the type of internet browser or console device you use, <br>any website from which you have come <br>to any of the SEGA Products and<br>your IP address (the quasi-unique address which identifies <br>your device on the internet) and your operating system, <br>which are automatically recognized by our web server.<br>We use log files to monitor traffic on our Products, <br>resolve technical problems and to detect and prevent fraud.<br>We use these technologies to provide us with information,<br>such as when an email is opened, or to develop <br>statistics on the effectiveness of advertising or marketing <br>on our websites and for and in our Products. In some cases, <br>including working with third party partners, <br>we use this information to send you ads <br>for our Products based on your interests.<br>We also use technical and device information to operate and <br>improve our videogames, enable online matchmaking, <br>facilitate sharing, measure our effectiveness, <br>set up and maintain accounts, identify and fix errors and <br>to help keep online content fair and safe and <br>to resolve related disputes. <br>We also use this information to deliver you personalized content, <br>help us understand the features of our Products that appeal to <br>you and allows us to manage advertising. <br>(d)	Feedback<br><br>We use your feedback to reply to your questions or queries, <br>to provide customer support and resolve problems relating to <br>any of our Products under the agreements that <br>we have with you. <br>We will also publish reviews that you submit <br>to us for this purpose <br>about the Products and will conduct analysis of feedback <br>for the purpose of improving and developing the Products. <br><br>(e)	Third party information<br><br>We use information obtained from third parties to provide you <br>with an optimal experience, <br>to facilitate use of the Products as advertised and to <br>enable you to play our Products on various platforms. <br>3.	<br>When we share information<br>In delivering the Products to you, <br>we may share your personal information with:<br>•	Companies within the SEGA group <br>	(which means SEGA companies which are our parent and <br>	affiliated companies, our ultimate holding company and <br>	its subsidiaries and affiliates) who act for us for the purposes <br>	set out in this policy. <br>•	Third parties in order to undertake various activities or services <br>	on our behalf in supporting the Products. <br>	This includes payment processing providers facilitating credit and<br>	payment card transactions, website and application support 	and<br>	hosting providers for online videogame services and <br>	software downloads and providers for the delivery of promotional,<br>	digital advertising or other communications.<br>•	If our business enters into a joint venture, <br>	purchases or is sold to or merged with another business entity, <br>	your information may be disclosed or transferred to <br>	the target company, or new business partners or <br>	owners or their advisors. <br>•	We may use the information that you provide <br>	if we are under a duty to disclose or share your information <br>	in order to comply with <br>	(and/or where we believe we are under a duty to comply with) <br>	any legal obligation; or to enforce the relevant terms of service<br>	and any other agreement; or to protect our rights or the rights of<br>	third parties. This includes exchanging information <br>	with other companies and organizations such as credit agencies, <br>	law enforcement or government bodies or the courts in connection<br>	with a criminal investigation, suspected illegal activity, <br>	fraud prevention and detection or in legal proceedings.<br><br>By using the Products, you consent to the sharing,<br>transfer and/or sale of your personal information as provided in<br>this Privacy Policy and the Terms of Use.   <br>We do not control information which is sent from your browser <br>to third parties, and may not control certain information <br>which is sent from our Products to third parties, <br>including game platforms and analytics companies <br>that receive information in the normal <br>course of your online activities.<br><br>Personal information may be transferred to other <br>countries where SEGA <br>or our service providers maintain operations. <br>These countries may not have equivalent data protection <br>laws to the country from where you access the Products or, <br>in the case of transfers subject to European law, <br>may not be subject to an adequacy decision <br>by the European Commission (EC). <br>An adequacy decision is a decision taken by the EC establishing <br>that a third country provides a comparable level of <br>protection of personal data to that in the EU, through <br>its domestic law or its international commitments.<br><br>Where SEGA transfers personal information <br>we will seek to take account of any applicable legal <br>obligations relevant to personal information transfers. <br>In the case of transfers of personal information subject to <br>the law of the European Union to a country <br>which is not part of the European Economic Area, <br>we will, in the absence of an EC adequacy decision relevant <br>to the destination country, seek to rely on appropriate safeguards <br>such as a valid Privacy Shield certification <br>(in the case of a data transfer to a Privacy Shield certified US <br>recipient - Please visit https://www.privacyshield.gov/welcome for <br>more information) or enter into appropriate EC approved standard <br>contractual clauses relevant to <br>personal data transfers between data <br>controllers or between a data controller and a data processor, <br>(please visit https://ec.europa.eu/justice/data-protection/<br>international-transfers/transfer/index_en.htm for more information).<br><br>4.	Security and data retention <br>We place great importance on the steps we take, <br>including physical, <br>technical and organizational measures, to protect your information <br>from unauthorized access and against unlawful processing, <br>accidental loss, destruction and damage.<br>Where you have chosen a password which allows you to access <br>any of the Products, you are responsible <br>for keeping this password confidential. <br>We advise you not to share your password with anyone. <br>We will not be liable for any unauthorized transactions <br>entered into using your username, <br>personal information and/or password. <br>Your personal information will be retained by us <br>for the duration of your use or access to our Products and <br>may be retained for a period after this time as <br>necessary and relevant to our legitimate operations, <br>our terms with you and in accordance <br>with applicable laws and obligations. <br>This may include retention necessary to meet our tax reporting <br>requirements as well as time required to <br>enforce any obligations <br>in our agreements, the relevant terms of service, <br>any game “sun-setting” requirements or to identify, <br>issue or resolve legal proceedings.  <br>We may retain a record of your stated objection <br>to the processing of your data, <br>including in respect of an objection <br>to receiving marketing communications, <br>for the sole purpose of ensuring that we can continue to respect <br>your wishes to not contact you further, <br>during the term of your objection.<br>We will take appropriate steps to seek to destroy or permanently <br>de-identify personal information at the point <br>this information is no longer needed by us for our business <br>or legal purposes. <br>For more information about exercising your rights with respect <br>to our data processing activities, or if you no longer <br>wish to use our Products, see details below <br>about your choices and rights. <br>5.	Your choices and rights<br>You have options and choices over how we use your information. <br>We provide you with tools to access and <br>update specific information <br>relating to your use of the Products at any time. <br>If you need to sign in to access certain Products, <br>you can update and amend your key contact information directly. <br>We respect the rights you may have under applicable law to <br>request access to your personal information and <br>where applicable, <br>to request to receive that information in a commonly <br>used electronic format (or ask for this information <br>to be provided in that format to a third party where feasible). <br>You may also have the right under applicable law to request <br>the correction or erasure of your personal information, <br>to seek to object to the further processing under certain <br>circumstances of your information or to <br>request that the processing of specific information <br>about you is restricted while <br>we verify or investigate your concerns about this information. <br>We do not verify the correctness of your personal information. <br><br>Your browser settings may allow you to automatically<br>transmit a “Do Not Track” signal to online services you visit.<br>Note, however, there is no industry consensus as to what site and<br>app operators should do with regard to these signals. Accordingly,<br>we do not monitor or take action with <br>respect to “Do Not Track” signals or other mechanisms.  <br>For more information on “Do Not Track,”<br>visit http://www.allaboutdnt.com .<br>Please contact us as described in Section 7 “Contact Us” to<br>exercise any of these rights.<br><br>If you remain unhappy with a response you receive,<br>and are in the European Union, you can also refer the matte<br>to your data protection supervisory authority<br>(see http://ec.europa.eu/justice/data-protection/bodies/<br>authorities/index_en.htm).<br>For California Residents<br>Your California Privacy Rights <br>California Civil Code Section 1798.83 (“Shine the Light”) permits<br>our customers who are California residents to request ,<br>once per calendar year, the following information from us:<br>  (i) a list of the kinds of personal information that we have <br>  disclosed to third parties for direct marketing purposes during<br>  the preceding calendar year; and <br>  (ii) the names and addresses of all of the third parties <br>  that received personal information from us for<br>  direct marketing purposes during the preceding calendar year.. <br>  For inquiries regarding our disclosure policy,<br>  please contact us as described below in Section 7 “Contact Us”.<br>  Requests must include “California Privacy Rights Request”<br>  in the first line of the description and include your name,<br>  street address, city, state, and ZIP code.<br>Your Rights under the <br>California Consumer Privacy Act (the “CCPA”)<br>Our customers who are California residents have the following<br>rights under the CCPA: <br>•	The right to request the deletion of their personal information;<br><br>•	With respect to the collection of personal information,<br>  the right to request, not more than twice in any <br>  twelve (12) month period, the following: <br>  (i) categories of personal information we have collected <br>  about that consumer; <br>  (ii) categories of sources from which the personal<br>  information is collected; <br>  (iii) business or commercial purpose for collecting or <br>  selling personal information; <br>  (iv) categories of third parties with<br>  whom we share personal information; and <br>  (v) specific pieces of personal information <br>  we have collected about you;<br><br>•	With respect to the sale and/or disclosure of<br>  personal information, the right to request, <br>  not more than twice in any twelve (12) month period,<br>  the following:<br>  (i) categories of personal information that<br>  we have  collected about the consumer; <br>  (ii) categories of personal information that <br>  we have sold about the consumer and <br>  the categories of third parties<br>  to whom the personal information was sold,<br>  by category or categories of personal information <br>  for each third party to whom the <br>  personal information was sold; and<br>  (iii) categories of personal information that we have disclosed<br>  about the consumer for a business purpose; <br><br>•	The right to opt-out of the sale of personal information; and<br><br>•	The right to not be discriminated against for exercising <br>  any of the above described rights. <br>To exercise any of your rights under the CCPA,<br>please contact us at our website at https://pso2.com and <br>be ready to provide your name, address, and email.  <br>We may ask for other information in order to <br>confirm your identity.<br>Any information we receive from you in order to <br>confirm your identity will solely be used for <br>such verification purposes. <br>We do not believe that we have sold consumers’ personal data <br>in the preceding twelve (12) months or that<br>our website collects any personal information without consent.<br><br><br>Categories of Personal Information Collected<br> Registration Information	<br>Categories of Sources from which the <br>Personal Information is Collected	<br> Information you give us when you sign up to <br>access our Products,<br>or other information you choose to give us.	<br>The Business or Commercial Purpose for <br>Collecting Personal Information	<br>(i) To create your profile and so you can access our Products;<br>(ii) To provide Products you request;<br>(iii) To identify you when you sign-in;<br>(iv) To give you access to your user preferences;<br>(v) To contact you for your views on our Products;<br>(vi) To allow participation in special events or contests<br>  (if specifically approved by you);<br>(vii) To notify you of changes or updates to our Products; and<br>(viii) For marketing purposes,<br>  based on your communication preferences.<br><br>The Categories of Third Parties With <br>Whom We Share Personal Information<br>(i) Affiliates within the wider SEGA group.<br>(ii) Third party service providers who carry out various activities<br>  and services in support of or for the benefit of our Products.<br>(ii) Advertising Partners for the service of advertisements <br>  within our Products.<br>(iii) Marketing Partners for marketing or promotions <br>  such as Mailchimp, based on your communication preferences.<br><br>Categories of Personal Information Collected	<br> Billing Information	<br>Categories of Sources from which the <br>Personal Information is Collected	<br> Information provided by you and/or third party stores	<br>The Business or Commercial Purpose for<br>Collecting Personal Information	<br>(i) To verify your purchase of our Products and<br>   process any refunds;<br>(ii) To reply to any queries and questions and<br>  to resolve billing-related problems;<br>(iii) To carry out analysis and research to <br>   develop our Products; and<br>(iv) To protect you and the Products by seeking to detect and<br>  prevent fraud or other acts in breach of our terms of service<br>  or policies relevant to the Products.<br><br>The Categories of Third Parties With <br>Whom We Share Personal Information<br>(i) Affiliates within the wider SEGA group.<br>(ii) Third party service providers who carry out various activities<br>  and services in support of or for the benefit of our Products.<br>(ii) Advertising Partners for the service of advertisements <br>  within our Products.<br>(iii) Marketing Partners for marketing or promotions <br>  such as Mailchimp, based on your communication preferences.<br><br>Categories of Personal Information Collected	<br> Technical and Device Information	<br>Categories of Sources from which the<br>Personal Information is Collected	<br> Information from your mobile or computer device <br>when you use our Products.	<br>The Business or Commercial Purpose for<br>Collecting Personal Information	<br>(i) To provide you with an optimal experience;<br>(ii) To understand how you interact with our Products;<br>(iii) To provide Products you request; <br>(iv) To measure and analyze the use and<br>  effectiveness of our Products;<br>(v) To understand which of your devices are using our Products;<br>(vi) To provide safe and fair gaming environments;<br>(vii) To track consents for use of personal information <br>  related to our Products;<br>(viii) To serve advertisements within the Products;<br>(ix) To customize and optimize the targeting of advertising <br>  both on our Products and across third party websites,<br>  apps and products;<br>(x) To operate and improve our Products; and<br>(xi) To fix errors.<br><br>The Categories of Third Parties With <br>Whom We Share Personal Information<br>(i) Affiliates within the wider SEGA group.<br>(ii) Third party service providers who carry out various activities<br>  and services in support of or for the benefit of our Products.<br>(ii) Advertising Partners for the service of <br>  advertisements within our Products.<br>(iii) Marketing Partners for marketing or <br>  promotions such as Mailchimp, based on your<br>  communication preferences.<br><br>Categories of Personal Information Collected	<br> Feedback	<br>Categories of Sources from which the <br>Personal Information is Collected<br> Your questions, suggestions or views on the Products.<br>The Business or Commercial Purpose for <br>Collecting Personal Information	<br>(i) To reply to your questions or queries;<br>(ii) To record comments and information <br>  which you provide on our gaming forums; and<br>(iii) To conduct analysis and research to improve and <br>  develop the Products.<br> <br>The Categories of Third Parties With Whom <br>We Share Personal Information<br>(i) Affiliates within the wider SEGA group.<br>(ii) Third party service providers who carry out various activities <br>  and services in support of or for the benefit of our Products.<br>(ii) Advertising Partners for the service of <br>  advertisements within our Products.<br>(iii) Marketing Partners for marketing or promotions <br>  such as Mailchimp, based on your communication preferences.<br><br>Categories of Personal Information Collected	<br> Third Party Information	<br>Categories of Sources from which the <br>Personal Information is"
Personal,0,PrivacyDelMessage1,"SEGA Privacy Policy<br><br>Introduction<br><br>SEGA(“ SEGA ”, “we”, “us” or “our”) is committed<br>to protecting the privacy and security of your personal information.<br><br>SEGA collects different types of information from you<br>when you use our online and downloadable products<br>and services (""Products""). <br><br>This Privacy Policy explains how we collect,<br>use and protect your personal information <br>when you use our Products.<br><br>By using our Products you acknowledge that <br>you have read and understood<br>the terms of this Privacy Policy,<br>including how we use your personal information. <br><br>Sega of America, Inc., located at the address set <br>forth in Section 7<br>“Contact Us” and Sega Corporation are the data<br>controller for the information <br>collected via our Products.<br> <br>The ESRB certification seal shown in this privacy policy<br>confirms that Sega of America, Inc. is a valid licensee,<br>and participating member, of the Entertainment Software<br>Rating Board’s Privacy Certified Program<br>(“ESRB Privacy Certified”). To help protect your privacy,<br>we have voluntarily undertaken this privacy initiative<br>and have had all of the Products<br>where this privacy policy is displayed,<br>reviewed and certified by ESRB Privacy Certified to <br>meet established online data collection,<br>use and disclosure practices.<br>As a licensee of this privacy program, we are subject to audits of<br>our Products and other enforcement and <br>accountability mechanisms administered independently <br>by ESRB Privacy Certified.<br>The privacy policy may be revised periodically,<br>and any such revisions will be reflected by<br>the “Effective Date” above. Please revisit this page to<br>stay aware of any changes. If we make material<br>changes to this privacy policy,<br>we will provide you with additional notice of such changes by<br>providing in-Product alerts or via email to you.<br><br><br>_________________________________________________________<br><br>Summary<br><br>Our Privacy Policy will help explain what information we collect,<br>how we use it and what options you have in relation to it.<br>The key points of our Privacy Policy are provided below,<br>however you can also learn more by continuing to scroll down:<br><br><br>1.	Information we collect and receive<br>We collect personal information about you and the devices<br>you use to access and interact <br>with us and our Products. We collect:<br><br>(a) Registration information: you give us when you sign up to<br>  access SEGA Products<br>(b) Billing information: provided by you and/or third party stores<br>(c) Technical and device information: information from your console<br>  or computer device when you use our Products<br>(d) Feedback: your questions, <br>   suggestions or views on the Products<br>(e) Third party information: Information about your use of<br>  our Products that is shared with third party platforms <br>  and services connected with our Products<br><br>2.	Our use of collected information<br>Collected information may be used in the following ways:<br><br>(a)	 Registration information:<br>(i)	to create your profile and so you can access our Products;<br>(ii)	to provide Products you request;<br>(iii)	to identify you when you sign-in;<br>(iv)	to give you access to your user preferences;<br>(v)	to contact you for your views on our Products; <br>(vi)	to allow participation in special events or contests<br>  (if specifically approved by you);<br>(vii)	to notify you of changes or updates to our Products; and<br>(viii)	for marketing purposes, based on your <br>  communication preferences.<br><br>(b)	Billing information: <br>(i)	to verify your purchase of our Products and process <br>  any refunds,if it is requested <br>  by the game platform providers;<br>(ii)	to reply to any queries and questions and to<br>  resolve problems;<br>(iii)	to carry out analysis and research to develop<br>  our Products; and<br>(iv)	to protect you and the Products by seeking to detect<br>  and prevent fraud or other acts in breach of our<br>  user agreements, terms of service or policies <br>  relevant to the Products.<br><br>(c)	Technical and device information:<br>(i)	to provide you with an optimal experience;<br>(ii)	to understand how you interact with our Products <br>(iii)	to provide Products you request;  <br>(iv)	to measure and analyze the use and effectiveness of<br>  our Products;<br>(v)	to understand which of your devices are using our Products;<br>(vi)	to provide safe and fair gaming environments;<br>(vii)	to measure and analyze the use and effectiveness<br>  of our Products;<br>(viii)	to serve advertisements within the Products;<br>(ix)	to customize and optimize the targeting of advertising<br>  both on our Products and across third party websites,<br>  apps and products;<br>(x)	to operate and improve our Products; and<br>(xi)	to fix errors.<br><br>(d)	Feedback:<br>(i)	to reply to your questions or queries; <br>(ii)	to record comments and information which you provide<br>  on our gaming forums; and<br>(iii)	to conduct analysis and research to improve and<br>  develop the Products.<br><br>(e)	Third party information:<br>(i)	to enable us to provide tailored offers to you; <br>(ii)	to facilitate sharing on social networks; and<br>(iii)	to facilitate your gameplay.<br><br>3.	When we share information<br>We may share the information we collect about you<br>(subject to the necessary security,<br> contractual and transfer safeguards).<br>These are some of the partners we may share<br>your personal information with:<br><br>(a)	SEGA companies within the wider SEGA group. <br>(b)	Third party service providers who need access to such <br>  information to carry out work on our behalf<br>  (e.g. website hosting services, information storage).<br>(c)	Platform operators and other partners who carry out various <br>  activities and services to support our Products. <br>(d)	Advertising partners for the service of advertisements<br>  within our Products.<br>(e)	Marketing partners for marketing or promotions,<br>  based on your communication preferences.<br>(f)	New owners or re-organized entities and <br>  their advisors in the event of a business restructure, sale,<br>  purchase or joint venture affecting our business. <br>(g)	Where we are under a duty,<br>  are authorized by law or for law enforcement purposes.<br><br>Personal information that we collect from you is <br>usually transferred,<br>stored and processed in the US. Personal information<br>may be transferred to other countries where<br>SEGA or its service providers maintain operations.<br>These countries may not have equivalent data protection<br>laws to the country from where you access the Products.<br><br>4.	Security and data retention<br>Your privacy is important to us and we take reasonable <br>technical and organizational measures to protect your information<br>from unauthorized access and against unlawful processing,<br>accidental loss, destruction and damage. <br>Your personal information will be kept by SEGA for <br>the duration of your relationship with us and for as long as<br>you use our Products and may be retained for a period after<br>this time if it is necessary and relevant to <br>our legitimate operations,<br>our terms with you and in accordance with applicable laws. <br><br>5.	Your choices and rights<br>You have options and choices over how <br>we use your personal information.<br>You may be required to register or sign in to use or access<br>some of our Products, and may need to <br>provide personal information<br>to create a user profile which is associated<br>with your use of our Products.<br>Where you are required to sign in to use or access our Products,<br>you can also manage and amend the personal information <br>that you provide to us. <br><br>You have control over if we, and/or our partners,<br>use personal information to provide targeted advertisements and<br>you may withdraw consent related to the use of personal<br>information to serve you targeted advertisements.<br>If you sign up to our marketing communications,<br>you will be asked to confirm your communication preferences and<br>given the opportunity to unsubscribe at any time.<br>You can contact us directly with requests to correct, erase,<br>restrict, object to, or move your personal information.<br>If you do not want us to process and/or access<br>your personal information,<br>you may be unable to use some of our Products<br><br>6. Children’s information<br> <br>Protecting the privacy of young children is especially<br>important to Sega of America, Inc. For that reason,<br>we do not knowingly collect or maintain personal information or<br>non-personally identifiable information <br>from users under 13 years of age in the United States,<br>and under the applicable age of consent in the European Union,<br>other than as permitted by law in support of our<br>internal operations (in the U.S.) and<br>legitimate interests (outside the U.S.).<br> <br>7. Your questions and how to contact us<br> <br>If you have any questions or comments about this privacy policy<br>you can contact us.<br><br>_________________________________________________________<br>More information <br>1.	Information we collect <br>We collect personal information about you and <br>the devices you use to access our Products <br>and interact with us. We collect: <br><br>(a)	Registration information<br><br>When you register or sign up to use our Products<br>we collect information about you including your name,<br>contact details, age, gender, personal preferences and additional<br>information that you chose to provide.<br><br>We may also collect your contact information so that you can<br>sign-up to receive SEGA's marketing communications.<br><br>As part of any required sign in to use our Products,<br>we will verify the information that you use to log in.<br><br>If you sign-up via third party services <br>you should visit the third party website and review <br>their privacy policy and your registration profile or<br>account to understand how your data is processed by them and<br>to find out what your options are.<br>We do not control (nor act as the controller of) the information<br>that is sent from your device to third parties,<br>including game platforms and analytics companies which receive<br>information in the normal course of your online activities.<br><br>(b)	Billing information<br><br>We may collect payment information such as credit or <br>debit card details (including expiration dates) and other billing<br>information such as your name and address in order to verify <br>your purchases, process any refund payments,<br>contact you to resolve any product issues,<br>and/or deliver Products to you. We may collect this information <br>from you and/or third party stores that<br>have been authorized to sell our Products.<br><br>(c)	Technical and device information<br><br>We collect information from your device and activity <br>about the way you use our Products.<br>We may also collect information about you from the <br>notifications or messages you post or send online as well as <br>what you search for, look at and engage with.<br>Information obtained from social features used on our Products,<br>such as forums and chat functionality, may be stored,<br>copied or used by SEGA, the public, or third-party companies. <br>By accessing our Products, we may collect <br>technical information from your console or computer device,<br>for example your location information where you<br>choose to share this with us, which devices are<br>connected to the Internet, hardware settings,<br>components of your devices, installed software,<br>updates and plugins to facilitate the use of our Products.<br>We may automatically collect information such as <br>your operating system,<br>Internet Protocol address, your browser type,<br>browser language preferences and when, <br>how often and how long you interact with our Products, <br>websites and services.<br>We also use software to enable us to provide <br>safe and fair gaming environments for all users <br>of our Products and when you log in to one of our Products, <br>or make purchases.<br>We, and or our third party suppliers<br>may use cookies and similar technologies,<br>or collect data about your device(s) to create a device<br>fingerprint of the components of your specific device(s) and/or <br>build an individual profile of you.<br>		<br>(d)	Feedback<br><br>We will collect personal information from <br>the messages and reviews <br>you post on our social forums, <br>and when you contact us, for example with a question,<br>problem or comment. If you contact our <br>customer services team by email or post, <br>we will keep copies of your correspondence <br>with us for as long as necessary to deal with your query. <br><br>(e)	Third party information<br><br>We collect information obtained from your use of our Products <br>from third parties to provide you with an optimal experience,<br>to facilitate use of the Products as advertised, <br>to enable you to play our Products on various platforms and<br>to optimize our Products. <br><br>2.	How we use the information we collect<br>We use the personal information we collect<br>for the following purposes: <br><br>(a)	Registration information <br><br>Your registration information enables us to provide <br>you with access to the Products and to supply <br>the Products under the agreements <br>we have with you and the relevant terms of service. <br>It helps us to authenticate your access, <br>to contact you for your views and to notify you of important <br>changes or updates to our Products.  <br><br>Where we have your consent and in accordance with your stated<br>communication preferences,<br>we may also contact you for marketing purposes to<br>let you know by post, email, telephone, <br>console or in-app messaging about our <br>other products and services. <br>If you no longer want us to use your data <br>in this way or generally<br>change your mind about receiving marketing communications,<br>you can unsubscribe at any time, either by using the unsubscribe <br>option in the communication you receive or <br>by contacting us.<br><br>Please note that we will retain a record of the user information<br>when you unsubscribe from our marketing information <br>for the legitimate purpose of ensuring that<br>we do not contact you <br>further in this way, during the period of your objection.<br><br>(b)	Billing information<br><br>This information will enable us to verify your purchases <br>with third party stores and to contact you in order to assist <br>with resolving any problems with your purchases and to process <br>any refund payments that you may be due. <br><br>We will also use and analyze <br>information on transactions on your account for our legitimate <br>interests by data matching or statistical analysis so that <br>we can administer, support, <br>improve and develop our business and to help us <br>detect and prevent fraud, or other illegal activities, <br>or acts prohibited by our terms of service or any policies <br>applicable to the Products. <br><br>(c)	Technical and device information <br><br>We analyze information about how you engage with <br>our Products to understand how our <br>Products are used and to provide <br>you with an optimal gaming experience, such as by rolling out <br>performance-optimizing software updates for our Products. <br>We use anonymous data in order to analyze and<br>produce statistics relating to the habits, <br>usage patterns and demographics of <br>users as a group or as individuals. <br>This allows us to deliver you personalized content, <br>helps us understand the features of our Products that appeal to<br>you and allows us to manage advertising, amongst other things. <br>When you interact or visit our websites, <br>we may automatically collect information about you <br>such as the type of internet browser or console device you use, <br>any website from which you have come <br>to any of the SEGA Products and<br>your IP address (the quasi-unique address which identifies <br>your device on the internet) and your operating system, <br>which are automatically recognized by our web server.<br>We use log files to monitor traffic on our Products, <br>resolve technical problems and to detect and prevent fraud.<br>We use these technologies to provide us with information,<br>such as when an email is opened, or to develop <br>statistics on the effectiveness of advertising or marketing <br>on our websites and for and in our Products. In some cases, <br>including working with third party partners, <br>we use this information to send you ads <br>for our Products based on your interests.<br>We also use technical and device information to operate and <br>improve our videogames, enable online matchmaking, <br>facilitate sharing, measure our effectiveness, <br>set up and maintain accounts, identify and fix errors and <br>to help keep online content fair and safe and <br>to resolve related disputes. <br><br>We also use this information to deliver you personalized content, <br>help us understand the features of our Products that appeal to <br>you and allows us to manage advertising. <br><br>(d)	Feedback<br><br>We use your feedback to reply to your questions or queries, <br>to provide customer support and resolve problems relating to <br>any of our Products under the agreements that <br>we have with you. <br>We will also publish reviews that you submit <br>to us for this purpose <br>about the Products and will conduct analysis of feedback <br>for the purpose of improving and developing the Products. <br><br>(e)	Third party information<br><br>We use information obtained from third parties to provide you <br>with an optimal experience, <br>to facilitate use of the Products as advertised and to <br>enable you to play our Products on various platforms. <br><br>3.	When we share information<br>In delivering the Products to you, <br>we may share your personal information with:<br><br>•	Companies within the SEGA group <br>	(which means SEGA companies which are our parent and <br>	affiliated companies, our ultimate holding company and <br>	its subsidiaries and affiliates) who act for us for the purposes <br>	set out in this policy. <br>•	Third parties in order to undertake various activities or services <br>	on our behalf in supporting the Products. <br>	This includes payment processing providers facilitating credit and<br>	payment card transactions, website and application support 	and<br>	hosting providers for online videogame services and <br>	software downloads and providers for the delivery of promotional,<br>	digital advertising or other communications.<br>•	If our business enters into a joint venture, <br>	purchases or is sold to or merged with another business entity, <br>	your information may be disclosed or transferred to <br>	the target company, or new business partners or <br>	owners or their advisors. <br>•	We may use the information that you provide <br>	if we are under a duty to disclose or share your information <br>	in order to comply with <br>	(and/or where we believe we are under a duty to comply with) <br>	any legal obligation; or to enforce the relevant terms of service<br>	and any other agreement; or to protect our rights or the rights of<br>	third parties.<br>	This includes exchanging information with other companies and<br>	organizations such as credit agencies, <br>	law enforcement or government bodies or the courts in connection<br>	with a criminal investigation, suspected illegal activity, <br>	fraud prevention and detection or in legal proceedings.<br><br>By using the Products, you consent to the sharing,<br>transfer and/or sale of your personal information as provided in<br>this Privacy Policy and the Terms of Use.   <br>We do not control information which is sent from your browser <br>to third parties, and may not control certain information <br>which is sent from our Products to third parties, <br>including game platforms and analytics companies <br>that receive information in the normal <br>course of your online activities.<br><br>Personal information may be transferred to other <br>countries where SEGA <br>or our service providers maintain operations. <br>These countries may not have equivalent data protection <br>laws to the country from where you access the Products or, <br>in the case of transfers subject to European law, <br>may not be subject to an adequacy decision <br>by the European Commission (EC). <br>An adequacy decision is a decision taken by the EC establishing <br>that a third country provides a comparable level of <br>protection of personal data to that in the EU, through <br>its domestic law or its international commitments.<br>Where SEGA transfers personal information <br>we will seek to take account of any applicable legal <br>obligations relevant to personal information transfers. <br><br>In the case of transfers of personal information subject to <br>the law of the European Union to a country <br>which is not part of the European Economic Area, <br>we will, in the absence of an EC adequacy decision relevant <br>to the destination country, seek to rely on appropriate safeguards <br>such as a valid Privacy Shield certification <br>(in the case of a data transfer to a Privacy Shield certified US <br>recipient - Please visit https://www.privacyshield.gov/welcome for <br>more information) or enter into appropriate EC approved standard <br>contractual clauses relevant to <br>personal data transfers between data <br>controllers or between a data controller and a data processor, <br>(please visit https://ec.europa.eu/justice/data-protection/<br>international-transfers/transfer/index_en.htm for more information)."
Personal,0,PrivacyDelMessage2,"<br>4.	Security and data retention <br>We place great importance on the steps we take, <br>including physical, <br>technical and organizational measures, to protect your information <br>from unauthorized access and against unlawful processing, <br>accidental loss, destruction and damage.<br>Where you have chosen a password which allows you to access <br>any of the Products, you are responsible <br>for keeping this password confidential. <br><br>We advise you not to share your password with anyone. <br>We will not be liable for any unauthorized transactions <br>entered into using your username, <br>personal information and/or password. <br>Your personal information will be retained by us <br>for the duration of your use or access to our Products and <br>may be retained for a period after this time as <br>necessary and relevant to our legitimate operations, <br>our terms with you and in accordance <br>with applicable laws and obligations. <br>This may include retention necessary to meet our tax reporting <br>requirements as well as time required to <br>enforce any obligations <br>in our agreements, the relevant terms of service, <br>any game “sun-setting” requirements or to identify, <br>issue or resolve legal proceedings.  <br>We may retain a record of your stated objection <br>to the processing of your data, <br>including in respect of an objection <br>to receiving marketing communications, <br>for the sole purpose of ensuring that we can continue to respect <br>your wishes to not contact you further, <br>during the term of your objection.<br>We will take appropriate steps to seek to destroy or permanently <br>de-identify personal information at the point <br>this information is no longer needed by us for our business <br>or legal purposes. <br>For more information about exercising your rights with respect <br>to our data processing activities, or if you no longer <br>wish to use our Products, see details below <br>about your choices and rights. <br><br>5.	Your choices and rights<br>You have options and choices over how we use your information. <br>We provide you with tools to access and <br>update specific information <br>relating to your use of the Products at any time. <br>If you need to sign in to access certain Products, <br>you can update and amend your key contact information directly. <br>We respect the rights you may have under applicable law to <br>request access to your personal information and <br>where applicable, <br>to request to receive that information in a commonly <br>used electronic format (or ask for this information <br>to be provided in that format to a third party where feasible). <br><br>You may also have the right under applicable law to request <br>the correction or erasure of your personal information, <br>to seek to object to the further processing under certain <br>circumstances of your information or to <br>request that the processing of specific information <br>about you is restricted while <br>we verify or investigate your concerns about this information. <br>We do not verify the correctness of your personal information. <br><br>If you remain unhappy with a response you receive,<br>and are in the European Union, you can also refer the matte<br>to your data protection supervisory authority<br>(see http://ec.europa.eu/justice/data-protection/bodies/<br>authorities/index_en.htm).<br><br>For California Residents<br>Your California Privacy Rights <br><br>California Civil Code Section 1798.83 (“Shine the Light”) permits<br>our customers who are California residents to request ,<br>once per calendar year, the following information from us:<br>  (i) a list of the kinds of personal information that we have <br>  disclosed to third parties for direct marketing purposes during<br>  the preceding calendar year; and <br>  (ii) the names and addresses of all of the third parties <br>  that received personal information from us for<br>  direct marketing purposes during the preceding calendar year.. <br>  For inquiries regarding our disclosure policy,<br>  please contact us as described below in Section 7 “Contact Us”.<br>  Requests must include “California Privacy Rights Request”<br>  in the first line of the description and include your name,<br>  street address, city, state, and ZIP code.<br>  <br>Your Rights under the <br>California Consumer Privacy Act (the “CCPA”)<br>Our customers who are California residents have the following<br>rights under the CCPA: <br>•	The right to request the deletion of their personal information;<br><br>•	With respect to the collection of personal information,<br>  the right to request, not more than twice in any <br>  twelve (12) month period, the following: <br>  (i) categories of personal information we have collected <br>  about that consumer; <br>  (ii) categories of sources from which the personal<br>  information is collected; <br>  (iii) business or commercial purpose for collecting or <br>  selling personal information; <br>  (iv) categories of third parties with<br>  whom we share personal information; and <br>  (v) specific pieces of personal information <br>  we have collected about you;<br><br>•	With respect to the sale and/or disclosure of<br>  personal information, the right to request, <br>  not more than twice in any twelve (12) month period,<br>  the following:<br>  (i) categories of personal information that<br>  we have  collected about the consumer; <br>  (ii) categories of personal information that <br>  we have sold about the consumer and <br>  the categories of third parties<br>  to whom the personal information was sold,<br>  by category or categories of personal information <br>  for each third party to whom the <br>  personal information was sold; and<br>  (iii) categories of personal information that we have disclosed<br>  about the consumer for a business purpose; <br><br>•	The right to opt-out of the sale of personal information; and<br><br>•	The right to not be discriminated against for exercising <br>  any of the above described rights. <br>To exercise any of your rights under the CCPA,<br>please contact us at our website at https://pso2.com and <br>be ready to provide your name, address, and email.  <br><br>We may ask for other information in order to <br>confirm your identity.<br>Any information we receive from you in order to <br>confirm your identity will solely be used for <br>such verification purposes. <br>We do not believe that we have sold consumers’ personal data <br>in the preceding twelve (12) months or that<br>our website collects any personal information without consent.<br><br><br>Categories of Personal Information Collected<br> Registration Information<br><br>Categories of Sources from which the <br>Personal Information is Collected	<br> Information you give us when you sign up to <br>access our Products,<br>or other information you choose to give us.	<br>The Business or Commercial Purpose for <br>Collecting Personal Information	<br>(i) To create your profile and so you can access our Products;<br>(ii) To provide Products you request;<br>(iii) To identify you when you sign-in;<br>(iv) To give you access to your user preferences;<br>(v) To contact you for your views on our Products;<br>(vi) To allow participation in special events or contests<br>  (if specifically approved by you);<br>(vii) To notify you of changes or updates to our Products; and<br>(viii) For marketing purposes,<br>  based on your communication preferences.<br><br>The Categories of Third Parties With <br>Whom We Share Personal Information<br>(i) Affiliates within the wider SEGA group.<br>(ii) Third party service providers who carry out various activities<br>  and services in support of or for the benefit of our Products.<br>(iii) Advertising Partners for the service of advertisements <br>  within our Products.<br>(iv) Marketing Partners for marketing or promotions <br>  based on your communication preferences.<br><br>Categories of Personal Information Collected	<br> Billing Information<br><br>Categories of Sources from which the <br>Personal Information is Collected	<br> Information provided by you and/or third party stores	<br>The Business or Commercial Purpose for<br>Collecting Personal Information	<br>(i) To verify your purchase of our Products and<br>   process any refunds;<br>(ii) To reply to any queries and questions and<br>  to resolve billing-related problems;<br>(iii) To carry out analysis and research to <br>   develop our Products; and<br>(iv) To protect you and the Products by seeking to detect and<br>  prevent fraud or other acts in breach of our terms of service<br>  or policies relevant to the Products.<br><br>The Categories of Third Parties With <br>Whom We Share Personal Information<br>(i) Affiliates within the wider SEGA group.<br>(ii) Third party service providers who carry out various activities<br>  and services in support of or for the benefit of our Products.<br>(iii) Advertising Partners for the service of advertisements <br>  within our Products.<br>(iv) Marketing Partners for marketing or promotions <br>  based on your communication preferences.<br><br>Categories of Personal Information Collected	<br> Technical and Device Information<br><br>Categories of Sources from which the<br>Personal Information is Collected	<br> Information from your mobile or computer device <br>when you use our Products.	<br>The Business or Commercial Purpose for<br>Collecting Personal Information	<br>(i) To provide you with an optimal experience;<br>(ii) To understand how you interact with our Products;<br>(iii) To provide Products you request; <br>(iv) To measure and analyze the use and<br>  effectiveness of our Products;<br>(v) To understand which of your devices are using our Products;<br>(vi) To provide safe and fair gaming environments;<br>(vii) To track consents for use of personal information <br>  related to our Products;<br>(viii) To serve advertisements within the Products;<br>(ix) To customize and optimize the targeting of advertising <br>  both on our Products and across third party websites,<br>  apps and products;<br>(x) To operate and improve our Products; and<br>(xi) To fix errors.<br><br>The Categories of Third Parties With <br>Whom We Share Personal Information<br>(i) Affiliates within the wider SEGA group.<br>(ii) Third party service providers who carry out various activities<br>  and services in support of or for the benefit of our Products.<br>(iii) Advertising Partners for the service of <br>  advertisements within our Products.<br>(iv) Marketing Partners for marketing or <br>  promotions based on your communication preferences.<br><br>Categories of Personal Information Collected	<br> Feedback	<br><br>Categories of Sources from which the <br>Personal Information is Collected<br> Your questions, suggestions or views on the Products.<br>The Business or Commercial Purpose for <br>Collecting Personal Information	<br>(i) To reply to your questions or queries;<br>(ii) To record comments and information <br>  which you provide on our gaming forums; and<br>(iii) To conduct analysis and research to improve and <br>  develop the Products.<br> <br>The Categories of Third Parties<br>With Whom We Share Personal Information<br>(i) Affiliates within the wider SEGA group.<br>(ii) Third party service providers who carry out various activities <br>  and services in support of or for the benefit of our Products.<br>(iii) Advertising Partners for the service of <br>  advertisements within our Products.<br>(iv) Marketing Partners for marketing or promotions <br>  based on your communication preferences.<br><br>Categories of Personal Information Collected	<br> Third Party Information	<br><br>Categories of Sources from which the <br>Personal Information is Collected	<br> Information about your use of our Products that is <br>shared with third party platforms and<br>services connected with our Products.	<br>The Business or Commercial Purpose for<br>Collecting Personal Information	<br>(i) To enable us to provide tailored offers to you;<br>(ii) To facilitate sharing on social networks; and<br>(iii) To facilitate your gameplay.<br><br>The Categories of Third Parties With<br>Whom We Share Personal Information<br>(i) Affiliates within the wider SEGA group.<br>(ii) Third party service providers who carry out various activities<br>  and services in support of or for the benefit of our Products.<br>(iii) Advertising Partners for the service of advertisements <br>  within our Products.<br>(iv) Marketing Partners for marketing or promotions <br>  based on your communication preferences.<br><br>We do not believe that we have sold consumers’ personal data <br>in the preceding twelve (12) months.<br><br><br>For Nevada Residents<br><br>Our customers who are Nevada residents have the right <br>at any time to request that we do not sell <br>the following information <br>regarding them to third parties:<br>(1) the customer’s first andlast name;<br>(2) the customer’s physical address which<br>  includes the name of a street and the name of a city or town; <br>(3) the customer’s e-mail address; <br>(4) the customer’s  telephone number; <br>(5) the customer’s social security number; <br>(6) the customer’s identifier that allows a specific person<br>  to be contacted; or <br>(7) any other information concerning a customer collected <br>  from the customer through our Internet website or <br>  online service and maintained in combination <br>  with an identifier in a form that<br>  makes the information personally identifiable.  <br><br>To exercise your right to opt out of the sale of <br>Covered Information under Nevada law, <br>please contact us at dataprivacy@segaamerica.com and <br>be ready to provide your name, address, and email. <br>We may ask for other information in order to <br>confirm your identity.<br>Any information we receive from you in order to confirm <br>your identity will solely be used for such verification purposes. <br>In addition, if you believe that we have not responded to<br>your privacy-related inquiry or your inquiry <br>has not been satisfactorily addressed,<br>please contact Sega of America, Inc.’s <br>Data Protection Officer (dataprivacy@segaamerica.com) or <br>the ESRB at https://www.esrb.org/privacy/contact.jsp.<br><br>6.	Children’s information<br>If SEGA learns that personal information of users <br>under the age of 13 or other applicable age of <br>consent has been collected, <br>other than for support of the internal operations and/or for <br>our legitimate interests, SEGA will take reasonable steps to <br>remove such information. We may collect <br>non-personally identifiable <br>information from children, such as country settings and <br>language settings to ensure compliance <br>with the applicable law for <br>the specified country. If you believe that <br>we may have unintentionally collected personal information <br>about your child, you may contact us using <br>the details provided below.<br><br>7.	Your questions and how to contact us<br>If you have any questions or comments about <br>this policy or our practices you can contact us:<br><br>By email at: help@segaamerica.com<br>By writing to us at:<br>Sega of America, Inc.<br>Attn: Department of Legal & Business Affairs<br>6400 Oak Canyon, Suite 100<br>Irvine, CA 92618, US<br> <br>You can also contact our <br>Data Protection Officer at dataprivacy@segaamerica.com"
Personal,0,AgeLimitCheckTitle,「保護者の同意確認」
Personal,0,AgeLimitCheckMessage,13歳未満の場合、プレイには保護者の同意が必要です。<br>保護者の同意は得られましたか？
Personal,0,AgeLimitCheckTitleNo,「保護者の同意確認」
Personal,0,AgeLimitCheckMessageNo,保護者の同意が得られない場合<br>ゲームを開始できません。<br>タイトル画面に戻ります。
Personal,0,PrivacyPolicyText,$(0)<br>$(1)
Personal,0,AgeLimitCheckGlobalMessage,対象年齢以下のためゲームを開始できません。<br>タイトル画面に戻ります。
Personal,1,PrivacyCheckTitle,POLITICA DE PRIVACIDAD
Personal,1,PrivacyCheckMessage,tps://support.pso2.com
Personal,1,PrivacyCheckMessage1,.htm para mas informacion).
Personal,1,PrivacyCheckMessage2,"<br>4. Seguridad y retencion de datos <br>Damos gran importancia a los pasos que tomamos, <br>incluyendo medidas fisicas, <br>tecnicas y organizativas, para proteger tu informacion <br>contra el acceso no autorizado y contra el procesamiento ilegal, <br>perdida accidental, destruccion y daño.<br>Donde hayas elegido una contraseña que te permita acceder <br>a cualquiera de los Productos, eres responsable <br>de mantener esta contraseña confidencial. <br><br>Te aconsejamos no compartir tu contraseña con nadie. <br>No seremos responsables de ninguna transaccion no autorizada <br>ingresada usando tu nombre de usuario, <br>informacion personal y/o contraseña. <br>Tu informacion personal sera retenida por nosotros <br>por la duracion de tu uso o acceso a nuestros Productos y <br>puede ser retenida por un periodo despues de este tiempo segun <br>sea necesario y relevante para nuestras operaciones legitimas, <br>nuestros terminos contigo y de acuerdo <br>con las leyes y obligaciones aplicables. <br>Esto puede incluir la retencion necesaria para cumplir con nuestros requisitos <br>de reporte de impuestos, asi como el tiempo requerido para <br>hacer cumplir cualquier obligacion <br>en nuestros acuerdos, los terminos de servicio relevantes, <br>cualquier requisito de “cierre” de juego o para identificar, <br>emitir o resolver procedimientos legales. <br>Podemos retener un registro de tu objecion declarada <br>al procesamiento de tus datos, <br>incluso con respecto a una objecion <br>a recibir comunicaciones de marketing, <br>con el unico proposito de asegurar que podamos seguir respetando <br>tus deseos de no contactarte mas, <br>durante el termino de tu objecion.<br>Tomaremos las medidas apropiadas para buscar destruir o identificar permanentemente <br>como anonima la informacion personal en el punto <br>en que esta informacion ya no sea necesaria para nosotros para nuestros propositos comerciales <br>o legales. <br>Para mas informacion sobre como ejercer tus derechos con respecto <br>a nuestras actividades de procesamiento de datos, o si ya no <br>deseas usar nuestros Productos, mira los detalles a continuacion <br>sobre tus opciones y derechos. <br><br>5. Tus opciones y derechos<br>Tienes opciones y elecciones sobre como usamos tu informacion. <br>Te proporcionamos herramientas para acceder y <br>actualizar informacion especifica <br>relacionada con tu uso de los Productos en cualquier momento. <br>Si necesitas iniciar sesion para acceder a ciertos Productos, <br>puedes actualizar y enmendar tu informacion de contacto clave directamente. <br>Respetamos los derechos que puedas tener bajo la ley aplicable para <br>solicitar acceso a tu informacion personal y <br>donde sea aplicable, <br>a solicitar recibir esa informacion en un formato electronico comunmente <br>usado (o pedir que esta informacion <br>sea proporcionada en ese formato a un tercero donde sea factible). <br><br>Tambien puedes tener el derecho bajo la ley aplicable a solicitar <br>la correccion o eliminacion de tu informacion personal, <br>a buscar objetar el procesamiento posterior bajo ciertas <br>circunstancias de tu informacion o a <br>solicitar que el procesamiento de informacion especifica <br>sobre ti sea restringido mientras <br>verificamos o investigamos tus preocupaciones sobre esta informacion. <br>No verificamos la correccion de tu informacion personal. <br><br>Si permaneces insatisfecho con una respuesta que recibes,<br>y estas en la Union Europea, tambien puedes referir el asunto<br>a tu autoridad supervisora de proteccion de datos<br>(ver http://ec.europa.eu/justice/data-protection/bodies/<br>authorities/index_en.htm).<br><br>Para residentes de California<br>Tus derechos de privacidad en California <br><br>La Seccion 1798.83 del Codigo Civil de California (“Shine the Light”) permite<br>a nuestros clientes que son residentes de California solicitar, <br>una vez por año calendario, la siguiente informacion de nosotros:<br> (i) una lista de los tipos de informacion personal que hemos <br> divulgado a terceros para fines de marketing directo durante<br> el año calendario anterior; y <br> (ii) los nombres y direcciones de todos los terceros <br> que recibieron informacion personal de nosotros para<br> fines de marketing directo durante el año calendario anterior. <br> Para consultas respecto a nuestra politica de divulgacion,<br> por favor contactanos como se describe a continuacion en la Seccion 7 “Contactanos”.<br> Las solicitudes deben incluir “California Privacy Rights Request”<br> en la primera linea de la descripcion e incluir tu nombre,<br> direccion, ciudad, estado y codigo postal.<br> <br>Tus derechos bajo la <br>Ley de Privacidad del Consumidor de California (la “CCPA”)<br>Nuestros clientes que son residentes de California tienen los siguientes<br>derechos bajo la CCPA: <br>• El derecho a solicitar la eliminacion de su informacion personal;<br><br>• Con respecto a la recoleccion de informacion personal,<br> el derecho a solicitar, no mas de dos veces en cualquier <br> periodo de doce (12) meses, lo siguiente: <br> (i) categorias de informacion personal que hemos recolectado <br> sobre ese consumidor; <br> (ii) categorias de fuentes de las cuales la personal<br> informacion es recolectada; <br> (iii) proposito comercial o de negocios para recolectar o <br> vender informacion personal; <br> (iv) categorias de terceros con<br> quienes compartimos informacion personal; y <br> (v) piezas especificas de informacion personal <br> que hemos recolectado sobre ti;<br><br>• Con respecto a la venta y/o divulgacion de<br> personal informacion, el derecho a solicitar, <br> no mas de dos veces en cualquier periodo de doce (12) meses,<br> lo siguiente:<br> (i) categorias de informacion personal que<br> hemos recolectado sobre el consumidor; <br> (ii) categorias de informacion personal que <br> hemos vendido sobre el consumidor y <br> las categorias de terceros<br> a quienes la informacion personal fue vendida,<br> por categoria o categorias de informacion personal <br> para cada tercero a quien la <br> informacion personal fue vendida; y<br> (iii) categorias de informacion personal que hemos divulgado<br> sobre el consumidor para un proposito comercial; <br><br>• El derecho a optar por no participar en la venta de informacion personal; y<br><br>• El derecho a no ser discriminado por ejercer <br> cualquiera de los derechos arriba descritos. <br>Para ejercer cualquiera de tus derechos bajo la CCPA,<br>por favor contactanos en nuestro sitio web en https://pso2.com y <br>estate listo para proporcionar tu nombre, direccion y correo electronico. <br><br>Podemos pedir otra informacion para <br>confirmar tu identidad.<br>Cualquier informacion que recibamos de ti para <br>confirmar tu identidad sera usada unicamente para <br>tales propositos de verificacion. <br>No creemos haber vendido datos personales de consumidores <br>en los doce (12) meses precedentes o que<br>nuestro sitio web recopile cualquier informacion personal sin consentimiento.<br><br><br>Categorias de Informacion Personal Recopilada<br> Informacion de Registro<br><br>Categorias de Fuentes de las cuales la <br>Informacion Personal es Recopilada <br> Informacion que nos das cuando te registras para <br>acceder a nuestros Productos,<br>u otra informacion que elijas darnos. <br>El Proposito Comercial o de Negocios para <br>Recopilar Informacion Personal <br>(i) Para crear tu perfil y para que puedas acceder a nuestros Productos;<br>(ii) Para proporcionar los Productos que solicitas;<br>(iii) Para identificarte cuando inicias sesion;<br>(iv) Para darte acceso a tus preferencias de usuario;<br>(v) Para contactarte para conocer tus puntos de vista sobre nuestros Productos;<br>(vi) Para permitir la participacion en eventos especiales o concursos<br> (si son especificamente aprobados por ti);<br>(vii) Para notificarte de cambios o actualizaciones a nuestros Productos; y<br>(viii) Para fines de marketing,<br> basado en tus preferencias de comunicacion.<br><br>Las Categorias de Terceros con <br>Quienes Compartimos Informacion Personal<br>(i) Afiliados dentro del grupo mas amplio de SEGA.<br>(ii) Proveedores de servicios de terceros que llevan a cabo diversas actividades<br> y servicios en apoyo o en beneficio de nuestros Productos.<br>(iii) Socios publicitarios para el servicio de anuncios <br> dentro de nuestros Productos.<br>(iv) Socios de marketing para marketing o promociones <br> basados en tus preferencias de comunicacion.<br><br>Categorias de Informacion Personal Recopilada <br> Informacion de Facturacion<br><br>Categorias de Fuentes de las cuales la <br>Informacion Personal es Recopilada <br> Informacion proporcionada por ti y/o tiendas de terceros <br>El Proposito Comercial o de Negocios para<br>Recopilar Informacion Personal <br>(i) Para verificar tu compra de nuestros Productos y<br> procesar cualquier reembolso;<br>(ii) Para responder a cualquier consulta y pregunta y<br> para resolver problemas relacionados con la facturacion;<br>(iii) Para llevar a cabo analisis e investigacion para <br> desarrollar nuestros Productos; y<br>(iv) Para protegerte a ti y a los Productos buscando detectar y<br> prevenir fraudes u otros actos en incumplimiento de nuestros terminos de servicio <br> o politicas relevantes para los Productos.<br><br>Las Categorias de Terceros con <br>Quienes Compartimos Informacion Personal<br>(i) Afiliados dentro del grupo mas amplio de SEGA.<br>(ii) Proveedores de servicios de terceros que llevan a cabo diversas actividades<br> y servicios en apoyo o en beneficio de nuestros Productos.<br>(iii) Socios publicitarios para el servicio de anuncios <br> dentro de nuestros Productos.<br>(iv) Socios de marketing para marketing o promociones <br> basados en tus preferencias de comunicacion.<br><br>Categorias de Informacion Personal Recopilada <br> Informacion Tecnica y del Dispositivo<br><br>Categorias de Fuentes de las cuales la<br>Informacion Personal es Recopilada <br> Informacion de tu dispositivo movil o computadora <br>cuando usas nuestros Productos. <br>El Proposito Comercial o de Negocios para<br>Recopilar Informacion Personal <br>(i) Para proporcionarte una experiencia optima;<br>(ii) Para entender como interactuas con nuestros Productos;<br>(iii) Para proporcionar Productos que solicitas; <br>(iv) Para medir y analizar el uso y<br> efectividad de nuestros Productos;<br>(v) Para entender cuales de tus dispositivos estan usando nuestros Productos;<br>(vi) Para proporcionar entornos de juego seguros y justos;<br>(vii) Para rastrear consentimientos para el uso de informacion personal <br> relacionada con nuestros Productos;<br>(viii) Para servir anuncios dentro de los Productos;<br>(ix) Para personalizar y optimizar la orientacion de publicidad <br> tanto en nuestros Productos como a traves de sitios web de terceros,<br> aplicaciones y productos;<br>(x) Para operar y mejorar nuestros Productos; y<br>(xi) Para corregir errores.<br><br>Las Categorias de Terceros con <br>Quienes Compartimos Informacion Personal<br>(i) Afiliados dentro del grupo mas amplio de SEGA.<br>(ii) Proveedores de servicios de terceros que llevan a cabo diversas actividades<br> y servicios en apoyo o en beneficio de nuestros Productos.<br>(iii) Socios publicitarios para el servicio de <br> anuncios dentro de nuestros Productos.<br>(iv) Socios de marketing para marketing o <br> promociones basados en tus preferencias de comunicacion.<br><br>Categorias de Informacion Personal Recopilada <br> Retroalimentacion <br><br>Categorias de Fuentes de las cuales la <br>Informacion Personal es Recopilada<br> Tus preguntas, sugerencias o puntos de vista sobre los Productos.<br>El Proposito Comercial o de Negocios para <br>Recopilar Informacion Personal <br>(i) Para responder a tus preguntas o consultas;<br>(ii) Para registrar comentarios e informacion <br> que proporcionas en nuestros foros de juegos; y<br>(iii) Para conducir analisis e investigacion para mejorar y <br> desarrollar los Productos.<br> <br>Las Categorias de Terceros<br>Con Quienes Compartimos Informacion Personal<br>(i) Afiliados dentro del grupo mas amplio de SEGA.<br>(ii) Proveedores de servicios de terceros que llevan a cabo diversas actividades <br> y servicios en apoyo o en beneficio de nuestros Productos.<br>(iii) Socios publicitarios para el servicio de <br> anuncios dentro de nuestros Productos.<br>(iv) Socios de marketing para marketing o promociones <br> basados en tus preferencias de comunicacion.<br><br>Categorias de Informacion Personal Recopilada <br> Informacion de Terceros <br><br>Categorias de Fuentes de las cuales la <br>Informacion Personal es Recopilada <br> Informacion sobre tu uso de nuestros Productos que es <br>compartida con plataformas de terceros y<br>servicios conectados con nuestros Productos. <br>El Proposito Comercial o de Negocios para<br>Recopilar Informacion Personal <br>(i) Para permitirnos proporcionarte ofertas personalizadas;<br>(ii) Para facilitar el intercambio en redes sociales; y<br>(iii) Para facilitar tu juego.<br><br>Las Categorias de Terceros con<br>Quienes Compartimos Informacion Personal<br>(i) Afiliados dentro del grupo mas amplio de SEGA.<br>(ii) Proveedores de servicios de terceros que llevan a cabo diversas actividades<br> y servicios en apoyo o en beneficio de nuestros Productos.<br>(iii) Socios publicitarios para el servicio de anuncios <br> dentro de nuestros Productos.<br>(iv) Socios de marketing para marketing o promociones <br> basados en tus preferencias de comunicacion.<br><br>No creemos haber vendido datos personales de consumidores <br>en los doce (12) meses precedentes.<br><br><br>Para Residentes de Nevada<br><br>Nuestros clientes que son residentes de Nevada tienen el derecho <br>en cualquier momento a solicitar que no vendamos <br>la siguiente informacion <br>respecto a ellos a terceros:<br>(1) el nombre y apellido del cliente;<br>(2) la direccion fisica del cliente que<br> incluye el nombre de una calle y el nombre de una ciudad o pueblo; <br>(3) la direccion de correo electronico del cliente; <br>(4) el numero de telefono del cliente; <br>(5) el numero de seguro social del cliente; <br>(6) el identificador del cliente que permite que una persona especifica<br> sea contactada; o <br>(7) cualquier otra informacion sobre un cliente recopilada <br> del cliente a traves de nuestro sitio web de Internet o <br> servicio en linea y mantenida en combinacion <br> con un identificador en una forma que<br> hace que la informacion sea personalmente identificable. <br><br>Para ejercer tu derecho a optar por no participar en la venta de <br>Informacion Cubierta bajo la ley de Nevada, <br>por favor contactanos en dataprivacy@segaamerica.com y <br>estate listo para proporcionar tu nombre, direccion y correo electronico. <br>Podemos pedir otra informacion para <br>confirmar tu identidad.<br>Cualquier informacion que recibamos de ti para confirmar <br>tu identidad sera usada unicamente para tales propositos de verificacion. <br>Ademas, si crees que no hemos respondido a<br>tu consulta relacionada con la privacidad o tu consulta <br>no ha sido abordada satisfactoriamente,<br>por favor contacta al Oficial de Proteccion de Datos de Sega of America, Inc.’s <br>(dataprivacy@segaamerica.com) o <br>al ESRB en https://www.esrb.org/privacy/contact.jsp.<br><br>6. Informacion de menores<br>Si SEGA se entera de que informacion personal de usuarios <br>menores de 13 años u otra edad de <br>consentimiento aplicable ha sido recopilada, <br>aparte de para el soporte de operaciones internas y/o para <br>nuestros intereses legitimos, SEGA tomara medidas razonables para <br>eliminar dicha informacion. Podemos recopilar <br>informacion no personalmente identificable <br>de menores, como configuraciones de pais y <br>configuraciones de idioma para asegurar el cumplimiento <br>con la ley aplicable para <br>el pais especificado. Si crees que <br>podemos haber recopilado involuntariamente informacion personal <br>sobre tu hijo, puedes contactarnos usando <br>los detalles proporcionados a continuacion.<br><br>7. Tus preguntas y como contactarnos<br>Si tienes alguna pregunta o comentario sobre <br>esta politica o nuestras practicas puedes contactarnos:<br><br>Por correo electronico a: help@segaamerica.com<br>Escribiendonos a:<br>Sega of America, Inc.<br>Attn: Department of Legal & Business Affairs<br>6400 Oak Canyon, Suite 100<br>Irvine, CA 92618, US<br> <br>Tambien puedes contactar a nuestro <br>Oficial de Proteccion de Datos en dataprivacy@segaamerica.com"
Personal,1,PrivacyCheckDenial,Si no permites la adquisicion de informacion de privacidad
Personal,1,DobCheckTitle,Verificacion de edad
Personal,1,DobCheckMessage,Se requiere verificar tu edad para jugar a Phantasy Star Online 2.<br>Por favor
Personal,1,DobCheckMonth,mes
Personal,1,DobCheckDay,dia
Personal,1,DobCheckYear,Año
Personal,1,PrivacyDelTitle,POLITICA DE PRIVACIDAD
Personal,1,PrivacyDelMessage,<br>4. Seguridad y retencion de datos <br>Damos gran importancia a los pasos que tomamos
Personal,1,PrivacyDelMessage1,.htm para mas informacion).
Personal,1,PrivacyDelMessage2,<br>4. Seguridad y retencion de datos <br>Damos gran importancia a los pasos que tomamos
Personal,1,AgeLimitCheckTitle,1.
Personal,1,AgeLimitCheckMessage,Recopilamos información personal sobre usted y los dispositivos que utiliza para acceder e interactuar con nosotros y nuestros productos.<br>Recopilamos:
Personal,1,AgeLimitCheckMessageNo,(a) Informacion de registro:
Personal,1,PrivacyPolicyText,$(0)<br>$(1)
Personal,1,AgeLimitCheckGlobalMessage,No puedes iniciar el juego porque tienes menos de la edad especificada. Volviendo a la pantalla de titulo.
StartMenu,0,StartMenu_AccountLinkageCodePublish,アカウント連携コード発行
StartMenuHint,0,StartMenu_AccountLinkageCodePublish,他プラットフォームでも同じアカウントで<br>遊ぶためのコードを発行します
SupportMenu,0,SupportMenu_AccountLinkageReleaseMS,アカウント連携解除
SupportMenu,0,SupportMenu_AccountLinkageReleaseSteam,アカウント連携解除
SupportMenu,0,SupportMenu_Privacy,プライバシーポリシー確認
SupportMenu,0,SupportMenu_AccountLinkageCodePublish,アカウント連携コード発行
SupportMenu,0,SupportMenu_AccountLinkageAmazon,Amazonアカウント連携
SupportMenu,1,SupportMenu_AccountLinkageReleaseMS,Desvincular cuenta
SupportMenu,1,SupportMenu_AccountLinkageReleaseSteam,Desvincular cuenta
SupportMenu,1,SupportMenu_Privacy,Confirmar politica de privacidad
SupportMenu,1,SupportMenu_AccountLinkageCodePublish,Emitir codigo de enlace de cuenta
SupportMenu,1,SupportMenu_AccountLinkageAmazon,Vincular cuenta de Amazon
SupportMenuHint,0,SupportMenu_AccountLinkageReleaseMS,現在ログインしているプラットフォームのアカウントと<br>他プラットフォームのアカウント連携を解除します
SupportMenuHint,0,SupportMenu_AccountLinkageReleaseSteam,現在ログインしているプラットフォームのアカウントと<br>他プラットフォームのアカウント連携を解除します
SupportMenuHint,0,SupportMenu_Privacy,プライバシーポリシーについての<br>内容を確認できます。
SupportMenuHint,0,SupportMenu_AccountLinkageCodePublish,他プラットフォームでも<br>現在ログインしているアカウントと<br>同じ『PSO2』のセーブデータで遊ぶための<br>連携コードを発行します
SupportMenuHint,0,SupportMenu_AccountLinkageAmazon,現在ログインしているアカウントと<br>Amazonアカウントを連携して<br>Prime Gamingの特典を受け取れるようにします
SupportMenuHint,1,SupportMenu_AccountLinkageReleaseMS,Esto desvinculará la cuenta de la plataforma en la que has iniciado sesión actualmente de las cuentas en otras plataformas.
SupportMenuHint,1,SupportMenu_AccountLinkageReleaseSteam,Esto desvinculará la cuenta de la plataforma en la que has iniciado sesión actualmente de las cuentas en otras plataformas.
SupportMenuHint,1,SupportMenu_Privacy,Consulta el contenido de la política de privacidad de PSO2.
SupportMenuHint,1,SupportMenu_AccountLinkageCodePublish,Esto te dará un código que te permitirá transferir tus datos guardados a cuentas de PSO2 en otras plataformas.
SupportMenuHint,1,SupportMenu_AccountLinkageAmazon,Vincula la cuenta en la que has iniciado sesión actualmente con tu cuenta de Amazon<br>y obtén recompensas de Prime Gaming.
TitleLogo,0,AccountPickerLabel,<pict na_y> button: Switch Accounts
TitleLogo,0,AccountPickerLabel_mmm,[Tab] key: Switch Accounts
TitleLogo,0,XboxEmptyUserName,Current User: NO USER
TitleLogo,0,XboxUserName,Current Gamertag: $(0)
TitleLogo,0,TitleLogo_ooo,PRESS <pict na_a> BUTTON
TitleLogo,1,AccountPickerLabel,Botón <pict na_y>: Cambiar de cuenta
TitleLogo,1,AccountPickerLabel_mmm,Tecla [Tab]: Cambiar de cuenta
TitleLogo,1,XboxEmptyUserName,Usuario actual: NINGÚN USUARIO
TitleLogo,1,XboxUserName,Gamertag actual: $(0)
TitleLogo,1,TitleLogo_ooo,PRESIONA EL BOTÓN <pict na_a>
UseAgreement,0,UseAgreement_Title,『ファンタシースターオンライン2』利用規約
UseAgreement,0,UseAgreement_xone_Message,"SEGA TERMS OF USE<br>Effective Date: <br>SEGA (“SEGA” or “we”) provides games and related services, which we make available via our website(s), third party websites and as applications for console and computer devices (the """"Applications""""). The social games, related services and Applications are collectively referred to herein as the """"Services"""". Please read carefully the following terms and conditions<br> (""""Terms"""") and SEGA’s Privacy Policy. These Terms govern your access to and use of the Services and Collective Content (defined below), and constitute a binding legal agreement between you and SEGA.<br>KEY CONTENT-RELATED TERMS<br>""""Collective Content"""" means, collectively, SEGA Content and User Content.<br>""""Content"""" means text, graphics, images, music, software (excluding the Applications), audio, video, information or other materials.<br>""""SEGA Content"""" means Content that SEGA makes available through <br>the Services, including any Content licensed from a third party and Virtual Goods and Virtual Currency (defined below), but excluding User Content.<br>""""User"""" means a person who uses, downloads and/or installs any Services.<br>""""User Content"""" means Content that a User posts, uploads, publishes, submits or transmits to be made available through the Services.<br>Certain areas of the Services (and your access to or use of certain areas of the Applications or Collective Content) may have different terms and conditions posted or may require you to agree with and accept additional terms and conditions. If there is a conflict between these Terms and terms and conditions posted for a specific area of the Services or Collective Content, the latter terms and conditions will take precedence with respect to your use of or access to that area of the Services or Collective Content, as applicable.<br>YOU ACKNOWLEDGE AND AGREE THAT, BY ACCESSING OR USING THE SERVICES, OR BY DOWNLOADING OR POSTING ANY CONTENT THROUGH THE SERVICES, YOU ARE INDICATING THAT YOU HAVE READ, AND THAT YOU UNDERSTAND AND AGREE TO BE BOUND BY, THESE TERMS, WHETHER OR NOT YOU HAVE REGISTERED THROUGH THE SERVICES. IF YOU DO NOT AGREE TO THESE TERMS, THEN YOU HAVE NO RIGHT TO ACCESS OR USE THE SERVICES OR COLLECTIVE CONTENT. If you accept or agree to these Terms on behalf of a company or other legal entity, you represent and warrant that you have the authority to bind that company or other legal entity to these Terms and, in such event, """"you"""" and """"your"""" will refer and apply to that company or other legal entity.<br>MODIFICATION<br>SEGA reserves the right, at its sole discretion, to modify, discontinue or terminate the Services or to modify these Terms, at any time and without prior notice. If we modify these Terms, we will post the modification via the Services or provide you with notice of the modification. We will also update the """"Last Updated Date"""" at the top of these Terms. By continuing to access or use Services after we have posted a modification via the Services or have provided you with notice of a modification, you are indicating that you agree to be bound by the modified Terms. If the modified Terms are not acceptable to you, your only recourse is to stop using the Services.<br>ELIGIBILITY<br>The Services are intended solely for persons who are 13 or older. Any access to or use of the Services by anyone under 13 is expressly prohibited. By accessing or using the Services you represent and warrant that you are 13 or older.<br>ACCOUNT REGISTRATION<br>In order to access certain features of the Services and to post any User Content on or through the Services, you may be required to register to create an account (""""Account""""). You agree to provide accurate, current and complete information during the registration process and to update such information to keep it accurate, current and complete. SEGA reserves the right to suspend or terminate your Account if any information provided during the registration process or thereafter proves to be inaccurate, not current or incomplete. You are responsible for safeguarding your password. You agree that you will not disclose your password to any third party and that you will take sole responsibility for any activities or actions under your Account, whether or not you have authorized such activities or actions. You will immediately notify SEGA of any unauthorized use of your Account.<br>You may not purchase, sell, gift or trade any Account, or offer to do same and any such attempt will be null and void. You agree that you have no right to or title in or to any Collective Content (excluding your User Content provided by you), including without limitation, any Virtual Currency or Virtual Goods (defined below) originating in the Services, or any other attributes associated with your Account, except as expressly provided in these Terms.<br>IN-SERVICES CURRENCIES AND GOODS<br>The Services may include a virtual, in-Services currency (""""Virtual Currency""""). Virtual Currency may be (i) obtained through gameplay within the Services, <br>(ii) purchased from SEGA for """"real world"""" money if you are a legal adult in your country of residence, (iii) obtained by exchanging credits or other virtual items from the third party websites through which the Services are available for the Virtual Currency, so long as such an exchange is permitted by the applicable third party website, or (iv) obtained through interaction or participation with certain third-party advertisements and services. SEGA has no control over how such third party websites operate a system of credits or virtual items and whether or not such credits or virtual items can be exchanged with the Virtual Currency, so this method of obtaining Virtual Currency may not always be available to you. In addition, SEGA's Virtual Currency is made available to you at the sole discretion of SEGA and may be discontinued at any time. The Services may also include virtual, in-Services digital items and/or other virtual, in-Services goods and services (collectively, """"Virtual Goods"""") that may be purchased from SEGA within the Services with Virtual Currency. Regardless of the terminology used, Virtual Currency and Virtual Goods may never be redeemed with """"real world"""" money, goods or other items of monetary value from SEGA or any other party.<br>Virtual Goods and Virtual Currency are digital items only. Your right to use any Virtual Goods and Virtual Currency that you obtain are limited to <br>a non-exclusive, non-transferable, non-sublicenseable, revocable right to use such Virtual Goods and Virtual Currency solely for your personal entertainment and non-commercial use and for no other purpose. Except for the limited rights described herein, you have no property interest or right or title in or to any such Virtual Goods or Virtual Currency, which remain the exclusive property of SEGA. As stated above, the existence of a particular offer of Virtual Goods or Virtual Currency is not a commitment by SEGA to maintain or continue to make the Virtual Goods or Virtual Currency available in the future. The scope, variety and type of Virtual Goods and Virtual Currency that you may obtain can change at any time. SEGA has the absolute right to manage, regulate, control, modify or eliminate such Virtual Currency or Virtual Goods as it sees fit in its sole discretion, and SEGA will have no liability to you or anyone for the exercise of such rights.<br>Except where explicitly authorized by SEGA, (i) transfers of Virtual Currency or Virtual Goods are strictly prohibited; (ii) outside of the Services, you may not buy or sell any Virtual Currency or Virtual Goods for """"real world"""" money or otherwise exchange items for value; and (iii) SEGA does not recognize any such purported transfers of Virtual Currency or Virtual Goods, nor the purported <br>sale, gift or trade in the """"real world"""" of anything that appears in the Services. Any attempt to do any of the foregoing is in violation of these Terms and will result in an automatic termination of your rights to use the Virtual Currency or Virtual Goods and may result in termination of your Account, a lifetime ban from the Services and/or possible legal action. You agree that all sales of Virtual Goods and Virtual Currency are final. No refunds will be given, except in SEGA's sole and absolute discretion. All Virtual Goods and Virtual Currency are forfeited if your Account is terminated or suspended for any reason, in SEGA's sole and absolute discretion, or if SEGA discontinues providing the Services.<br>PAYMENT TERMS<br>Certain aspects of the Services are, or may in the future be, provided for a fee or other charge. In the event you choose to use paid aspects of the <br>Services, (e.g., if you decide to purchase Virtual Currency or Virtual Goods), you agree to the pricing, payment and billing policies applicable to such fees and charges, as posted in the Services. All fees are non-refundable and non-transferable except as expressly provided in these Terms. All fees and applicable taxes, if any, are payable in the currency associated with the account you use to purchase paid Services.<br>PRIVACY<br>See SEGA's Privacy Policy for information and notices concerning SEGA's collection and use of your personal information.<br>OWNERSHIP<br>The Services (including, but not limited to, any games, titles, computer code, themes, objects, characters, character names, stories, dialogue, catch phrases, concepts, artwork, animations, sounds, musical compositions, <br>audio-visual effects, methods of operation, moral rights, documentation, in-Services chat transcripts, character profile information, recordings of games played using the Services and server software) and Collective Content are protected by copyright, trademark, and other laws of Japan and foreign countries. You acknowledge and agree that the Services and SEGA Content, including all associated intellectual property rights, are the exclusive property of SEGA and its licensors. <br>You will not remove, alter or obscure any copyright, trademark, service mark or other proprietary rights notices incorporated in or accompanying the Services or Collective Content.<br>LICENSES GRANTED BY SEGA TO SEGA CONTENT AND USER CONTENT<br>Subject to your compliance with the terms and conditions of these Terms, SEGA grants you a limited, non-exclusive, non-transferable license: (i) to access and use any SEGA Content solely for your personal entertainment and non-commercial purposes; and (ii) to view any User Content to which you are permitted access solely for your personal and non-commercial purposes. You have no right to sublicense the license rights granted in this section.<br>You will not use, copy, adapt, modify, prepare derivative works based upon, distribute, license, sell, transfer, publicly display, publicly perform, transmit, stream, broadcast or otherwise exploit the Services or Collective Content, except as expressly permitted in these Terms. No licenses or rights are granted to you by implication or otherwise under any intellectual property rights owned or controlled by SEGA or its licensors, except for the licenses and rights expressly granted in these Terms.<br>LICENSE GRANTED BY USER<br>We may, in our sole discretion, permit Users to post, upload, publish, submit or transmit User Content. By making available any User Content on or through the Services, you hereby grant to SEGA a worldwide, irrevocable, perpetual, non-exclusive, transferable, royalty-free license, with the right to sublicense, to use, view, copy, adapt, modify, distribute, license, transfer, publicly display, publicly perform, transmit, stream, broadcast and otherwise exploit such User Content only on, through or by means of the Services. SEGA does not claim any ownership rights in any User Content and nothing in these Terms will be deemed to restrict any rights that you may have to use and exploit any User Content.<br>You acknowledge and agree that you are solely responsible for all User Content that you make available through the Services. Accordingly, you represent and warrant that: (i) you either are the sole and exclusive owner of all User Content that you make available through the Services or you have all rights, licenses, consents and releases that are necessary to grant to SEGA the rights in such User Content, as contemplated under these Terms; and (ii) neither the User Content nor your posting, uploading, publication, submission or transmittal of the User Content or SEGA's use of the User Content (or any portion thereof) on, through or by means of the Services will infringe, misappropriate or violate a third party's patent, copyright, trademark, trade secret, moral rights or other intellectual property rights, or rights of publicity or privacy, or result in the violation of any applicable law or regulation.<br> <br>FEEDBACK<br>We welcome and encourage you to provide feedback, comments and suggestions for improvements to the Services (""""Feedback""""). You may submit Feedback by emailing us. You acknowledge and agree that if you submit any Feedback to us, you hereby grant to us a non-exclusive, worldwide, perpetual, irrevocable, fully-paid, royalty-free, sub-licensable and transferable license under any and all intellectual property rights that you own or control to use, copy, modify, create derivative works based upon and otherwise exploit the Feedback for any purpose."
UseAgreement,0,UseAgreement_win10_Message,"SEGA TERMS OF USE<br>Effective Date: <br>SEGA (“SEGA” or “we”) provides games and related services, which we make available via our website(s), third party websites and as applications for console and computer devices (the """"Applications""""). The social games, related services and Applications are collectively referred to herein as the """"Services"""". Please read carefully the following terms and conditions<br> (""""Terms"""") and SEGA’s Privacy Policy. These Terms govern your access to and use of the Services and Collective Content (defined below), and constitute a binding legal agreement between you and SEGA.<br>KEY CONTENT-RELATED TERMS<br>""""Collective Content"""" means, collectively, SEGA Content and User Content.<br>""""Content"""" means text, graphics, images, music, software (excluding the Applications), audio, video, information or other materials.<br>""""SEGA Content"""" means Content that SEGA makes available through <br>the Services, including any Content licensed from a third party and Virtual Goods and Virtual Currency (defined below), but excluding User Content.<br>""""User"""" means a person who uses, downloads and/or installs any Services.<br>""""User Content"""" means Content that a User posts, uploads, publishes, submits or transmits to be made available through the Services.<br>Certain areas of the Services (and your access to or use of certain areas of the Applications or Collective Content) may have different terms and conditions posted or may require you to agree with and accept additional terms and conditions. If there is a conflict between these Terms and terms and conditions posted for a specific area of the Services or Collective Content, the latter terms and conditions will take precedence with respect to your use of or access to that area of the Services or Collective Content, as applicable.<br>YOU ACKNOWLEDGE AND AGREE THAT, BY ACCESSING OR USING THE SERVICES, OR BY DOWNLOADING OR POSTING ANY CONTENT THROUGH THE SERVICES, YOU ARE INDICATING THAT YOU HAVE READ, AND THAT YOU UNDERSTAND AND AGREE TO BE BOUND BY, THESE TERMS, WHETHER OR NOT YOU HAVE REGISTERED THROUGH THE SERVICES. IF YOU DO NOT AGREE TO THESE TERMS, THEN YOU HAVE NO RIGHT TO ACCESS OR USE THE SERVICES OR COLLECTIVE CONTENT. If you accept or agree to these Terms on behalf of a company or other legal entity, you represent and warrant that you have the authority to bind that company or other legal entity to these Terms and, in such event, """"you"""" and """"your"""" will refer and apply to that company or other legal entity.<br>MODIFICATION<br>SEGA reserves the right, at its sole discretion, to modify, discontinue or terminate the Services or to modify these Terms, at any time and without prior notice. If we modify these Terms, we will post the modification via the Services or provide you with notice of the modification. We will also update the """"Last Updated Date"""" at the top of these Terms. By continuing to access or use Services after we have posted a modification via the Services or have provided you with notice of a modification, you are indicating that you agree to be bound by the modified Terms. If the modified Terms are not acceptable to you, your only recourse is to stop using the Services.<br>ELIGIBILITY<br>The Services are intended solely for persons who are 13 or older. Any access to or use of the Services by anyone under 13 is expressly prohibited. By accessing or using the Services you represent and warrant that you are 13 or older.<br>ACCOUNT REGISTRATION<br>In order to access certain features of the Services and to post any User Content on or through the Services, you may be required to register to create an account (""""Account""""). You agree to provide accurate, current and complete information during the registration process and to update such information to keep it accurate, current and complete. SEGA reserves the right to suspend or terminate your Account if any information provided during the registration process or thereafter proves to be inaccurate, not current or incomplete. You are responsible for safeguarding your password. You agree that you will not disclose your password to any third party and that you will take sole responsibility for any activities or actions under your Account, whether or not you have authorized such activities or actions. You will immediately notify SEGA of any unauthorized use of your Account.<br>You may not purchase, sell, gift or trade any Account, or offer to do same and any such attempt will be null and void. You agree that you have no right to or title in or to any Collective Content (excluding your User Content provided by you), including without limitation, any Virtual Currency or Virtual Goods (defined below) originating in the Services, or any other attributes associated with your Account, except as expressly provided in these Terms.<br>IN-SERVICES CURRENCIES AND GOODS<br>The Services may include a virtual, in-Services currency (""""Virtual Currency""""). Virtual Currency may be (i) obtained through gameplay within the Services, <br>(ii) purchased from SEGA for """"real world"""" money if you are a legal adult in your country of residence, (iii) obtained by exchanging credits or other virtual items from the third party websites through which the Services are available for the Virtual Currency, so long as such an exchange is permitted by the applicable third party website, or (iv) obtained through interaction or participation with certain third-party advertisements and services. SEGA has no control over how such third party websites operate a system of credits or virtual items and whether or not such credits or virtual items can be exchanged with the Virtual Currency, so this method of obtaining Virtual Currency may not always be available to you. In addition, SEGA's Virtual Currency is made available to you at the sole discretion of SEGA and may be discontinued at any time. The Services may also include virtual, in-Services digital items and/or other virtual, in-Services goods and services (collectively, """"Virtual Goods"""") that may be purchased from SEGA within the Services with Virtual Currency. Regardless of the terminology used, Virtual Currency and Virtual Goods may never be redeemed with """"real world"""" money, goods or other items of monetary value from SEGA or any other party.<br>Virtual Goods and Virtual Currency are digital items only. Your right to use any Virtual Goods and Virtual Currency that you obtain are limited to <br>a non-exclusive, non-transferable, non-sublicenseable, revocable right to use such Virtual Goods and Virtual Currency solely for your personal entertainment and non-commercial use and for no other purpose. Except for the limited rights described herein, you have no property interest or right or title in or to any such Virtual Goods or Virtual Currency, which remain the exclusive property of SEGA. As stated above, the existence of a particular offer of Virtual Goods or Virtual Currency is not a commitment by SEGA to maintain or continue to make the Virtual Goods or Virtual Currency available in the future. The scope, variety and type of Virtual Goods and Virtual Currency that you may obtain can change at any time. SEGA has the absolute right to manage, regulate, control, modify or eliminate such Virtual Currency or Virtual Goods as it sees fit in its sole discretion, and SEGA will have no liability to you or anyone for the exercise of such rights.<br>Except where explicitly authorized by SEGA, (i) transfers of Virtual Currency or Virtual Goods are strictly prohibited; (ii) outside of the Services, you may not buy or sell any Virtual Currency or Virtual Goods for """"real world"""" money or otherwise exchange items for value; and (iii) SEGA does not recognize any such purported transfers of Virtual Currency or Virtual Goods, nor the purported <br>sale, gift or trade in the """"real world"""" of anything that appears in the Services. Any attempt to do any of the foregoing is in violation of these Terms and will result in an automatic termination of your rights to use the Virtual Currency or Virtual Goods and may result in termination of your Account, a lifetime ban from the Services and/or possible legal action. You agree that all sales of Virtual Goods and Virtual Currency are final. No refunds will be given, except in SEGA's sole and absolute discretion. All Virtual Goods and Virtual Currency are forfeited if your Account is terminated or suspended for any reason, in SEGA's sole and absolute discretion, or if SEGA discontinues providing the Services.<br>PAYMENT TERMS<br>Certain aspects of the Services are, or may in the future be, provided for a fee or other charge. In the event you choose to use paid aspects of the <br>Services, (e.g., if you decide to purchase Virtual Currency or Virtual Goods), you agree to the pricing, payment and billing policies applicable to such fees and charges, as posted in the Services. All fees are non-refundable and non-transferable except as expressly provided in these Terms. All fees and applicable taxes, if any, are payable in the currency associated with the account you use to purchase paid Services.<br>PRIVACY<br>See SEGA's Privacy Policy for information and notices concerning SEGA's collection and use of your personal information.<br>OWNERSHIP<br>The Services (including, but not limited to, any games, titles, computer code, themes, objects, characters, character names, stories, dialogue, catch phrases, concepts, artwork, animations, sounds, musical compositions, <br>audio-visual effects, methods of operation, moral rights, documentation, in-Services chat transcripts, character profile information, recordings of games played using the Services and server software) and Collective Content are protected by copyright, trademark, and other laws of Japan and foreign countries. You acknowledge and agree that the Services and SEGA Content, including all associated intellectual property rights, are the exclusive property of SEGA and its licensors. <br>You will not remove, alter or obscure any copyright, trademark, service mark or other proprietary rights notices incorporated in or accompanying the Services or Collective Content.<br>LICENSES GRANTED BY SEGA TO SEGA CONTENT AND USER CONTENT<br>Subject to your compliance with the terms and conditions of these Terms, SEGA grants you a limited, non-exclusive, non-transferable license: (i) to access and use any SEGA Content solely for your personal entertainment and non-commercial purposes; and (ii) to view any User Content to which you are permitted access solely for your personal and non-commercial purposes. You have no right to sublicense the license rights granted in this section.<br>You will not use, copy, adapt, modify, prepare derivative works based upon, distribute, license, sell, transfer, publicly display, publicly perform, transmit, stream, broadcast or otherwise exploit the Services or Collective Content, except as expressly permitted in these Terms. No licenses or rights are granted to you by implication or otherwise under any intellectual property rights owned or controlled by SEGA or its licensors, except for the licenses and rights expressly granted in these Terms.<br>LICENSE GRANTED BY USER<br>We may, in our sole discretion, permit Users to post, upload, publish, submit or transmit User Content. By making available any User Content on or through the Services, you hereby grant to SEGA a worldwide, irrevocable, perpetual, non-exclusive, transferable, royalty-free license, with the right to sublicense, to use, view, copy, adapt, modify, distribute, license, transfer, publicly display, publicly perform, transmit, stream, broadcast and otherwise exploit such User Content only on, through or by means of the Services. SEGA does not claim any ownership rights in any User Content and nothing in these Terms will be deemed to restrict any rights that you may have to use and exploit any User Content.<br>You acknowledge and agree that you are solely responsible for all User Content that you make available through the Services. Accordingly, you represent and warrant that: (i) you either are the sole and exclusive owner of all User Content that you make available through the Services or you have all rights, licenses, consents and releases that are necessary to grant to SEGA the rights in such User Content, as contemplated under these Terms; and (ii) neither the User Content nor your posting, uploading, publication, submission or transmittal of the User Content or SEGA's use of the User Content (or any portion thereof) on, through or by means of the Services will infringe, misappropriate or violate a third party's patent, copyright, trademark, trade secret, moral rights or other intellectual property rights, or rights of publicity or privacy, or result in the violation of any applicable law or regulation.<br> <br>FEEDBACK<br>We welcome and encourage you to provide feedback, comments and suggestions for improvements to the Services (""""Feedback""""). You may submit Feedback by emailing us. You acknowledge and agree that if you submit any Feedback to us, you hereby grant to us a non-exclusive, worldwide, perpetual, irrevocable, fully-paid, royalty-free, sub-licensable and transferable license under any and all intellectual property rights that you own or control to use, copy, modify, create derivative works based upon and otherwise exploit the Feedback for any purpose."
UseAgreement,0,UseAgreement_steam_Message,"SEGA TERMS OF USE<br>Effective Date: <br>SEGA (“SEGA” or “we”) provides games and related services, which we make available via our website(s), third party websites and as applications for console and computer devices (the """"Applications""""). The social games, related services and Applications are collectively referred to herein as the """"Services"""". Please read carefully the following terms and conditions<br> (""""Terms"""") and SEGA’s Privacy Policy. These Terms govern your access to and use of the Services and Collective Content (defined below), and constitute a binding legal agreement between you and SEGA.<br>KEY CONTENT-RELATED TERMS<br>""""Collective Content"""" means, collectively, SEGA Content and User Content.<br>""""Content"""" means text, graphics, images, music, software (excluding the Applications), audio, video, information or other materials.<br>""""SEGA Content"""" means Content that SEGA makes available through <br>the Services, including any Content licensed from a third party and Virtual Goods and Virtual Currency (defined below), but excluding User Content.<br>""""User"""" means a person who uses, downloads and/or installs any Services.<br>""""User Content"""" means Content that a User posts, uploads, publishes, submits or transmits to be made available through the Services.<br>Certain areas of the Services (and your access to or use of certain areas of the Applications or Collective Content) may have different terms and conditions posted or may require you to agree with and accept additional terms and conditions. If there is a conflict between these Terms and terms and conditions posted for a specific area of the Services or Collective Content, the latter terms and conditions will take precedence with respect to your use of or access to that area of the Services or Collective Content, as applicable.<br>YOU ACKNOWLEDGE AND AGREE THAT, BY ACCESSING OR USING THE SERVICES, OR BY DOWNLOADING OR POSTING ANY CONTENT THROUGH THE SERVICES, YOU ARE INDICATING THAT YOU HAVE READ, AND THAT YOU UNDERSTAND AND AGREE TO BE BOUND BY, THESE TERMS, WHETHER OR NOT YOU HAVE REGISTERED THROUGH THE SERVICES. IF YOU DO NOT AGREE TO THESE TERMS, THEN YOU HAVE NO RIGHT TO ACCESS OR USE THE SERVICES OR COLLECTIVE CONTENT. If you accept or agree to these Terms on behalf of a company or other legal entity, you represent and warrant that you have the authority to bind that company or other legal entity to these Terms and, in such event, """"you"""" and """"your"""" will refer and apply to that company or other legal entity.<br>MODIFICATION<br>SEGA reserves the right, at its sole discretion, to modify, discontinue or terminate the Services or to modify these Terms, at any time and without prior notice. If we modify these Terms, we will post the modification via the Services or provide you with notice of the modification. We will also update the """"Last Updated Date"""" at the top of these Terms. By continuing to access or use Services after we have posted a modification via the Services or have provided you with notice of a modification, you are indicating that you agree to be bound by the modified Terms. If the modified Terms are not acceptable to you, your only recourse is to stop using the Services.<br>ELIGIBILITY<br>The Services are intended solely for persons who are 13 or older. Any access to or use of the Services by anyone under 13 is expressly prohibited. By accessing or using the Services you represent and warrant that you are 13 or older.<br>ACCOUNT REGISTRATION<br>In order to access certain features of the Services and to post any User Content on or through the Services, you may be required to register to create an account (""""Account""""). You agree to provide accurate, current and complete information during the registration process and to update such information to keep it accurate, current and complete. SEGA reserves the right to suspend or terminate your Account if any information provided during the registration process or thereafter proves to be inaccurate, not current or incomplete. You are responsible for safeguarding your password. You agree that you will not disclose your password to any third party and that you will take sole responsibility for any activities or actions under your Account, whether or not you have authorized such activities or actions. You will immediately notify SEGA of any unauthorized use of your Account.<br>You may not purchase, sell, gift or trade any Account, or offer to do same and any such attempt will be null and void. You agree that you have no right to or title in or to any Collective Content (excluding your User Content provided by you), including without limitation, any Virtual Currency or Virtual Goods (defined below) originating in the Services, or any other attributes associated with your Account, except as expressly provided in these Terms.<br>IN-SERVICES CURRENCIES AND GOODS<br>The Services may include a virtual, in-Services currency (""""Virtual Currency""""). Virtual Currency may be (i) obtained through gameplay within the Services, <br>(ii) purchased from SEGA for """"real world"""" money if you are a legal adult in your country of residence, (iii) obtained by exchanging credits or other virtual items from the third party websites through which the Services are available for the Virtual Currency, so long as such an exchange is permitted by the applicable third party website, or (iv) obtained through interaction or participation with certain third-party advertisements and services. SEGA has no control over how such third party websites operate a system of credits or virtual items and whether or not such credits or virtual items can be exchanged with the Virtual Currency, so this method of obtaining Virtual Currency may not always be available to you. In addition, SEGA's Virtual Currency is made available to you at the sole discretion of SEGA and may be discontinued at any time. The Services may also include virtual, in-Services digital items and/or other virtual, in-Services goods and services (collectively, """"Virtual Goods"""") that may be purchased from SEGA within the Services with Virtual Currency. Regardless of the terminology used, Virtual Currency and Virtual Goods may never be redeemed with """"real world"""" money, goods or other items of monetary value from SEGA or any other party.<br>Virtual Goods and Virtual Currency are digital items only. Your right to use any Virtual Goods and Virtual Currency that you obtain are limited to <br>a non-exclusive, non-transferable, non-sublicenseable, revocable right to use such Virtual Goods and Virtual Currency solely for your personal entertainment and non-commercial use and for no other purpose. Except for the limited rights described herein, you have no property interest or right or title in or to any such Virtual Goods or Virtual Currency, which remain the exclusive property of SEGA. As stated above, the existence of a particular offer of Virtual Goods or Virtual Currency is not a commitment by SEGA to maintain or continue to make the Virtual Goods or Virtual Currency available in the future. The scope, variety and type of Virtual Goods and Virtual Currency that you may obtain can change at any time. SEGA has the absolute right to manage, regulate, control, modify or eliminate such Virtual Currency or Virtual Goods as it sees fit in its sole discretion, and SEGA will have no liability to you or anyone for the exercise of such rights.<br>Except where explicitly authorized by SEGA, (i) transfers of Virtual Currency or Virtual Goods are strictly prohibited; (ii) outside of the Services, you may not buy or sell any Virtual Currency or Virtual Goods for """"real world"""" money or otherwise exchange items for value; and (iii) SEGA does not recognize any such purported transfers of Virtual Currency or Virtual Goods, nor the purported <br>sale, gift or trade in the """"real world"""" of anything that appears in the Services. Any attempt to do any of the foregoing is in violation of these Terms and will result in an automatic termination of your rights to use the Virtual Currency or Virtual Goods and may result in termination of your Account, a lifetime ban from the Services and/or possible legal action. You agree that all sales of Virtual Goods and Virtual Currency are final. No refunds will be given, except in SEGA's sole and absolute discretion. All Virtual Goods and Virtual Currency are forfeited if your Account is terminated or suspended for any reason, in SEGA's sole and absolute discretion, or if SEGA discontinues providing the Services.<br>PAYMENT TERMS<br>Certain aspects of the Services are, or may in the future be, provided for a fee or other charge. In the event you choose to use paid aspects of the <br>Services, (e.g., if you decide to purchase Virtual Currency or Virtual Goods), you agree to the pricing, payment and billing policies applicable to such fees and charges, as posted in the Services. All fees are non-refundable and non-transferable except as expressly provided in these Terms. All fees and applicable taxes, if any, are payable in the currency associated with the account you use to purchase paid Services.<br>PRIVACY<br>See SEGA's Privacy Policy for information and notices concerning SEGA's collection and use of your personal information.<br>OWNERSHIP<br>The Services (including, but not limited to, any games, titles, computer code, themes, objects, characters, character names, stories, dialogue, catch phrases, concepts, artwork, animations, sounds, musical compositions, <br>audio-visual effects, methods of operation, moral rights, documentation, in-Services chat transcripts, character profile information, recordings of games played using the Services and server software) and Collective Content are protected by copyright, trademark, and other laws of Japan and foreign countries. You acknowledge and agree that the Services and SEGA Content, including all associated intellectual property rights, are the exclusive property of SEGA and its licensors. <br>You will not remove, alter or obscure any copyright, trademark, service mark or other proprietary rights notices incorporated in or accompanying the Services or Collective Content.<br>LICENSES GRANTED BY SEGA TO SEGA CONTENT AND USER CONTENT<br>Subject to your compliance with the terms and conditions of these Terms, SEGA grants you a limited, non-exclusive, non-transferable license: (i) to access and use any SEGA Content solely for your personal entertainment and non-commercial purposes; and (ii) to view any User Content to which you are permitted access solely for your personal and non-commercial purposes. You have no right to sublicense the license rights granted in this section.<br>You will not use, copy, adapt, modify, prepare derivative works based upon, distribute, license, sell, transfer, publicly display, publicly perform, transmit, stream, broadcast or otherwise exploit the Services or Collective Content, except as expressly permitted in these Terms. No licenses or rights are granted to you by implication or otherwise under any intellectual property rights owned or controlled by SEGA or its licensors, except for the licenses and rights expressly granted in these Terms.<br>LICENSE GRANTED BY USER<br>We may, in our sole discretion, permit Users to post, upload, publish, submit or transmit User Content. By making available any User Content on or through the Services, you hereby grant to SEGA a worldwide, irrevocable, perpetual, non-exclusive, transferable, royalty-free license, with the right to sublicense, to use, view, copy, adapt, modify, distribute, license, transfer, publicly display, publicly perform, transmit, stream, broadcast and otherwise exploit such User Content only on, through or by means of the Services. SEGA does not claim any ownership rights in any User Content and nothing in these Terms will be deemed to restrict any rights that you may have to use and exploit any User Content.<br>You acknowledge and agree that you are solely responsible for all User Content that you make available through the Services. Accordingly, you represent and warrant that: (i) you either are the sole and exclusive owner of all User Content that you make available through the Services or you have all rights, licenses, consents and releases that are necessary to grant to SEGA the rights in such User Content, as contemplated under these Terms; and (ii) neither the User Content nor your posting, uploading, publication, submission or transmittal of the User Content or SEGA's use of the User Content (or any portion thereof) on, through or by means of the Services will infringe, misappropriate or violate a third party's patent, copyright, trademark, trade secret, moral rights or other intellectual property rights, or rights of publicity or privacy, or result in the violation of any applicable law or regulation.<br> <br>FEEDBACK<br>We welcome and encourage you to provide feedback, comments and suggestions for improvements to the Services (""""Feedback""""). You may submit Feedback by emailing us. You acknowledge and agree that if you submit any Feedback to us, you hereby grant to us a non-exclusive, worldwide, perpetual, irrevocable, fully-paid, royalty-free, sub-licensable and transferable license under any and all intellectual property rights that you own or control to use, copy, modify, create derivative works based upon and otherwise exploit the Feedback for any purpose."
UseAgreement,0,UseAgreement_Decide,利用規約に同意してプレイする
UseAgreement,0,UseAgreement_Cancel,同意しない
UseAgreement,0,UseAgreement_WebLink,利用規約を確認する
UseAgreement,0,UseAgreementConfirm,利用規約に同意いただけない場合は<br>ゲームをプレイすることができませんが<br>よろしいですか？
UseAgreement,0,UseAgreementURL,https://pso2.com
UseAgreement,0,UseAgreement_xone_Message_break2,"GENERAL PROHIBITIONS<br>You agree not to do any of the following:<br>•	Post, upload, publish, submit or transmit any Content that: (i) infringes, misappropriates or violates a third party's patent, copyright, trademark, trade secret, moral rights or other intellectual property rights, or rights of publicity or privacy; (ii) violates, or encourages any conduct that would violate, any applicable law or regulation or would give rise to civil liability; (iii) is fraudulent, false, misleading or deceptive; (iv) is defamatory, obscene, pornographic, vulgar or offensive; (v) promotes discrimination, bigotry, racism, hatred, harassment or harm against any individual or group; (vi) is violent or threatening or promotes violence or actions that are threatening to any person or entity; or (vii) promotes illegal or harmful activities or substances.<br>•	Use, display, mirror or frame the Services, or any individual element within the Services, SEGA's name, any SEGA trademark, logo or other proprietary information, or the layout and design of the Services, without SEGA's express written consent;<br>•	Access, tamper with, or use non-public areas of the Services, SEGA's computer systems, or the technical delivery systems of SEGA's providers;<br>•	Attempt to probe, scan, or test the vulnerability of any SEGA system or network or breach any security or authentication measures;<br>•	Avoid, bypass, remove, deactivate, impair, descramble or otherwise circumvent any technological measure implemented by SEGA or any of SEGA's servicers or any other third party (including another user) to protect the Services or Collective Content;<br>•	Attempt to access or search the Services or Collective Content or download Collective Content from the Services through the use of any engine, software, tool, agent, device or mechanism (including spiders, robots, crawlers, data mining tools or the like) other than the software and/or search agents provided by SEGA or other generally available third party web browsers;<br>•	Send any unsolicited or unauthorized advertising, promotional materials, email, junk mail, spam, chain letters or other form of solicitation;<br>•	Use any meta tags or other hidden text or metadata utilizing a SEGA trademark, logo URL or product name without SEGA's express written consent;<br>•	Use the Services or Collective Content for any commercial purpose or the benefit of any third party or in any manner not permitted by these Terms;<br>•	Forge any TCP/IP packet header or any part of the header information in any email or newsgroup posting, or in any way use the Services or Collective Content to send altered, deceptive or false source-identifying information;<br>•	Attempt to decipher, decompile, disassemble or reverse engineer any of the software used to provide the Services or Collective Content;<br>•	Interfere with, or attempt to interfere with, the access of any user, host or network, including, without limitation, sending a virus, overloading, flooding, spamming, or mail-bombing the Services;<br>•	Collect or store any personally identifiable information from the Services from other users of the Services without their express permission;<br>•	Impersonate or misrepresent your affiliation with any person or entity;<br>•	Create an Account if you are a registered sex offender;<br>•	Violate any applicable law or regulation; or<br>•	Encourage or enable any other individual to do any of the foregoing.<br> <br>RULES FOR USE OF THE SERVICES<br>In addition to the General Prohibitions listed above, your playing of, and participation in, the Services is governed by specific rules (""""Rules"""") maintained and enforced exclusively by SEGA. Your cooperation in understanding and complying with the Rules is essential to ensure that all Users can enjoy their experience with the Services. According to the Rules, you must:<br>•	respect the rights of other Users to enjoy and play the Services. To this end, you may not defraud, harass, threaten, or cause distress and/or unwanted attention to other Users.<br>•	not spam, flood, or make duplicate posts, post commercial solicitations or ads when engaging in any interaction with other Users or any SEGA employees or agents, including customer service representatives, or otherwise disrupt the normal flow of dialogue, or use sexually explicit, harmful, threatening, abusive, defamatory, obscene, hateful, or racially or ethnically offensive language or link to any such language or content;<br>•	not impersonate any employee or agent including customer service representatives, of SEGA or its affiliates;<br>•	not post or communicate any User's """"real world"""" information (name, address, account name, etc.) through the Services;<br>•	not offer or perform in-Services services for """"real world"""" cash;<br>•	not exchange or transfer - whether in or outside of the Services- any Virtual Currency or Virtual Goods available in the Services, except as permitted by the in-Services play;<br>•	not organize or be a member of any groups within the Services that are based on or espouse any racist, sexist, anti-religious, anti-ethnic, anti-gay or other discriminatory values;<br>•	not exploit any errors in design features which have not been documented, and/or """"bugs"""" to gain access to content that is otherwise not available to Users, or to obtain a competitive advantage over other Users or any other unintended benefit; or communicate the existence of any such errors or """"bugs"""", either directly or through public posting, to other Users. Errors and bugs should be promptly reported to us at -;<br>•	not use any third-party program (such as a """"bot"""") in order to automate gameplay functions, including playing, interacting, or gathering Virtual Currency or Virtual Goods within the Services; or<br>•	not cheat as part of in-Services play or engage in any other conduct that is disrespectful to other Users or contrary to the """"spirit"""" of the Services.<br> <br>ENFORCEMENT<br>SEGA will have the right to investigate and prosecute violations of any of these Terms to the fullest extent of the law, including, without limitation, the General Prohibitions and Rules. SEGA may involve and cooperate with law enforcement authorities in prosecuting users who violate these Terms. You acknowledge that SEGA has no obligation to monitor your access to or use of the Services or Collective Content or to review or edit any Collective Content, but has the right to do so for the purpose of operating the Services, to ensure your compliance with these Terms, or to comply with applicable law or the order or requirement of a court, administrative agency or other governmental body. SEGA reserves the right, at any time and without prior notice, to remove or disable access to any Collective Content that SEGA, at its sole discretion, considers to be in violation of these Terms or otherwise harmful to the Services.<br>COPYRIGHT POLICY<br>SEGA respects copyright law and expects its users to do the same. <br>It is SEGA's policy to terminate in appropriate circumstances Users or other account holders who repeatedly infringe or are believed to be repeatedly infringing the rights of copyright holders.<br>LINKS<br>The Services may contain links to third-party websites or resources. You acknowledge and agree that SEGA is not responsible or liable for: (i) the availability or accuracy of such websites or resources; or (ii) the content, products, or services on or available from such websites or resources. Links to such websites or resources do not imply any endorsement by SEGA of such websites or resources or the content, products, or services available from such websites or resources. You acknowledge sole responsibility for and assume all risk arising from your use of any such websites or resources or the content, products, or services on or available from such websites or resources.<br>TERMINATION AND ACCOUNT CANCELLATION<br>If you breach any of these Terms, SEGA will have the right to suspend or disable your Account or terminate these Terms, at its sole discretion and without prior notice to you. SEGA reserves the right to revoke your access to and use of the Services and Collective Content at any time, with or without cause. In the event SEGA terminates these Terms for your breach, you will remain liable for all amounts due hereunder. You may cancel your Account with SEGA at any time by sending an email to.<br>DISCLAIMERS<br>THE SERVICES AND COLLECTIVE CONTENT ARE PROVIDED """"AS IS"""", WITHOUT WARRANTY OF ANY KIND, EITHER EXPRESS OR IMPLIED. WITHOUT LIMITING THE FOREGOING, SEGA EXPLICITLY DISCLAIMS ANY WARRANTIES OF MERCHANTABILITY, FITNESS FOR A PARTICULAR PURPOSE, QUIET ENJOYMENT OR NON-INFRINGEMENT, AND ANY WARRANTIES ARISING OUT OF COURSE OF DEALING OR USAGE OF TRADE. SEGA MAKES NO WARRANTY THAT THE SERVICES OR COLLECTIVE CONTENT WILL MEET YOUR REQUIREMENTS OR BE AVAILABLE ON AN UNINTERRUPTED, SECURE, OR ERROR-FREE BASIS. SEGA MAKES NO WARRANTY REGARDING THE QUALITY OF ANY PRODUCTS, SERVICES OR COLLECTIVE CONTENT PURCHASED OR OBTAINED THROUGH THE SERVICES OR THE ACCURACY, TIMELINESS, TRUTHFULNESS, COMPLETENESS OR RELIABILITY OF ANY CONTENT OBTAINED THROUGH THE SERVICES.<br>NO ADVICE OR INFORMATION, WHETHER ORAL OR WRITTEN, OBTAINED FROM SEGA OR THROUGH THE SERVICES OR COLLECTIVE CONTENT, WILL CREATE ANY WARRANTY NOT EXPRESSLY MADE HEREIN.<br>THE SERVICES MAY ONLY BE PLAYED ONLINE, OR VIA CONSOLE DEVICE. YOU ARE SOLELY RESPONSIBLE FOR OBTAINING AND MAINTAINING ADEQUATE INTERNET CONNECTIONS AND CONSOLE DEVICE PLANS AND PAYING FOR ANY RELATED CHARGES FOR USE OF THE SERVICES.<br>YOU ARE SOLELY RESPONSIBLE FOR ALL OF YOUR COMMUNICATIONS AND INTERACTIONS WITH OTHER USERS OF THE SERVICES AND WITH OTHER PERSONS WITH WHOM YOU COMMUNICATE OR INTERACT AS A RESULT OF YOUR USE OF THE SERVICES. YOU UNDERSTAND THAT SEGA DOES NOT SCREEN OR INQUIRE INTO THE BACKGROUND OF ANY USERS OF THE SERVICES, NOR DOES SEGA MAKE ANY ATTEMPT TO VERIFY THE STATEMENTS OF USERS OF THE SERVICES. SEGA MAKES NO REPRESENTATIONS OR WARRANTIES AS TO THE CONDUCT OF USERS OF THE SERVICES OR THEIR COMPATIBILITY WITH ANY CURRENT OR FUTURE USERS OF THE SERVICES. YOU AGREE TO TAKE REASONABLE PRECAUTIONS IN ALL COMMUNICATIONS AND INTERACTIONS WITH OTHER USERS OF THE SERVICES AND WITH OTHER PERSONS WITH WHOM YOU COMMUNICATE OR INTERACT AS A RESULT OF YOUR USE OF THE SERVICES, PARTICULARLY IF YOU DECIDE TO MEET OFFLINE OR IN PERSON.<br>INDEMNITY<br>You agree to defend, indemnify, and hold SEGA, its officers, directors, employees and agents, harmless from and against any claims, liabilities, damages, losses, and expenses, including, without limitation, reasonable legal and accounting fees, arising out of or in any way connected with your access to or use of the Services or Collective Content, or your violation of these Terms.<br>LIMITATION OF LIABILITY<br>YOU ACKNOWLEDGE AND AGREE THAT, TO THE MAXIMUM EXTENT PERMITTED BY LAW, THE ENTIRE RISK ARISING OUT OF YOUR ACCESS TO AND USE OF THE SERVICES AND COLLECTIVE CONTENT REMAINS WITH YOU. NEITHER SEGA NOR ANY OTHER PERSON OR ENTITY INVOLVED IN CREATING, PRODUCING, OR DELIVERING THE SERVICES OR COLLECTIVE CONTENT WILL BE LIABLE FOR ANY INCIDENTAL, SPECIAL, EXEMPLARY OR CONSEQUENTIAL DAMAGES, INCLUDING LOST PROFITS, LOSS OF DATA OR LOSS OF GOODWILL, SERVICE INTERRUPTION, COMPUTER DAMAGE OR SYSTEM FAILURE OR THE COST OF SUBSTITUTE PRODUCTS OR SERVICES, OR FOR ANY DAMAGES FOR PERSONAL OR BODILY INJURY OR EMOTIONAL DISTRESS ARISING OUT OF OR IN CONNECTION WITH THESE TERMS OR FROM THE USE OF OR INABILITY TO USE THE SERVICES OR COLLECTIVE CONTENT, OR FROM ANY COMMUNICATIONS, INTERACTIONS OR MEETINGS WITH OTHER USERS OF THE SERVICES OR OTHER PERSONS WITH WHOM YOU COMMUNICATE OR INTERACT AS A RESULT OF YOUR USE OF THE SERVICES WHETHER BASED ON WARRANTY, CONTRACT, TORT (INCLUDING NEGLIGENCE), PRODUCT LIABILITY OR ANY OTHER LEGAL THEORY, AND WHETHER OR NOT SEGA HAS BEEN INFORMED OF THE POSSIBILITY OF SUCH DAMAGE, EVEN IF A LIMITED REMEDY SET FORTH HEREIN IS FOUND TO HAVE FAILED OF ITS ESSENTIAL PURPOSE.<br>IN NO EVENT WILL SEGA'S AGGREGATE LIABILITY ARISING OUT OF OR IN CONNECTION WITH THESE TERMS OR FROM THE USE OF OR INABILITY TO USE THE SERVICES OR COLLECTIVE CONTENT EXCEED THE AMOUNTS YOU HAVE PAID TO SEGA FOR USE OF THE SERVICES OR COLLECTIVE CONTENT IN THE THREE (3) MONTH PERIOD PRIOR TO THE CLAIM GIVING RISE TO LIABILITY, IF YOU HAVE MADE ANY PAYMENTS TO SEGA. THE LIMITATIONS OF DAMAGES SET FORTH ABOVE ARE FUNDAMENTAL ELEMENTS OF THE BASIS OF THE BARGAIN BETWEEN SEGA AND YOU. SOME JURISDICTIONS DO NOT ALLOW THE EXCLUSION OR LIMITATION OF LIABILITY FOR CONSEQUENTIAL OR INCIDENTAL DAMAGES, SO THE ABOVE LIMITATION MAY NOT APPLY TO YOU.<br>PROPRIETARY RIGHTS NOTICES<br>All trademarks, service marks, logos, trade names and any other proprietary designations of SEGA used herein are trademarks or registered trademarks of SEGA. Any other trademarks, service marks, logos, trade names and any other proprietary designations are the trademarks or registered trademarks of their respective parties.<br>CONTROLLING LAW AND JURISDICTION<br>These Terms and any action related thereto will be governed by the laws of Japan without regard to its conflict of laws provisions. The exclusive jurisdiction and venue of any action to prevent the actual or threatened infringement, misappropriation or violation of a party's copyrights, trademarks, trade secrets, patents or other intellectual property rights will be the Tokyo district courts and each of the parties hereto waives any objection to jurisdiction and venue in such courts.<br>EXPORT CONTROL<br>You agree to comply fully with all Japanese and foreign export laws and regulations to ensure that neither the Applications nor any technical data related thereto nor any direct product thereof is exported or re-exported directly or indirectly in violation of, or used for any purposes prohibited by, such laws and regulations. ENTIRE AGREEMENT<br>These Terms constitute the entire and exclusive understanding and agreement between SEGA and you regarding the Services and Collective Content, and these Terms supersede and replace any and all prior oral or written understandings or agreements between SEGA and you regarding the Services and Collective Content.<br>ASSIGNMENT<br>You may not assign or transfer these Terms, by operation of law or otherwise, without SEGA's prior written consent. Any attempt by you to assign or transfer these Terms, without such consent, will be null and of no effect. SEGA may assign or transfer these Terms, at its sole discretion, without restriction. Subject to the foregoing, these Terms will bind and inure to the benefit of the parties, their successors and permitted assigns.<br>NOTICES<br>Any notices or other communications permitted or required hereunder, including those regarding modifications to these Terms, will be in writing and given by SEGA: (i) via email (in each case to the address that you provide, as <br>applicable); or (ii) by posting via the Services. For notices made by e-mail, the date of receipt will be deemed the date on which such notice is transmitted.<br><br>DISPUTE RESOLUTION<br>You and SEGA agree that any dispute, claim or controversy arising out of or relating to these Terms or the breach, termination, enforcement, interpretation or validity thereof or the use of the Services (collectively, """"Disputes"""") will be settled by binding arbitration, except that each party retains the right to bring an individual action in small claims court and the right to seek injunctive or other equitable relief in a court of competent jurisdiction to prevent the actual or threatened infringement, misappropriation or violation of a party's copyrights, trademarks, trade secrets, patents or other intellectual property rights. You acknowledge and agree that you and SEGA are each waiving the right to a trial by jury or to participate as a plaintiff or class User in any purported class action or representative proceeding. Further, unless both you and SEGA otherwise agree in writing, the arbitrator may not consolidate more than one person's claims, and may not otherwise preside over any form of any class or representative proceeding. If this specific paragraph is held unenforceable, then the entirety of this """"Dispute Resolution"""" section will be deemed void. Except as provided in the preceding sentence, this """"Dispute Resolution"""" section will survive any termination of these Terms.<br>Arbitration Rules and Governing Law. The arbitration will be administered by the Japan Commercial Arbitration Association (“JCAA”) in accordance with the Commercial Arbitration Rules Disputes (the """"JCAA Rules"""") then in effect, except as modified by this """"Dispute Resolution"""" section. (The JCAA Rules are available at http://www.jcaa.or.jp/e/ or by contacting the JCAA via telephone at 03 (5280) 5200 or via fax at 03 (5280) 5170). The Arbitration Act of Japan (Act No. 138 of 2003) will govern the interpretation and enforcement of this Section.<br>Arbitration Process. A party who desires to initiate arbitration must provide the other party with a written “Request for Arbitration” as specified in the JCAA Rules. The arbitration proceedings shall be conducted in Tokyo, Japan. The arbitral tribunal, composed of one or more arbitrators in accordance with the JCAA Rules, shall have the sole discretion to determine the extent and scheduling of any and all discovery to be promulgated in resolving any dispute between the parties hereunder. If a party’s claim does not exceed <br>JPY 20,000,000, the arbitration proceedings shall be conducted in accordance with Chapter VI “Expedited Procedures” of the JCAA Rules. Costs and attorney fees incurred by each party in the arbitration shall not be reimbursed by the other party. Rule 83.2 of the JCAA Rules shall not apply. <br><br>Changes. Notwithstanding the provisions of the """"Modification"""" section above, if SEGA changes this """"Dispute Resolution"""" section after the date you first accepted these Terms (or accepted any subsequent changes to these Terms), you may reject any such change by sending us written notice (including by email to  within 30 days of the date such change became effective, as indicated in the """"Last Updated Date"""" above or in the date of SEGA's email to you notifying you of such change. By rejecting any change, you are agreeing that you will arbitrate any Dispute between you and SEGA in accordance with the provisions of this """"Dispute Resolution"""" section as of the date you first accepted these Terms (or accepted any subsequent changes to these Terms).<br><br><br><br><br>GENERAL<br>The failure of SEGA to enforce any right or provision of these Terms will not constitute a waiver of future enforcement of that right or provision. The waiver of any such right or provision will be effective only if in writing and signed by a duly authorized representative of SEGA. Except as expressly set forth in these Terms, the exercise by either party of any of its remedies under these Terms will be without prejudice to its other remedies under these Terms or otherwise. If for any reason a court of competent jurisdiction finds any provision of these Terms invalid or unenforceable, that provision will be enforced to the maximum extent permissible and the other provisions of these Terms will remain in full force and effect.<br>CONTACTING SEGA<br>If you have any questions about these Terms, please contact SEGA at<br>Sega of America, Inc.<br><br>6400 Oak Canyon, Suite 100, Irvine, CA 92618, U.S.A<br>Sales and distribution of consumer<br>https://support.pso2.com"
UseAgreement,0,UseAgreement_win10_Message_break2,"GENERAL PROHIBITIONS<br>You agree not to do any of the following:<br>•	Post, upload, publish, submit or transmit any Content that: (i) infringes, misappropriates or violates a third party's patent, copyright, trademark, trade secret, moral rights or other intellectual property rights, or rights of publicity or privacy; (ii) violates, or encourages any conduct that would violate, any applicable law or regulation or would give rise to civil liability; (iii) is fraudulent, false, misleading or deceptive; (iv) is defamatory, obscene, pornographic, vulgar or offensive; (v) promotes discrimination, bigotry, racism, hatred, harassment or harm against any individual or group; (vi) is violent or threatening or promotes violence or actions that are threatening to any person or entity; or (vii) promotes illegal or harmful activities or substances.<br>•	Use, display, mirror or frame the Services, or any individual element within the Services, SEGA's name, any SEGA trademark, logo or other proprietary information, or the layout and design of the Services, without SEGA's express written consent;<br>•	Access, tamper with, or use non-public areas of the Services, SEGA's computer systems, or the technical delivery systems of SEGA's providers;<br>•	Attempt to probe, scan, or test the vulnerability of any SEGA system or network or breach any security or authentication measures;<br>•	Avoid, bypass, remove, deactivate, impair, descramble or otherwise circumvent any technological measure implemented by SEGA or any of SEGA's servicers or any other third party (including another user) to protect the Services or Collective Content;<br>•	Attempt to access or search the Services or Collective Content or download Collective Content from the Services through the use of any engine, software, tool, agent, device or mechanism (including spiders, robots, crawlers, data mining tools or the like) other than the software and/or search agents provided by SEGA or other generally available third party web browsers;<br>•	Send any unsolicited or unauthorized advertising, promotional materials, email, junk mail, spam, chain letters or other form of solicitation;<br>•	Use any meta tags or other hidden text or metadata utilizing a SEGA trademark, logo URL or product name without SEGA's express written consent;<br>•	Use the Services or Collective Content for any commercial purpose or the benefit of any third party or in any manner not permitted by these Terms;<br>•	Forge any TCP/IP packet header or any part of the header information in any email or newsgroup posting, or in any way use the Services or Collective Content to send altered, deceptive or false source-identifying information;<br>•	Attempt to decipher, decompile, disassemble or reverse engineer any of the software used to provide the Services or Collective Content;<br>•	Interfere with, or attempt to interfere with, the access of any user, host or network, including, without limitation, sending a virus, overloading, flooding, spamming, or mail-bombing the Services;<br>•	Collect or store any personally identifiable information from the Services from other users of the Services without their express permission;<br>•	Impersonate or misrepresent your affiliation with any person or entity;<br>•	Create an Account if you are a registered sex offender;<br>•	Violate any applicable law or regulation; or<br>•	Encourage or enable any other individual to do any of the foregoing.<br> <br>RULES FOR USE OF THE SERVICES<br>In addition to the General Prohibitions listed above, your playing of, and participation in, the Services is governed by specific rules (""""Rules"""") maintained and enforced exclusively by SEGA. Your cooperation in understanding and complying with the Rules is essential to ensure that all Users can enjoy their experience with the Services. According to the Rules, you must:<br>•	respect the rights of other Users to enjoy and play the Services. To this end, you may not defraud, harass, threaten, or cause distress and/or unwanted attention to other Users.<br>•	not spam, flood, or make duplicate posts, post commercial solicitations or ads when engaging in any interaction with other Users or any SEGA employees or agents, including customer service representatives, or otherwise disrupt the normal flow of dialogue, or use sexually explicit, harmful, threatening, abusive, defamatory, obscene, hateful, or racially or ethnically offensive language or link to any such language or content;<br>•	not impersonate any employee or agent including customer service representatives, of SEGA or its affiliates;<br>•	not post or communicate any User's """"real world"""" information (name, address, account name, etc.) through the Services;<br>•	not offer or perform in-Services services for """"real world"""" cash;<br>•	not exchange or transfer - whether in or outside of the Services- any Virtual Currency or Virtual Goods available in the Services, except as permitted by the in-Services play;<br>•	not organize or be a member of any groups within the Services that are based on or espouse any racist, sexist, anti-religious, anti-ethnic, anti-gay or other discriminatory values;<br>•	not exploit any errors in design features which have not been documented, and/or """"bugs"""" to gain access to content that is otherwise not available to Users, or to obtain a competitive advantage over other Users or any other unintended benefit; or communicate the existence of any such errors or """"bugs"""", either directly or through public posting, to other Users. Errors and bugs should be promptly reported to us at -;<br>•	not use any third-party program (such as a """"bot"""") in order to automate gameplay functions, including playing, interacting, or gathering Virtual Currency or Virtual Goods within the Services; or<br>•	not cheat as part of in-Services play or engage in any other conduct that is disrespectful to other Users or contrary to the """"spirit"""" of the Services.<br> <br>ENFORCEMENT<br>SEGA will have the right to investigate and prosecute violations of any of these Terms to the fullest extent of the law, including, without limitation, the General Prohibitions and Rules. SEGA may involve and cooperate with law enforcement authorities in prosecuting users who violate these Terms. You acknowledge that SEGA has no obligation to monitor your access to or use of the Services or Collective Content or to review or edit any Collective Content, but has the right to do so for the purpose of operating the Services, to ensure your compliance with these Terms, or to comply with applicable law or the order or requirement of a court, administrative agency or other governmental body. SEGA reserves the right, at any time and without prior notice, to remove or disable access to any Collective Content that SEGA, at its sole discretion, considers to be in violation of these Terms or otherwise harmful to the Services.<br>COPYRIGHT POLICY<br>SEGA respects copyright law and expects its users to do the same. <br>It is SEGA's policy to terminate in appropriate circumstances Users or other account holders who repeatedly infringe or are believed to be repeatedly infringing the rights of copyright holders.<br>LINKS<br>The Services may contain links to third-party websites or resources. You acknowledge and agree that SEGA is not responsible or liable for: (i) the availability or accuracy of such websites or resources; or (ii) the content, products, or services on or available from such websites or resources. Links to such websites or resources do not imply any endorsement by SEGA of such websites or resources or the content, products, or services available from such websites or resources. You acknowledge sole responsibility for and assume all risk arising from your use of any such websites or resources or the content, products, or services on or available from such websites or resources.<br>TERMINATION AND ACCOUNT CANCELLATION<br>If you breach any of these Terms, SEGA will have the right to suspend or disable your Account or terminate these Terms, at its sole discretion and without prior notice to you. SEGA reserves the right to revoke your access to and use of the Services and Collective Content at any time, with or without cause. In the event SEGA terminates these Terms for your breach, you will remain liable for all amounts due hereunder. You may cancel your Account with SEGA at any time by sending an email to.<br>DISCLAIMERS<br>THE SERVICES AND COLLECTIVE CONTENT ARE PROVIDED """"AS IS"""", WITHOUT WARRANTY OF ANY KIND, EITHER EXPRESS OR IMPLIED. WITHOUT LIMITING THE FOREGOING, SEGA EXPLICITLY DISCLAIMS ANY WARRANTIES OF MERCHANTABILITY, FITNESS FOR A PARTICULAR PURPOSE, QUIET ENJOYMENT OR NON-INFRINGEMENT, AND ANY WARRANTIES ARISING OUT OF COURSE OF DEALING OR USAGE OF TRADE. SEGA MAKES NO WARRANTY THAT THE SERVICES OR COLLECTIVE CONTENT WILL MEET YOUR REQUIREMENTS OR BE AVAILABLE ON AN UNINTERRUPTED, SECURE, OR ERROR-FREE BASIS. SEGA MAKES NO WARRANTY REGARDING THE QUALITY OF ANY PRODUCTS, SERVICES OR COLLECTIVE CONTENT PURCHASED OR OBTAINED THROUGH THE SERVICES OR THE ACCURACY, TIMELINESS, TRUTHFULNESS, COMPLETENESS OR RELIABILITY OF ANY CONTENT OBTAINED THROUGH THE SERVICES.<br>NO ADVICE OR INFORMATION, WHETHER ORAL OR WRITTEN, OBTAINED FROM SEGA OR THROUGH THE SERVICES OR COLLECTIVE CONTENT, WILL CREATE ANY WARRANTY NOT EXPRESSLY MADE HEREIN.<br>THE SERVICES MAY ONLY BE PLAYED ONLINE, OR VIA CONSOLE DEVICE. YOU ARE SOLELY RESPONSIBLE FOR OBTAINING AND MAINTAINING ADEQUATE INTERNET CONNECTIONS AND CONSOLE DEVICE PLANS AND PAYING FOR ANY RELATED CHARGES FOR USE OF THE SERVICES.<br>YOU ARE SOLELY RESPONSIBLE FOR ALL OF YOUR COMMUNICATIONS AND INTERACTIONS WITH OTHER USERS OF THE SERVICES AND WITH OTHER PERSONS WITH WHOM YOU COMMUNICATE OR INTERACT AS A RESULT OF YOUR USE OF THE SERVICES. YOU UNDERSTAND THAT SEGA DOES NOT SCREEN OR INQUIRE INTO THE BACKGROUND OF ANY USERS OF THE SERVICES, NOR DOES SEGA MAKE ANY ATTEMPT TO VERIFY THE STATEMENTS OF USERS OF THE SERVICES. SEGA MAKES NO REPRESENTATIONS OR WARRANTIES AS TO THE CONDUCT OF USERS OF THE SERVICES OR THEIR COMPATIBILITY WITH ANY CURRENT OR FUTURE USERS OF THE SERVICES. YOU AGREE TO TAKE REASONABLE PRECAUTIONS IN ALL COMMUNICATIONS AND INTERACTIONS WITH OTHER USERS OF THE SERVICES AND WITH OTHER PERSONS WITH WHOM YOU COMMUNICATE OR INTERACT AS A RESULT OF YOUR USE OF THE SERVICES, PARTICULARLY IF YOU DECIDE TO MEET OFFLINE OR IN PERSON.<br>INDEMNITY<br>You agree to defend, indemnify, and hold SEGA, its officers, directors, employees and agents, harmless from and against any claims, liabilities, damages, losses, and expenses, including, without limitation, reasonable legal and accounting fees, arising out of or in any way connected with your access to or use of the Services or Collective Content, or your violation of these Terms.<br>LIMITATION OF LIABILITY<br>YOU ACKNOWLEDGE AND AGREE THAT, TO THE MAXIMUM EXTENT PERMITTED BY LAW, THE ENTIRE RISK ARISING OUT OF YOUR ACCESS TO AND USE OF THE SERVICES AND COLLECTIVE CONTENT REMAINS WITH YOU. NEITHER SEGA NOR ANY OTHER PERSON OR ENTITY INVOLVED IN CREATING, PRODUCING, OR DELIVERING THE SERVICES OR COLLECTIVE CONTENT WILL BE LIABLE FOR ANY INCIDENTAL, SPECIAL, EXEMPLARY OR CONSEQUENTIAL DAMAGES, INCLUDING LOST PROFITS, LOSS OF DATA OR LOSS OF GOODWILL, SERVICE INTERRUPTION, COMPUTER DAMAGE OR SYSTEM FAILURE OR THE COST OF SUBSTITUTE PRODUCTS OR SERVICES, OR FOR ANY DAMAGES FOR PERSONAL OR BODILY INJURY OR EMOTIONAL DISTRESS ARISING OUT OF OR IN CONNECTION WITH THESE TERMS OR FROM THE USE OF OR INABILITY TO USE THE SERVICES OR COLLECTIVE CONTENT, OR FROM ANY COMMUNICATIONS, INTERACTIONS OR MEETINGS WITH OTHER USERS OF THE SERVICES OR OTHER PERSONS WITH WHOM YOU COMMUNICATE OR INTERACT AS A RESULT OF YOUR USE OF THE SERVICES WHETHER BASED ON WARRANTY, CONTRACT, TORT (INCLUDING NEGLIGENCE), PRODUCT LIABILITY OR ANY OTHER LEGAL THEORY, AND WHETHER OR NOT SEGA HAS BEEN INFORMED OF THE POSSIBILITY OF SUCH DAMAGE, EVEN IF A LIMITED REMEDY SET FORTH HEREIN IS FOUND TO HAVE FAILED OF ITS ESSENTIAL PURPOSE.<br>IN NO EVENT WILL SEGA'S AGGREGATE LIABILITY ARISING OUT OF OR IN CONNECTION WITH THESE TERMS OR FROM THE USE OF OR INABILITY TO USE THE SERVICES OR COLLECTIVE CONTENT EXCEED THE AMOUNTS YOU HAVE PAID TO SEGA FOR USE OF THE SERVICES OR COLLECTIVE CONTENT IN THE THREE (3) MONTH PERIOD PRIOR TO THE CLAIM GIVING RISE TO LIABILITY, IF YOU HAVE MADE ANY PAYMENTS TO SEGA. THE LIMITATIONS OF DAMAGES SET FORTH ABOVE ARE FUNDAMENTAL ELEMENTS OF THE BASIS OF THE BARGAIN BETWEEN SEGA AND YOU. SOME JURISDICTIONS DO NOT ALLOW THE EXCLUSION OR LIMITATION OF LIABILITY FOR CONSEQUENTIAL OR INCIDENTAL DAMAGES, SO THE ABOVE LIMITATION MAY NOT APPLY TO YOU.<br>PROPRIETARY RIGHTS NOTICES<br>All trademarks, service marks, logos, trade names and any other proprietary designations of SEGA used herein are trademarks or registered trademarks of SEGA. Any other trademarks, service marks, logos, trade names and any other proprietary designations are the trademarks or registered trademarks of their respective parties.<br>CONTROLLING LAW AND JURISDICTION<br>These Terms and any action related thereto will be governed by the laws of Japan without regard to its conflict of laws provisions. The exclusive jurisdiction and venue of any action to prevent the actual or threatened infringement, misappropriation or violation of a party's copyrights, trademarks, trade secrets, patents or other intellectual property rights will be the Tokyo district courts and each of the parties hereto waives any objection to jurisdiction and venue in such courts.<br>EXPORT CONTROL<br>You agree to comply fully with all Japanese and foreign export laws and regulations to ensure that neither the Applications nor any technical data related thereto nor any direct product thereof is exported or re-exported directly or indirectly in violation of, or used for any purposes prohibited by, such laws and regulations. ENTIRE AGREEMENT<br>These Terms constitute the entire and exclusive understanding and agreement between SEGA and you regarding the Services and Collective Content, and these Terms supersede and replace any and all prior oral or written understandings or agreements between SEGA and you regarding the Services and Collective Content.<br>ASSIGNMENT<br>You may not assign or transfer these Terms, by operation of law or otherwise, without SEGA's prior written consent. Any attempt by you to assign or transfer these Terms, without such consent, will be null and of no effect. SEGA may assign or transfer these Terms, at its sole discretion, without restriction. Subject to the foregoing, these Terms will bind and inure to the benefit of the parties, their successors and permitted assigns.<br>NOTICES<br>Any notices or other communications permitted or required hereunder, including those regarding modifications to these Terms, will be in writing and given by SEGA: (i) via email (in each case to the address that you provide, as <br>applicable); or (ii) by posting via the Services. For notices made by e-mail, the date of receipt will be deemed the date on which such notice is transmitted.<br><br>DISPUTE RESOLUTION<br>You and SEGA agree that any dispute, claim or controversy arising out of or relating to these Terms or the breach, termination, enforcement, interpretation or validity thereof or the use of the Services (collectively, """"Disputes"""") will be settled by binding arbitration, except that each party retains the right to bring an individual action in small claims court and the right to seek injunctive or other equitable relief in a court of competent jurisdiction to prevent the actual or threatened infringement, misappropriation or violation of a party's copyrights, trademarks, trade secrets, patents or other intellectual property rights. You acknowledge and agree that you and SEGA are each waiving the right to a trial by jury or to participate as a plaintiff or class User in any purported class action or representative proceeding. Further, unless both you and SEGA otherwise agree in writing, the arbitrator may not consolidate more than one person's claims, and may not otherwise preside over any form of any class or representative proceeding. If this specific paragraph is held unenforceable, then the entirety of this """"Dispute Resolution"""" section will be deemed void. Except as provided in the preceding sentence, this """"Dispute Resolution"""" section will survive any termination of these Terms.<br>Arbitration Rules and Governing Law. The arbitration will be administered by the Japan Commercial Arbitration Association (“JCAA”) in accordance with the Commercial Arbitration Rules Disputes (the """"JCAA Rules"""") then in effect, except as modified by this """"Dispute Resolution"""" section. (The JCAA Rules are available at http://www.jcaa.or.jp/e/ or by contacting the JCAA via telephone at 03 (5280) 5200 or via fax at 03 (5280) 5170). The Arbitration Act of Japan (Act No. 138 of 2003) will govern the interpretation and enforcement of this Section.<br>Arbitration Process. A party who desires to initiate arbitration must provide the other party with a written “Request for Arbitration” as specified in the JCAA Rules. The arbitration proceedings shall be conducted in Tokyo, Japan. The arbitral tribunal, composed of one or more arbitrators in accordance with the JCAA Rules, shall have the sole discretion to determine the extent and scheduling of any and all discovery to be promulgated in resolving any dispute between the parties hereunder. If a party’s claim does not exceed <br>JPY 20,000,000, the arbitration proceedings shall be conducted in accordance with Chapter VI “Expedited Procedures” of the JCAA Rules. Costs and attorney fees incurred by each party in the arbitration shall not be reimbursed by the other party. Rule 83.2 of the JCAA Rules shall not apply. <br><br>Changes. Notwithstanding the provisions of the """"Modification"""" section above, if SEGA changes this """"Dispute Resolution"""" section after the date you first accepted these Terms (or accepted any subsequent changes to these Terms), you may reject any such change by sending us written notice (including by email to  within 30 days of the date such change became effective, as indicated in the """"Last Updated Date"""" above or in the date of SEGA's email to you notifying you of such change. By rejecting any change, you are agreeing that you will arbitrate any Dispute between you and SEGA in accordance with the provisions of this """"Dispute Resolution"""" section as of the date you first accepted these Terms (or accepted any subsequent changes to these Terms).<br><br><br><br><br>GENERAL<br>The failure of SEGA to enforce any right or provision of these Terms will not constitute a waiver of future enforcement of that right or provision. The waiver of any such right or provision will be effective only if in writing and signed by a duly authorized representative of SEGA. Except as expressly set forth in these Terms, the exercise by either party of any of its remedies under these Terms will be without prejudice to its other remedies under these Terms or otherwise. If for any reason a court of competent jurisdiction finds any provision of these Terms invalid or unenforceable, that provision will be enforced to the maximum extent permissible and the other provisions of these Terms will remain in full force and effect.<br>CONTACTING SEGA<br>If you have any questions about these Terms, please contact SEGA at<br>Sega of America, Inc.<br><br>6400 Oak Canyon, Suite 100, Irvine, CA 92618, U.S.A<br>Sales and distribution of consumer<br>https://support.pso2.com"
UseAgreement,0,UseAgreement_steam_Message_break2,"GENERAL PROHIBITIONS<br>You agree not to do any of the following:<br>•	Post, upload, publish, submit or transmit any Content that: (i) infringes, misappropriates or violates a third party's patent, copyright, trademark, trade secret, moral rights or other intellectual property rights, or rights of publicity or privacy; (ii) violates, or encourages any conduct that would violate, any applicable law or regulation or would give rise to civil liability; (iii) is fraudulent, false, misleading or deceptive; (iv) is defamatory, obscene, pornographic, vulgar or offensive; (v) promotes discrimination, bigotry, racism, hatred, harassment or harm against any individual or group; (vi) is violent or threatening or promotes violence or actions that are threatening to any person or entity; or (vii) promotes illegal or harmful activities or substances.<br>•	Use, display, mirror or frame the Services, or any individual element within the Services, SEGA's name, any SEGA trademark, logo or other proprietary information, or the layout and design of the Services, without SEGA's express written consent;<br>•	Access, tamper with, or use non-public areas of the Services, SEGA's computer systems, or the technical delivery systems of SEGA's providers;<br>•	Attempt to probe, scan, or test the vulnerability of any SEGA system or network or breach any security or authentication measures;<br>•	Avoid, bypass, remove, deactivate, impair, descramble or otherwise circumvent any technological measure implemented by SEGA or any of SEGA's servicers or any other third party (including another user) to protect the Services or Collective Content;<br>•	Attempt to access or search the Services or Collective Content or download Collective Content from the Services through the use of any engine, software, tool, agent, device or mechanism (including spiders, robots, crawlers, data mining tools or the like) other than the software and/or search agents provided by SEGA or other generally available third party web browsers;<br>•	Send any unsolicited or unauthorized advertising, promotional materials, email, junk mail, spam, chain letters or other form of solicitation;<br>•	Use any meta tags or other hidden text or metadata utilizing a SEGA trademark, logo URL or product name without SEGA's express written consent;<br>•	Use the Services or Collective Content for any commercial purpose or the benefit of any third party or in any manner not permitted by these Terms;<br>•	Forge any TCP/IP packet header or any part of the header information in any email or newsgroup posting, or in any way use the Services or Collective Content to send altered, deceptive or false source-identifying information;<br>•	Attempt to decipher, decompile, disassemble or reverse engineer any of the software used to provide the Services or Collective Content;<br>•	Interfere with, or attempt to interfere with, the access of any user, host or network, including, without limitation, sending a virus, overloading, flooding, spamming, or mail-bombing the Services;<br>•	Collect or store any personally identifiable information from the Services from other users of the Services without their express permission;<br>•	Impersonate or misrepresent your affiliation with any person or entity;<br>•	Create an Account if you are a registered sex offender;<br>•	Violate any applicable law or regulation; or<br>•	Encourage or enable any other individual to do any of the foregoing.<br> <br>RULES FOR USE OF THE SERVICES<br>In addition to the General Prohibitions listed above, your playing of, and participation in, the Services is governed by specific rules (""""Rules"""") maintained and enforced exclusively by SEGA. Your cooperation in understanding and complying with the Rules is essential to ensure that all Users can enjoy their experience with the Services. According to the Rules, you must:<br>•	respect the rights of other Users to enjoy and play the Services. To this end, you may not defraud, harass, threaten, or cause distress and/or unwanted attention to other Users.<br>•	not spam, flood, or make duplicate posts, post commercial solicitations or ads when engaging in any interaction with other Users or any SEGA employees or agents, including customer service representatives, or otherwise disrupt the normal flow of dialogue, or use sexually explicit, harmful, threatening, abusive, defamatory, obscene, hateful, or racially or ethnically offensive language or link to any such language or content;<br>•	not impersonate any employee or agent including customer service representatives, of SEGA or its affiliates;<br>•	not post or communicate any User's """"real world"""" information (name, address, account name, etc.) through the Services;<br>•	not offer or perform in-Services services for """"real world"""" cash;<br>•	not exchange or transfer - whether in or outside of the Services- any Virtual Currency or Virtual Goods available in the Services, except as permitted by the in-Services play;<br>•	not organize or be a member of any groups within the Services that are based on or espouse any racist, sexist, anti-religious, anti-ethnic, anti-gay or other discriminatory values;<br>•	not exploit any errors in design features which have not been documented, and/or """"bugs"""" to gain access to content that is otherwise not available to Users, or to obtain a competitive advantage over other Users or any other unintended benefit; or communicate the existence of any such errors or """"bugs"""", either directly or through public posting, to other Users. Errors and bugs should be promptly reported to us at -;<br>•	not use any third-party program (such as a """"bot"""") in order to automate gameplay functions, including playing, interacting, or gathering Virtual Currency or Virtual Goods within the Services; or<br>•	not cheat as part of in-Services play or engage in any other conduct that is disrespectful to other Users or contrary to the """"spirit"""" of the Services.<br> <br>ENFORCEMENT<br>SEGA will have the right to investigate and prosecute violations of any of these Terms to the fullest extent of the law, including, without limitation, the General Prohibitions and Rules. SEGA may involve and cooperate with law enforcement authorities in prosecuting users who violate these Terms. You acknowledge that SEGA has no obligation to monitor your access to or use of the Services or Collective Content or to review or edit any Collective Content, but has the right to do so for the purpose of operating the Services, to ensure your compliance with these Terms, or to comply with applicable law or the order or requirement of a court, administrative agency or other governmental body. SEGA reserves the right, at any time and without prior notice, to remove or disable access to any Collective Content that SEGA, at its sole discretion, considers to be in violation of these Terms or otherwise harmful to the Services.<br>COPYRIGHT POLICY<br>SEGA respects copyright law and expects its users to do the same. <br>It is SEGA's policy to terminate in appropriate circumstances Users or other account holders who repeatedly infringe or are believed to be repeatedly infringing the rights of copyright holders.<br>LINKS<br>The Services may contain links to third-party websites or resources. You acknowledge and agree that SEGA is not responsible or liable for: (i) the availability or accuracy of such websites or resources; or (ii) the content, products, or services on or available from such websites or resources. Links to such websites or resources do not imply any endorsement by SEGA of such websites or resources or the content, products, or services available from such websites or resources. You acknowledge sole responsibility for and assume all risk arising from your use of any such websites or resources or the content, products, or services on or available from such websites or resources.<br>TERMINATION AND ACCOUNT CANCELLATION<br>If you breach any of these Terms, SEGA will have the right to suspend or disable your Account or terminate these Terms, at its sole discretion and without prior notice to you. SEGA reserves the right to revoke your access to and use of the Services and Collective Content at any time, with or without cause. In the event SEGA terminates these Terms for your breach, you will remain liable for all amounts due hereunder. You may cancel your Account with SEGA at any time by sending an email to.<br>DISCLAIMERS<br>THE SERVICES AND COLLECTIVE CONTENT ARE PROVIDED """"AS IS"""", WITHOUT WARRANTY OF ANY KIND, EITHER EXPRESS OR IMPLIED. WITHOUT LIMITING THE FOREGOING, SEGA EXPLICITLY DISCLAIMS ANY WARRANTIES OF MERCHANTABILITY, FITNESS FOR A PARTICULAR PURPOSE, QUIET ENJOYMENT OR NON-INFRINGEMENT, AND ANY WARRANTIES ARISING OUT OF COURSE OF DEALING OR USAGE OF TRADE. SEGA MAKES NO WARRANTY THAT THE SERVICES OR COLLECTIVE CONTENT WILL MEET YOUR REQUIREMENTS OR BE AVAILABLE ON AN UNINTERRUPTED, SECURE, OR ERROR-FREE BASIS. SEGA MAKES NO WARRANTY REGARDING THE QUALITY OF ANY PRODUCTS, SERVICES OR COLLECTIVE CONTENT PURCHASED OR OBTAINED THROUGH THE SERVICES OR THE ACCURACY, TIMELINESS, TRUTHFULNESS, COMPLETENESS OR RELIABILITY OF ANY CONTENT OBTAINED THROUGH THE SERVICES.<br>NO ADVICE OR INFORMATION, WHETHER ORAL OR WRITTEN, OBTAINED FROM SEGA OR THROUGH THE SERVICES OR COLLECTIVE CONTENT, WILL CREATE ANY WARRANTY NOT EXPRESSLY MADE HEREIN.<br>THE SERVICES MAY ONLY BE PLAYED ONLINE, OR VIA CONSOLE DEVICE. YOU ARE SOLELY RESPONSIBLE FOR OBTAINING AND MAINTAINING ADEQUATE INTERNET CONNECTIONS AND CONSOLE DEVICE PLANS AND PAYING FOR ANY RELATED CHARGES FOR USE OF THE SERVICES.<br>YOU ARE SOLELY RESPONSIBLE FOR ALL OF YOUR COMMUNICATIONS AND INTERACTIONS WITH OTHER USERS OF THE SERVICES AND WITH OTHER PERSONS WITH WHOM YOU COMMUNICATE OR INTERACT AS A RESULT OF YOUR USE OF THE SERVICES. YOU UNDERSTAND THAT SEGA DOES NOT SCREEN OR INQUIRE INTO THE BACKGROUND OF ANY USERS OF THE SERVICES, NOR DOES SEGA MAKE ANY ATTEMPT TO VERIFY THE STATEMENTS OF USERS OF THE SERVICES. SEGA MAKES NO REPRESENTATIONS OR WARRANTIES AS TO THE CONDUCT OF USERS OF THE SERVICES OR THEIR COMPATIBILITY WITH ANY CURRENT OR FUTURE USERS OF THE SERVICES. YOU AGREE TO TAKE REASONABLE PRECAUTIONS IN ALL COMMUNICATIONS AND INTERACTIONS WITH OTHER USERS OF THE SERVICES AND WITH OTHER PERSONS WITH WHOM YOU COMMUNICATE OR INTERACT AS A RESULT OF YOUR USE OF THE SERVICES, PARTICULARLY IF YOU DECIDE TO MEET OFFLINE OR IN PERSON.<br>INDEMNITY<br>You agree to defend, indemnify, and hold SEGA, its officers, directors, employees and agents, harmless from and against any claims, liabilities, damages, losses, and expenses, including, without limitation, reasonable legal and accounting fees, arising out of or in any way connected with your access to or use of the Services or Collective Content, or your violation of these Terms.<br>LIMITATION OF LIABILITY<br>YOU ACKNOWLEDGE AND AGREE THAT, TO THE MAXIMUM EXTENT PERMITTED BY LAW, THE ENTIRE RISK ARISING OUT OF YOUR ACCESS TO AND USE OF THE SERVICES AND COLLECTIVE CONTENT REMAINS WITH YOU. NEITHER SEGA NOR ANY OTHER PERSON OR ENTITY INVOLVED IN CREATING, PRODUCING, OR DELIVERING THE SERVICES OR COLLECTIVE CONTENT WILL BE LIABLE FOR ANY INCIDENTAL, SPECIAL, EXEMPLARY OR CONSEQUENTIAL DAMAGES, INCLUDING LOST PROFITS, LOSS OF DATA OR LOSS OF GOODWILL, SERVICE INTERRUPTION, COMPUTER DAMAGE OR SYSTEM FAILURE OR THE COST OF SUBSTITUTE PRODUCTS OR SERVICES, OR FOR ANY DAMAGES FOR PERSONAL OR BODILY INJURY OR EMOTIONAL DISTRESS ARISING OUT OF OR IN CONNECTION WITH THESE TERMS OR FROM THE USE OF OR INABILITY TO USE THE SERVICES OR COLLECTIVE CONTENT, OR FROM ANY COMMUNICATIONS, INTERACTIONS OR MEETINGS WITH OTHER USERS OF THE SERVICES OR OTHER PERSONS WITH WHOM YOU COMMUNICATE OR INTERACT AS A RESULT OF YOUR USE OF THE SERVICES WHETHER BASED ON WARRANTY, CONTRACT, TORT (INCLUDING NEGLIGENCE), PRODUCT LIABILITY OR ANY OTHER LEGAL THEORY, AND WHETHER OR NOT SEGA HAS BEEN INFORMED OF THE POSSIBILITY OF SUCH DAMAGE, EVEN IF A LIMITED REMEDY SET FORTH HEREIN IS FOUND TO HAVE FAILED OF ITS ESSENTIAL PURPOSE.<br>IN NO EVENT WILL SEGA'S AGGREGATE LIABILITY ARISING OUT OF OR IN CONNECTION WITH THESE TERMS OR FROM THE USE OF OR INABILITY TO USE THE SERVICES OR COLLECTIVE CONTENT EXCEED THE AMOUNTS YOU HAVE PAID TO SEGA FOR USE OF THE SERVICES OR COLLECTIVE CONTENT IN THE THREE (3) MONTH PERIOD PRIOR TO THE CLAIM GIVING RISE TO LIABILITY, IF YOU HAVE MADE ANY PAYMENTS TO SEGA. THE LIMITATIONS OF DAMAGES SET FORTH ABOVE ARE FUNDAMENTAL ELEMENTS OF THE BASIS OF THE BARGAIN BETWEEN SEGA AND YOU. SOME JURISDICTIONS DO NOT ALLOW THE EXCLUSION OR LIMITATION OF LIABILITY FOR CONSEQUENTIAL OR INCIDENTAL DAMAGES, SO THE ABOVE LIMITATION MAY NOT APPLY TO YOU.<br>PROPRIETARY RIGHTS NOTICES<br>All trademarks, service marks, logos, trade names and any other proprietary designations of SEGA used herein are trademarks or registered trademarks of SEGA. Any other trademarks, service marks, logos, trade names and any other proprietary designations are the trademarks or registered trademarks of their respective parties.<br>CONTROLLING LAW AND JURISDICTION<br>These Terms and any action related thereto will be governed by the laws of Japan without regard to its conflict of laws provisions. The exclusive jurisdiction and venue of any action to prevent the actual or threatened infringement, misappropriation or violation of a party's copyrights, trademarks, trade secrets, patents or other intellectual property rights will be the Tokyo district courts and each of the parties hereto waives any objection to jurisdiction and venue in such courts.<br>EXPORT CONTROL<br>You agree to comply fully with all Japanese and foreign export laws and regulations to ensure that neither the Applications nor any technical data related thereto nor any direct product thereof is exported or re-exported directly or indirectly in violation of, or used for any purposes prohibited by, such laws and regulations. ENTIRE AGREEMENT<br>These Terms constitute the entire and exclusive understanding and agreement between SEGA and you regarding the Services and Collective Content, and these Terms supersede and replace any and all prior oral or written understandings or agreements between SEGA and you regarding the Services and Collective Content.<br>ASSIGNMENT<br>You may not assign or transfer these Terms, by operation of law or otherwise, without SEGA's prior written consent. Any attempt by you to assign or transfer these Terms, without such consent, will be null and of no effect. SEGA may assign or transfer these Terms, at its sole discretion, without restriction. Subject to the foregoing, these Terms will bind and inure to the benefit of the parties, their successors and permitted assigns.<br>NOTICES<br>Any notices or other communications permitted or required hereunder, including those regarding modifications to these Terms, will be in writing and given by SEGA: (i) via email (in each case to the address that you provide, as <br>applicable); or (ii) by posting via the Services. For notices made by e-mail, the date of receipt will be deemed the date on which such notice is transmitted.<br><br>DISPUTE RESOLUTION<br>You and SEGA agree that any dispute, claim or controversy arising out of or relating to these Terms or the breach, termination, enforcement, interpretation or validity thereof or the use of the Services (collectively, """"Disputes"""") will be settled by binding arbitration, except that each party retains the right to bring an individual action in small claims court and the right to seek injunctive or other equitable relief in a court of competent jurisdiction to prevent the actual or threatened infringement, misappropriation or violation of a party's copyrights, trademarks, trade secrets, patents or other intellectual property rights. You acknowledge and agree that you and SEGA are each waiving the right to a trial by jury or to participate as a plaintiff or class User in any purported class action or representative proceeding. Further, unless both you and SEGA otherwise agree in writing, the arbitrator may not consolidate more than one person's claims, and may not otherwise preside over any form of any class or representative proceeding. If this specific paragraph is held unenforceable, then the entirety of this """"Dispute Resolution"""" section will be deemed void. Except as provided in the preceding sentence, this """"Dispute Resolution"""" section will survive any termination of these Terms.<br>Arbitration Rules and Governing Law. The arbitration will be administered by the Japan Commercial Arbitration Association (“JCAA”) in accordance with the Commercial Arbitration Rules Disputes (the """"JCAA Rules"""") then in effect, except as modified by this """"Dispute Resolution"""" section. (The JCAA Rules are available at http://www.jcaa.or.jp/e/ or by contacting the JCAA via telephone at 03 (5280) 5200 or via fax at 03 (5280) 5170). The Arbitration Act of Japan (Act No. 138 of 2003) will govern the interpretation and enforcement of this Section.<br>Arbitration Process. A party who desires to initiate arbitration must provide the other party with a written “Request for Arbitration” as specified in the JCAA Rules. The arbitration proceedings shall be conducted in Tokyo, Japan. The arbitral tribunal, composed of one or more arbitrators in accordance with the JCAA Rules, shall have the sole discretion to determine the extent and scheduling of any and all discovery to be promulgated in resolving any dispute between the parties hereunder. If a party’s claim does not exceed <br>JPY 20,000,000, the arbitration proceedings shall be conducted in accordance with Chapter VI “Expedited Procedures” of the JCAA Rules. Costs and attorney fees incurred by each party in the arbitration shall not be reimbursed by the other party. Rule 83.2 of the JCAA Rules shall not apply. <br><br>Changes. Notwithstanding the provisions of the """"Modification"""" section above, if SEGA changes this """"Dispute Resolution"""" section after the date you first accepted these Terms (or accepted any subsequent changes to these Terms), you may reject any such change by sending us written notice (including by email to  within 30 days of the date such change became effective, as indicated in the """"Last Updated Date"""" above or in the date of SEGA's email to you notifying you of such change. By rejecting any change, you are agreeing that you will arbitrate any Dispute between you and SEGA in accordance with the provisions of this """"Dispute Resolution"""" section as of the date you first accepted these Terms (or accepted any subsequent changes to these Terms).<br><br><br><br><br>GENERAL<br>The failure of SEGA to enforce any right or provision of these Terms will not constitute a waiver of future enforcement of that right or provision. The waiver of any such right or provision will be effective only if in writing and signed by a duly authorized representative of SEGA. Except as expressly set forth in these Terms, the exercise by either party of any of its remedies under these Terms will be without prejudice to its other remedies under these Terms or otherwise. If for any reason a court of competent jurisdiction finds any provision of these Terms invalid or unenforceable, that provision will be enforced to the maximum extent permissible and the other provisions of these Terms will remain in full force and effect.<br>CONTACTING SEGA<br>If you have any questions about these Terms, please contact SEGA at<br>Sega of America, Inc.<br><br>6400 Oak Canyon, Suite 100, Irvine, CA 92618, U.S.A<br>Sales and distribution of consumer<br>https://support.pso2.com"
UseAgreement,0,Agreement_Message_Combination,$(0)<br>$(1)
UseAgreement,0,UseAgreement_Global_Title,利用規約とプライバシーポリシー
UseAgreement,0,UseAgreement_Global_Message,このゲームをプレイするには利用規約及び<br>プライバシーポリシーに同意していただく必要があります。<br>利用規約及びプライバシーポリシーをご確認のうえ<br>「同意する」ボタンを押してください。
UseAgreement,0,UseAgreement_Global_Btn_Tos,利用規約
UseAgreement,0,UseAgreement_Global_Btn_Pp,プライバシーポリシー
UseAgreement,0,UseAgreement_Global_CbMessage,利用規約及びプライバシーポリシーを確認しました
UseAgreement,0,UseAgreement_Global_Btn_Agree,同意してプレイする
UseAgreement,0,UseAgreement_Global_Btn_Decline,同意しない
UseAgreement,0,UseAgreement_Global_Confirm,利用規約及びプライバシーポリシーに同意いただけない場合は<br>ゲームをプレイすることができませんがよろしいですか？
UseAgreement,0,UseAgreement_Global_URL_Tos,https://pso2.com/terms-and-conditions?language=
UseAgreement,0,UseAgreement_Global_URL_Pp,https://ngs.pso2.com/privacy?lang=
UseAgreement,0,UseAgreement_Global_URL_Tos_PS4_SIEA,https://pso2.com/misc/support/rules/ps4/us/
UseAgreement,0,UseAgreement_Global_URL_Tos_PS4_SIEE,https://pso2.com/misc/support/rules/ps4/eu/
UseAgreement,1,UseAgreement_Title,[Phantasy Star Online 2] Términos de servicio
UseAgreement,1,UseAgreement_xone_Message,"TÉRMINOS DE USO DE SEGA<br>Fecha de vigencia: <br>SEGA (“SEGA” o “nosotros”) proporciona juegos y servicios relacionados, que ponemos a disposición a través de nuestro(s) sitio(s) web, sitios web de terceros y como aplicaciones para consolas y computadoras (las """"Aplicaciones""""). Los juegos sociales, servicios relacionados y Aplicaciones se denominan colectivamente en el presente documento como los """"Servicios"""". Por favor, lee detenidamente los siguientes términos y condiciones<br> (""""Términos"""") y la Política de Privacidad de SEGA. Estos Términos rigen tu acceso y uso de los Servicios y el Contenido Colectivo (definido a continuación), y constituyen un acuerdo legal vinculante entre tú y SEGA.<br>TÉRMINOS CLAVE RELACIONADOS CON EL CONTENIDO<br>""""Contenido Colectivo"""" significa, de forma colectiva, el Contenido de SEGA y el Contenido de Usuario.<br>""""Contenido"""" significa texto, gráficos, imágenes, música, software (excluyendo las Aplicaciones), audio, video, información u otros materiales.<br>""""Contenido de SEGA"""" significa Contenido que SEGA pone a disposición a través de <br>los Servicios, incluyendo cualquier Contenido con licencia de un tercero y Bienes Virtuales y Moneda Virtual (definidos a continuación), pero excluyendo el Contenido de Usuario.<br>""""Usuario"""" significa una persona que usa, descarga y/o instala cualquier Servicio.<br>""""Contenido de Usuario"""" significa el Contenido que un Usuario publica, sube, envía o transmite para que esté disponible a través de los Servicios.<br>Ciertas áreas de los Servicios (y tu acceso o uso de ciertas áreas de las Aplicaciones o el Contenido Colectivo) pueden tener diferentes términos y condiciones publicados o pueden requerir que aceptes términos y condiciones adicionales. Si hay un conflicto entre estos Términos y los términos y condiciones publicados para un área específica de los Servicios o el Contenido Colectivo, estos últimos prevalecerán con respecto a tu uso o acceso a esa área de los Servicios o del Contenido Colectivo, según corresponda.<br>RECONOCES Y ACEPTAS QUE, AL ACCEDER O UTILIZAR LOS SERVICIOS, O AL DESCARGAR O PUBLICAR CUALQUIER CONTENIDO A TRAVÉS DE LOS SERVICIOS, ESTÁS INDICANDO QUE HAS LEÍDO, Y QUE ENTIENDES Y ACEPTAS ESTAR OBLIGADO POR ESTOS TÉRMINOS, YA SEA QUE TE HAYAS REGISTRADO O NO A TRAVÉS DE LOS SERVICIOS. SI NO ACEPTAS ESTOS TÉRMINOS, ENTONCES NO TIENES DERECHO A ACCEDER O UTILIZAR LOS SERVICIOS O EL CONTENIDO COLECTIVO. Si aceptas estos Términos en nombre de una empresa u otra entidad legal, declaras y garantizas que tienes la autoridad para obligar a dicha empresa u otra entidad legal a estos Términos y, en tal caso, """"tú"""" y """"tu"""" se referirán y aplicarán a esa empresa u otra entidad legal.<br>MODIFICACIÓN<br>SEGA se reserva el derecho, a su entera discreción, de modificar, suspender o cancelar los Servicios o de modificar estos Términos, en cualquier momento y sin previo aviso. Si modificamos estos Términos, publicaremos la modificación a través de los Servicios o te proporcionaremos un aviso de la modificación. También actualizaremos la """"Fecha de última actualización"""" en la parte superior de estos Términos. Al continuar accediendo o utilizando los Servicios después de que hayamos publicado una modificación a través de los Servicios o te hayamos proporcionado un aviso de una modificación, estás indicando que aceptas estar sujeto a los Términos modificados. Si los Términos modificados no son aceptables para ti, tu único recurso es dejar de usar los Servicios.<br>ELEGIBILIDAD<br>Los Servicios están destinados únicamente a personas de 13 años o más. Queda expresamente prohibido el acceso o uso de los Servicios por parte de menores de 13 años. Al acceder o utilizar los Servicios, declaras y garantizas que tienes 13 años o más.<br>REGISTRO DE CUENTA<br>Para acceder a ciertas funciones de los Servicios y publicar cualquier Contenido de Usuario en o a través de los Servicios, es posible que se te solicite registrarte para crear una cuenta (""""Cuenta""""). Aceptas proporcionar información precisa, actual y completa durante el proceso de registro y actualizar dicha información para mantenerla precisa, actual y completa. SEGA se reserva el derecho de suspender o cancelar tu Cuenta si cualquier información proporcionada durante el proceso de registro o posteriormente resulta ser inexacta, desactualizada o incompleta. Eres responsable de salvaguardar tu contraseña. Aceptas que no revelarás tu contraseña a ningún tercero y que asumirás la responsabilidad exclusiva de cualquier actividad o acción bajo tu Cuenta, ya sea que hayas autorizado o no dichas actividades o acciones. Notificarás inmediatamente a SEGA de cualquier uso no autorizado de tu Cuenta.<br>No puedes comprar, vender, regalar o intercambiar ninguna Cuenta, ni ofrecer hacerlo y cualquier intento de este tipo será nulo y sin efecto. Aceptas que no tienes derecho ni título sobre ningún Contenido Colectivo (excluyendo tu Contenido de Usuario proporcionado por ti), incluyendo, sin limitación, cualquier Moneda Virtual o Bienes Virtuales (definidos a continuación) que se originen en los Servicios, o cualquier otro atributo asociado con tu Cuenta, excepto según lo dispuesto expresamente en estos Términos.<br>MONEDAS Y BIENES DENTRO DE LOS SERVICIOS<br>Los Servicios pueden incluir una moneda virtual dentro de los Servicios (""""Moneda Virtual""""). La Moneda Virtual puede (i) obtenerse a través del juego dentro de los Servicios, <br>(ii) comprarse a SEGA con dinero del """"mundo real"""" si eres un adulto legal en tu país de residencia, (iii) obtenerse intercambiando créditos u otros artículos virtuales de los sitios web de terceros a través de los cuales los Servicios están disponibles para la Moneda Virtual, siempre que dicho intercambio esté permitido por el sitio web del tercero correspondiente, o (iv) obtenerse a través de la interacción o participación con ciertos anuncios y servicios de terceros. SEGA no tiene control sobre cómo dichos sitios web de terceros operan un sistema de créditos o artículos virtuales y si dichos créditos o artículos virtuales se pueden intercambiar por Moneda Virtual, por lo que este método de obtener Moneda Virtual puede no estar siempre disponible para ti. Además, la Moneda Virtual de SEGA se pone a tu disposición a la entera discreción de SEGA y puede suspenderse en cualquier momento. Los Servicios también pueden incluir artículos digitales virtuales dentro de los Servicios y/u otros bienes y servicios virtuales dentro de los Servicios (colectivamente, """"Bienes Virtuales"""") que pueden comprarse a SEGA dentro de los Servicios con Moneda Virtual. Independientemente de la terminología utilizada, la Moneda Virtual y los Bienes Virtuales nunca podrán ser canjeados por dinero del """"mundo real"""", bienes u otros artículos de valor monetario de SEGA o de cualquier otra parte.<br>Los Bienes Virtuales y la Moneda Virtual son solo artículos digitales. Tu derecho a usar cualquier Bien Virtual y Moneda Virtual que obtengas se limita a <br>un derecho no exclusivo, intransferible, no sublicenciable y revocable de usar dichos Bienes Virtuales y Moneda Virtual únicamente para tu entretenimiento personal y uso no comercial y para ningún otro propósito. A excepción de los derechos limitados aquí descritos, no tienes ningún interés de propiedad, derecho o título sobre dichos Bienes Virtuales o Moneda Virtual, los cuales siguen siendo propiedad exclusiva de SEGA. Como se indicó anteriormente, la existencia de una oferta particular de Bienes Virtuales o Moneda Virtual no es un compromiso por parte de SEGA de mantener o continuar poniendo a disposición los Bienes Virtuales o la Moneda Virtual en el futuro. El alcance, la variedad y el tipo de Bienes Virtuales y Moneda Virtual que puedes obtener pueden cambiar en cualquier momento. SEGA tiene el derecho absoluto de administrar, regular, controlar, modificar o eliminar dicha Moneda Virtual o Bienes Virtuales según lo considere oportuno a su entera discreción, y SEGA no tendrá ninguna responsabilidad ante ti o ante cualquier otra persona por el ejercicio de tales derechos.<br>Excepto donde esté explícitamente autorizado por SEGA, (i) las transferencias de Moneda Virtual o Bienes Virtuales están estrictamente prohibidas; (ii) fuera de los Servicios, no puedes comprar ni vender ninguna Moneda Virtual o Bien Virtual por dinero del """"mundo real"""" ni intercambiar artículos por valor; y (iii) SEGA no reconoce ninguna supuesta transferencia de Moneda Virtual o Bienes Virtuales, ni la supuesta <br>venta, regalo o intercambio en el """"mundo real"""" de nada que aparezca en los Servicios. Cualquier intento de hacer algo de lo anterior es una violación de estos Términos y resultará en la terminación automática de tus derechos para usar la Moneda Virtual o los Bienes Virtuales y puede resultar en la terminación de tu Cuenta, una prohibición de por vida de los Servicios y/o posibles acciones legales. Aceptas que todas las ventas de Bienes Virtuales y Moneda Virtual son finales. No se otorgarán reembolsos, excepto a la entera y absoluta discreción de SEGA. Todos los Bienes Virtuales y la Moneda Virtual se perderán si tu Cuenta es cancelada o suspendida por cualquier motivo, a la entera y absoluta discreción de SEGA, o si SEGA deja de proporcionar los Servicios.<br>TÉRMINOS DE PAGO<br>Ciertos aspectos de los Servicios se proporcionan, o pueden proporcionarse en el futuro, por una tarifa u otro cargo. En el caso de que elijas utilizar aspectos pagos de los <br>Servicios (por ejemplo, si decides comprar Moneda Virtual o Bienes Virtuales), aceptas las políticas de precios, pagos y facturación aplicables a dichas tarifas y cargos, tal como se publican en los Servicios. Todas las tarifas no son reembolsables ni transferibles, excepto según lo dispuesto expresamente en estos Términos. Todas las tarifas e impuestos aplicables, si los hubiera, se pagan en la moneda asociada con la cuenta que utilizas para comprar Servicios de pago.<br>PRIVACIDAD<br>Consulta la Política de Privacidad de SEGA para obtener información y avisos sobre la recopilación y el uso de tu información personal por parte de SEGA.<br>PROPIEDAD<br>Los Servicios (incluidos, entre otros, cualquier juego, título, código informático, temas, objetos, personajes, nombres de personajes, historias, diálogos, frases, conceptos, arte, animaciones, sonidos, composiciones musicales, <br>efectos audiovisuales, métodos de operación, derechos morales, documentación, transcripciones de chat dentro de los Servicios, información del perfil del personaje, grabaciones de juegos jugados utilizando los Servicios y software del servidor) y el Contenido Colectivo están protegidos por derechos de autor, marcas comerciales y otras leyes de Japón y países extranjeros. Reconoces y aceptas que los Servicios y el Contenido de SEGA, incluidos todos los derechos de propiedad intelectual asociados, son propiedad exclusiva de SEGA y sus licenciantes. <br>No eliminarás, alterarás ni ocultarás ningún aviso de derechos de autor, marca comercial, marca de servicio u otros derechos de propiedad incorporados o que acompañen a los Servicios o al Contenido Colectivo.<br>LICENCIAS OTORGADAS POR SEGA SOBRE EL CONTENIDO DE SEGA Y EL CONTENIDO DE USUARIO<br>Sujeto a tu cumplimiento de los términos y condiciones de estos Términos, SEGA te otorga una licencia limitada, no exclusiva e intransferible: (i) para acceder y utilizar cualquier Contenido de SEGA únicamente para tu entretenimiento personal y fines no comerciales; y (ii) para ver cualquier Contenido de Usuario al que tengas permiso de acceso únicamente para tus fines personales y no comerciales. No tienes derecho a sublicenciar los derechos de licencia otorgados en esta sección.<br>No utilizarás, copiarás, adaptarás, modificarás, prepararás trabajos derivados basados en, distribuirás, licenciarás, venderás, transferirás, mostrarás públicamente, ejecutarás públicamente, transmitirás, emitirás ni explotarás de ninguna otra manera los Servicios o el Contenido Colectivo, excepto según lo permitido expresamente en estos Términos. No se te otorgan licencias ni derechos por implicación o de otra manera bajo ningún derecho de propiedad intelectual propiedad o controlado por SEGA o sus licenciantes, excepto por las licencias y derechos expresamente otorgados en estos Términos.<br>LICENCIA OTORGADA POR EL USUARIO<br>Podemos, a nuestra entera discreción, permitir a los Usuarios publicar, subir, enviar o transmitir Contenido de Usuario. Al poner a disposición cualquier Contenido de Usuario en o a través de los Servicios, por la presente otorgas a SEGA una licencia mundial, irrevocable, perpetua, no exclusiva, transferible y libre de regalías, con derecho a sublicenciar, para usar, ver, copiar, adaptar, modificar, distribuir, licenciar, transferir, mostrar públicamente, ejecutar públicamente, transmitir, emitir y explotar de cualquier otra manera dicho Contenido de Usuario únicamente en, a través o mediante los Servicios. SEGA no reclama ningún derecho de propiedad sobre ningún Contenido de Usuario y nada en estos Términos se considerará que restrinja los derechos que puedas tener para usar y explotar cualquier Contenido de Usuario.<br>Reconoces y aceptas que eres el único responsable de todo el Contenido de Usuario que pongas a disposición a través de los Servicios. En consecuencia, declaras y garantizas que: (i) eres el único y exclusivo propietario de todo el Contenido de Usuario que pones a disposición a través de los Servicios o que tienes todos los derechos, licencias, consentimientos y permisos que son necesarios para otorgar a SEGA los derechos sobre dicho Contenido de Usuario, según lo contemplado en estos Términos; y (ii) ni el Contenido de Usuario ni tu publicación, carga, envío o transmisión del Contenido de Usuario o el uso por parte de SEGA del Contenido de Usuario (o cualquier parte del mismo) en, a través o mediante los Servicios infringirá, se apropiará indebidamente o violará la patente, derechos de autor, marca comercial, secreto comercial, derechos morales u otros derechos de propiedad intelectual, o derechos de publicidad o privacidad de un tercero, o resultará en la violación de cualquier ley o regulación aplicable.<br> <br>COMENTARIOS<br>Agradecemos y te animamos a proporcionar comentarios y sugerencias para mejorar los Servicios (""""Comentarios""""). Puedes enviar Comentarios enviándonos un correo electrónico. Reconoces y aceptas que si nos envías cualquier Comentario, por la presente nos otorgas una licencia no exclusiva, mundial, perpetua, irrevocable, totalmente pagada, libre de regalías, sublicenciable y transferible bajo todos y cada uno de los derechos de propiedad intelectual que poseas o controles para usar, copiar, modificar, crear trabajos derivados basados en y explotar de otra manera los Comentarios para cualquier propósito."
UseAgreement,1,UseAgreement_win10_Message,"TÉRMINOS DE USO DE SEGA<br>Fecha de vigencia: <br>SEGA (“SEGA” o “nosotros”) proporciona juegos y servicios relacionados, que ponemos a disposición a través de nuestro(s) sitio(s) web, sitios web de terceros y como aplicaciones para consolas y computadoras (las """"Aplicaciones""""). Los juegos sociales, servicios relacionados y Aplicaciones se denominan colectivamente en el presente documento como los """"Servicios"""". Por favor, lee detenidamente los siguientes términos y condiciones<br> (""""Términos"""") y la Política de Privacidad de SEGA. Estos Términos rigen tu acceso y uso de los Servicios y el Contenido Colectivo (definido a continuación), y constituyen un acuerdo legal vinculante entre tú y SEGA.<br>TÉRMINOS CLAVE RELACIONADOS CON EL CONTENIDO<br>""""Contenido Colectivo"""" significa, de forma colectiva, el Contenido de SEGA y el Contenido de Usuario.<br>""""Contenido"""" significa texto, gráficos, imágenes, música, software (excluyendo las Aplicaciones), audio, video, información u otros materiales.<br>""""Contenido de SEGA"""" significa Contenido que SEGA pone a disposición a través de <br>los Servicios, incluyendo cualquier Contenido con licencia de un tercero y Bienes Virtuales y Moneda Virtual (definidos a continuación), pero excluyendo el Contenido de Usuario.<br>""""Usuario"""" significa una persona que usa, descarga y/o instala cualquier Servicio.<br>""""Contenido de Usuario"""" significa el Contenido que un Usuario publica, sube, envía o transmite para que esté disponible a través de los Servicios.<br>Ciertas áreas de los Servicios (y tu acceso o uso de ciertas áreas de las Aplicaciones o el Contenido Colectivo) pueden tener diferentes términos y condiciones publicados o pueden requerir que aceptes términos y condiciones adicionales. Si hay un conflicto entre estos Términos y los términos y condiciones publicados para un área específica de los Servicios o el Contenido Colectivo, estos últimos prevalecerán con respecto a tu uso o acceso a esa área de los Servicios o del Contenido Colectivo, según corresponda.<br>RECONOCES Y ACEPTAS QUE, AL ACCEDER O UTILIZAR LOS SERVICIOS, O AL DESCARGAR O PUBLICAR CUALQUIER CONTENIDO A TRAVÉS DE LOS SERVICIOS, ESTÁS INDICANDO QUE HAS LEÍDO, Y QUE ENTIENDES Y ACEPTAS ESTAR OBLIGADO POR ESTOS TÉRMINOS, YA SEA QUE TE HAYAS REGISTRADO O NO A TRAVÉS DE LOS SERVICIOS. SI NO ACEPTAS ESTOS TÉRMINOS, ENTONCES NO TIENES DERECHO A ACCEDER O UTILIZAR LOS SERVICIOS O EL CONTENIDO COLECTIVO. Si aceptas estos Términos en nombre de una empresa u otra entidad legal, declaras y garantizas que tienes la autoridad para obligar a dicha empresa u otra entidad legal a estos Términos y, en tal caso, """"tú"""" y """"tu"""" se referirán y aplicarán a esa empresa u otra entidad legal.<br>MODIFICACIÓN<br>SEGA se reserva el derecho, a su entera discreción, de modificar, suspender o cancelar los Servicios o de modificar estos Términos, en cualquier momento y sin previo aviso. Si modificamos estos Términos, publicaremos la modificación a través de los Servicios o te proporcionaremos un aviso de la modificación. También actualizaremos la """"Fecha de última actualización"""" en la parte superior de estos Términos. Al continuar accediendo o utilizando los Servicios después de que hayamos publicado una modificación a través de los Servicios o te hayamos proporcionado un aviso de una modificación, estás indicando que aceptas estar sujeto a los Términos modificados. Si los Términos modificados no son aceptables para ti, tu único recurso es dejar de usar los Servicios.<br>ELEGIBILIDAD<br>Los Servicios están destinados únicamente a personas de 13 años o más. Queda expresamente prohibido el acceso o uso de los Servicios por parte de menores de 13 años. Al acceder o utilizar los Servicios, declaras y garantizas que tienes 13 años o más.<br>REGISTRO DE CUENTA<br>Para acceder a ciertas funciones de los Servicios y publicar cualquier Contenido de Usuario en o a través de los Servicios, es posible que se te solicite registrarte para crear una cuenta (""""Cuenta""""). Aceptas proporcionar información precisa, actual y completa durante el proceso de registro y actualizar dicha información para mantenerla precisa, actual y completa. SEGA se reserva el derecho de suspender o cancelar tu Cuenta si cualquier información proporcionada durante el proceso de registro o posteriormente resulta ser inexacta, desactualizada o incompleta. Eres responsable de salvaguardar tu contraseña. Aceptas que no revelarás tu contraseña a ningún tercero y que asumirás la responsabilidad exclusiva de cualquier actividad o acción bajo tu Cuenta, ya sea que hayas autorizado o no dichas actividades o acciones. Notificarás inmediatamente a SEGA de cualquier uso no autorizado de tu Cuenta.<br>No puedes comprar, vender, regalar o intercambiar ninguna Cuenta, ni ofrecer hacerlo y cualquier intento de este tipo será nulo y sin efecto. Aceptas que no tienes derecho ni título sobre ningún Contenido Colectivo (excluyendo tu Contenido de Usuario proporcionado por ti), incluyendo, sin limitación, cualquier Moneda Virtual o Bienes Virtuales (definidos a continuación) que se originen en los Servicios, o cualquier otro atributo asociado con tu Cuenta, excepto según lo dispuesto expresamente en estos Términos.<br>MONEDAS Y BIENES DENTRO DE LOS SERVICIOS<br>Los Servicios pueden incluir una moneda virtual dentro de los Servicios (""""Moneda Virtual""""). La Moneda Virtual puede (i) obtenerse a través del juego dentro de los Servicios, <br>(ii) comprarse a SEGA con dinero del """"mundo real"""" si eres un adulto legal en tu país de residencia, (iii) obtenerse intercambiando créditos u otros artículos virtuales de los sitios web de terceros a través de los cuales los Servicios están disponibles para la Moneda Virtual, siempre que dicho intercambio esté permitido por el sitio web del tercero correspondiente, o (iv) obtenerse a través de la interacción o participación con ciertos anuncios y servicios de terceros. SEGA no tiene control sobre cómo dichos sitios web de terceros operan un sistema de créditos o artículos virtuales y si dichos créditos o artículos virtuales se pueden intercambiar por Moneda Virtual, por lo que este método de obtener Moneda Virtual puede no estar siempre disponible para ti. Además, la Moneda Virtual de SEGA se pone a tu disposición a la entera discreción de SEGA y puede suspenderse en cualquier momento. Los Servicios también pueden incluir artículos digitales virtuales dentro de los Servicios y/u otros bienes y servicios virtuales dentro de los Servicios (colectivamente, """"Bienes Virtuales"""") que pueden comprarse a SEGA dentro de los Servicios con Moneda Virtual. Independientemente de la terminología utilizada, la Moneda Virtual y los Bienes Virtuales nunca podrán ser canjeados por dinero del """"mundo real"""", bienes u otros artículos de valor monetario de SEGA o de cualquier otra parte.<br>Los Bienes Virtuales y la Moneda Virtual son solo artículos digitales. Tu derecho a usar cualquier Bien Virtual y Moneda Virtual que obtengas se limita a <br>un derecho no exclusivo, intransferible, no sublicenciable y revocable de usar dichos Bienes Virtuales y Moneda Virtual únicamente para tu entretenimiento personal y uso no comercial y para ningún otro propósito. A excepción de los derechos limitados aquí descritos, no tienes ningún interés de propiedad, derecho o título sobre dichos Bienes Virtuales o Moneda Virtual, los cuales siguen siendo propiedad exclusiva de SEGA. Como se indicó anteriormente, la existencia de una oferta particular de Bienes Virtuales o Moneda Virtual no es un compromiso por parte de SEGA de mantener o continuar poniendo a disposición los Bienes Virtuales o la Moneda Virtual en el futuro. El alcance, la variedad y el tipo de Bienes Virtuales y Moneda Virtual que puedes obtener pueden cambiar en cualquier momento. SEGA tiene el derecho absoluto de administrar, regular, controlar, modificar o eliminar dicha Moneda Virtual o Bienes Virtuales según lo considere oportuno a su entera discreción, y SEGA no tendrá ninguna responsabilidad ante ti o ante cualquier otra persona por el ejercicio de tales derechos.<br>Excepto donde esté explícitamente autorizado por SEGA, (i) las transferencias de Moneda Virtual o Bienes Virtuales están estrictamente prohibidas; (ii) fuera de los Servicios, no puedes comprar ni vender ninguna Moneda Virtual o Bien Virtual por dinero del """"mundo real"""" ni intercambiar artículos por valor; y (iii) SEGA no reconoce ninguna supuesta transferencia de Moneda Virtual o Bienes Virtuales, ni la supuesta <br>venta, regalo o intercambio en el """"mundo real"""" de nada que aparezca en los Servicios. Cualquier intento de hacer algo de lo anterior es una violación de estos Términos y resultará en la terminación automática de tus derechos para usar la Moneda Virtual o los Bienes Virtuales y puede resultar en la terminación de tu Cuenta, una prohibición de por vida de los Servicios y/o posibles acciones legales. Aceptas que todas las ventas de Bienes Virtuales y Moneda Virtual son finales. No se otorgarán reembolsos, excepto a la entera y absoluta discreción de SEGA. Todos los Bienes Virtuales y la Moneda Virtual se perderán si tu Cuenta es cancelada o suspendida por cualquier motivo, a la entera y absoluta discreción de SEGA, o si SEGA deja de proporcionar los Servicios.<br>TÉRMINOS DE PAGO<br>Ciertos aspectos de los Servicios se proporcionan, o pueden proporcionarse en el futuro, por una tarifa u otro cargo. En el caso de que elijas utilizar aspectos pagos de los <br>Servicios (por ejemplo, si decides comprar Moneda Virtual o Bienes Virtuales), aceptas las políticas de precios, pagos y facturación aplicables a dichas tarifas y cargos, tal como se publican en los Servicios. Todas las tarifas no son reembolsables ni transferibles, excepto según lo dispuesto expresamente en estos Términos. Todas las tarifas e impuestos aplicables, si los hubiera, se pagan en la moneda asociada con la cuenta que utilizas para comprar Servicios de pago.<br>PRIVACIDAD<br>Consulta la Política de Privacidad de SEGA para obtener información y avisos sobre la recopilación y el uso de tu información personal por parte de SEGA.<br>PROPIEDAD<br>Los Servicios (incluidos, entre otros, cualquier juego, título, código informático, temas, objetos, personajes, nombres de personajes, historias, diálogos, frases, conceptos, arte, animaciones, sonidos, composiciones musicales, <br>efectos audiovisuales, métodos de operación, derechos morales, documentación, transcripciones de chat dentro de los Servicios, información del perfil del personaje, grabaciones de juegos jugados utilizando los Servicios y software del servidor) y el Contenido Colectivo están protegidos por derechos de autor, marcas comerciales y otras leyes de Japón y países extranjeros. Reconoces y aceptas que los Servicios y el Contenido de SEGA, incluidos todos los derechos de propiedad intelectual asociados, son propiedad exclusiva de SEGA y sus licenciantes. <br>No eliminarás, alterarás ni ocultarás ningún aviso de derechos de autor, marca comercial, marca de servicio u otros derechos de propiedad incorporados o que acompañen a los Servicios o al Contenido Colectivo.<br>LICENCIAS OTORGADAS POR SEGA SOBRE EL CONTENIDO DE SEGA Y EL CONTENIDO DE USUARIO<br>Sujeto a tu cumplimiento de los términos y condiciones de estos Términos, SEGA te otorga una licencia limitada, no exclusiva e intransferible: (i) para acceder y utilizar cualquier Contenido de SEGA únicamente para tu entretenimiento personal y fines no comerciales; y (ii) para ver cualquier Contenido de Usuario al que tengas permiso de acceso únicamente para tus fines personales y no comerciales. No tienes derecho a sublicenciar los derechos de licencia otorgados en esta sección.<br>No utilizarás, copiarás, adaptarás, modificarás, prepararás trabajos derivados basados en, distribuirás, licenciarás, venderás, transferirás, mostrarás públicamente, ejecutarás públicamente, transmitirás, emitirás ni explotarás de ninguna otra manera los Servicios o el Contenido Colectivo, excepto según lo permitido expresamente en estos Términos. No se te otorgan licencias ni derechos por implicación o de otra manera bajo ningún derecho de propiedad intelectual propiedad o controlado por SEGA o sus licenciantes, excepto por las licencias y derechos expresamente otorgados en estos Términos.<br>LICENCIA OTORGADA POR EL USUARIO<br>Podemos, a nuestra entera discreción, permitir a los Usuarios publicar, subir, enviar o transmitir Contenido de Usuario. Al poner a disposición cualquier Contenido de Usuario en o a través de los Servicios, por la presente otorgas a SEGA una licencia mundial, irrevocable, perpetua, no exclusiva, transferible y libre de regalías, con derecho a sublicenciar, para usar, ver, copiar, adaptar, modificar, distribuir, licenciar, transferir, mostrar públicamente, ejecutar públicamente, transmitir, emitir y explotar de cualquier otra manera dicho Contenido de Usuario únicamente en, a través o mediante los Servicios. SEGA no reclama ningún derecho de propiedad sobre ningún Contenido de Usuario y nada en estos Términos se considerará que restrinja los derechos que puedas tener para usar y explotar cualquier Contenido de Usuario.<br>Reconoces y aceptas que eres el único responsable de todo el Contenido de Usuario que pongas a disposición a través de los Servicios. En consecuencia, declaras y garantizas que: (i) eres el único y exclusivo propietario de todo el Contenido de Usuario que pones a disposición a través de los Servicios o que tienes todos los derechos, licencias, consentimientos y permisos que son necesarios para otorgar a SEGA los derechos sobre dicho Contenido de Usuario, según lo contemplado en estos Términos; y (ii) ni el Contenido de Usuario ni tu publicación, carga, envío o transmisión del Contenido de Usuario o el uso por parte de SEGA del Contenido de Usuario (o cualquier parte del mismo) en, a través o mediante los Servicios infringirá, se apropiará indebidamente o violará la patente, derechos de autor, marca comercial, secreto comercial, derechos morales u otros derechos de propiedad intelectual, o derechos de publicidad o privacidad de un tercero, o resultará en la violación de cualquier ley o regulación aplicable.<br> <br>COMENTARIOS<br>Agradecemos y te animamos a proporcionar comentarios y sugerencias para mejorar los Servicios (""""Comentarios""""). Puedes enviar Comentarios enviándonos un correo electrónico. Reconoces y aceptas que si nos envías cualquier Comentario, por la presente nos otorgas una licencia no exclusiva, mundial, perpetua, irrevocable, totalmente pagada, libre de regalías, sublicenciable y transferible bajo todos y cada uno de los derechos de propiedad intelectual que poseas o controles para usar, copiar, modificar, crear trabajos derivados basados en y explotar de otra manera los Comentarios para cualquier propósito."
UseAgreement,1,UseAgreement_steam_Message,"TÉRMINOS DE USO DE SEGA<br>Fecha de vigencia: <br>SEGA (“SEGA” o “nosotros”) proporciona juegos y servicios relacionados, que ponemos a disposición a través de nuestro(s) sitio(s) web, sitios web de terceros y como aplicaciones para consolas y computadoras (las """"Aplicaciones""""). Los juegos sociales, servicios relacionados y Aplicaciones se denominan colectivamente en el presente documento como los """"Servicios"""". Por favor, lee detenidamente los siguientes términos y condiciones<br> (""""Términos"""") y la Política de Privacidad de SEGA. Estos Términos rigen tu acceso y uso de los Servicios y el Contenido Colectivo (definido a continuación), y constituyen un acuerdo legal vinculante entre tú y SEGA.<br>TÉRMINOS CLAVE RELACIONADOS CON EL CONTENIDO<br>""""Contenido Colectivo"""" significa, de forma colectiva, el Contenido de SEGA y el Contenido de Usuario.<br>""""Contenido"""" significa texto, gráficos, imágenes, música, software (excluyendo las Aplicaciones), audio, video, información u otros materiales.<br>""""Contenido de SEGA"""" significa Contenido que SEGA pone a disposición a través de <br>los Servicios, incluyendo cualquier Contenido con licencia de un tercero y Bienes Virtuales y Moneda Virtual (definidos a continuación), pero excluyendo el Contenido de Usuario.<br>""""Usuario"""" significa una persona que usa, descarga y/o instala cualquier Servicio.<br>""""Contenido de Usuario"""" significa el Contenido que un Usuario publica, sube, envía o transmite para que esté disponible a través de los Servicios.<br>Ciertas áreas de los Servicios (y tu acceso o uso de ciertas áreas de las Aplicaciones o el Contenido Colectivo) pueden tener diferentes términos y condiciones publicados o pueden requerir que aceptes términos y condiciones adicionales. Si hay un conflicto entre estos Términos y los términos y condiciones publicados para un área específica de los Servicios o el Contenido Colectivo, estos últimos prevalecerán con respecto a tu uso o acceso a esa área de los Servicios o del Contenido Colectivo, según corresponda.<br>RECONOCES Y ACEPTAS QUE, AL ACCEDER O UTILIZAR LOS SERVICIOS, O AL DESCARGAR O PUBLICAR CUALQUIER CONTENIDO A TRAVÉS DE LOS SERVICIOS, ESTÁS INDICANDO QUE HAS LEÍDO, Y QUE ENTIENDES Y ACEPTAS ESTAR OBLIGADO POR ESTOS TÉRMINOS, YA SEA QUE TE HAYAS REGISTRADO O NO A TRAVÉS DE LOS SERVICIOS. SI NO ACEPTAS ESTOS TÉRMINOS, ENTONCES NO TIENES DERECHO A ACCEDER O UTILIZAR LOS SERVICIOS O EL CONTENIDO COLECTIVO. Si aceptas estos Términos en nombre de una empresa u otra entidad legal, declaras y garantizas que tienes la autoridad para obligar a dicha empresa u otra entidad legal a estos Términos y, en tal caso, """"tú"""" y """"tu"""" se referirán y aplicarán a esa empresa u otra entidad legal.<br>MODIFICACIÓN<br>SEGA se reserva el derecho, a su entera discreción, de modificar, suspender o cancelar los Servicios o de modificar estos Términos, en cualquier momento y sin previo aviso. Si modificamos estos Términos, publicaremos la modificación a través de los Servicios o te proporcionaremos un aviso de la modificación. También actualizaremos la """"Fecha de última actualización"""" en la parte superior de estos Términos. Al continuar accediendo o utilizando los Servicios después de que hayamos publicado una modificación a través de los Servicios o te hayamos proporcionado un aviso de una modificación, estás indicando que aceptas estar sujeto a los Términos modificados. Si los Términos modificados no son aceptables para ti, tu único recurso es dejar de usar los Servicios.<br>ELEGIBILIDAD<br>Los Servicios están destinados únicamente a personas de 13 años o más. Queda expresamente prohibido el acceso o uso de los Servicios por parte de menores de 13 años. Al acceder o utilizar los Servicios, declaras y garantizas que tienes 13 años o más.<br>REGISTRO DE CUENTA<br>Para acceder a ciertas funciones de los Servicios y publicar cualquier Contenido de Usuario en o a través de los Servicios, es posible que se te solicite registrarte para crear una cuenta (""""Cuenta""""). Aceptas proporcionar información precisa, actual y completa durante el proceso de registro y actualizar dicha información para mantenerla precisa, actual y completa. SEGA se reserva el derecho de suspender o cancelar tu Cuenta si cualquier información proporcionada durante el proceso de registro o posteriormente resulta ser inexacta, desactualizada o incompleta. Eres responsable de salvaguardar tu contraseña. Aceptas que no revelarás tu contraseña a ningún tercero y que asumirás la responsabilidad exclusiva de cualquier actividad o acción bajo tu Cuenta, ya sea que hayas autorizado o no dichas actividades o acciones. Notificarás inmediatamente a SEGA de cualquier uso no autorizado de tu Cuenta.<br>No puedes comprar, vender, regalar o intercambiar ninguna Cuenta, ni ofrecer hacerlo y cualquier intento de este tipo será nulo y sin efecto. Aceptas que no tienes derecho ni título sobre ningún Contenido Colectivo (excluyendo tu Contenido de Usuario proporcionado por ti), incluyendo, sin limitación, cualquier Moneda Virtual o Bienes Virtuales (definidos a continuación) que se originen en los Servicios, o cualquier otro atributo asociado con tu Cuenta, excepto según lo dispuesto expresamente en estos Términos.<br>MONEDAS Y BIENES DENTRO DE LOS SERVICIOS<br>Los Servicios pueden incluir una moneda virtual dentro de los Servicios (""""Moneda Virtual""""). La Moneda Virtual puede (i) obtenerse a través del juego dentro de los Servicios, <br>(ii) comprarse a SEGA con dinero del """"mundo real"""" si eres un adulto legal en tu país de residencia, (iii) obtenerse intercambiando créditos u otros artículos virtuales de los sitios web de terceros a través de los cuales los Servicios están disponibles para la Moneda Virtual, siempre que dicho intercambio esté permitido por el sitio web del tercero correspondiente, o (iv) obtenerse a través de la interacción o participación con ciertos anuncios y servicios de terceros. SEGA no tiene control sobre cómo dichos sitios web de terceros operan un sistema de créditos o artículos virtuales y si dichos créditos o artículos virtuales se pueden intercambiar por Moneda Virtual, por lo que este método de obtener Moneda Virtual puede no estar siempre disponible para ti. Además, la Moneda Virtual de SEGA se pone a tu disposición a la entera discreción de SEGA y puede suspenderse en cualquier momento. Los Servicios también pueden incluir artículos digitales virtuales dentro de los Servicios y/u otros bienes y servicios virtuales dentro de los Servicios (colectivamente, """"Bienes Virtuales"""") que pueden comprarse a SEGA dentro de los Servicios con Moneda Virtual. Independientemente de la terminología utilizada, la Moneda Virtual y los Bienes Virtuales nunca podrán ser canjeados por dinero del """"mundo real"""", bienes u otros artículos de valor monetario de SEGA o de cualquier otra parte.<br>Los Bienes Virtuales y la Moneda Virtual son solo artículos digitales. Tu derecho a usar cualquier Bien Virtual y Moneda Virtual que obtengas se limita a <br>un derecho no exclusivo, intransferible, no sublicenciable y revocable de usar dichos Bienes Virtuales y Moneda Virtual únicamente para tu entretenimiento personal y uso no comercial y para ningún otro propósito. A excepción de los derechos limitados aquí descritos, no tienes ningún interés de propiedad, derecho o título sobre dichos Bienes Virtuales o Moneda Virtual, los cuales siguen siendo propiedad exclusiva de SEGA. Como se indicó anteriormente, la existencia de una oferta particular de Bienes Virtuales o Moneda Virtual no es un compromiso por parte de SEGA de mantener o continuar poniendo a disposición los Bienes Virtuales o la Moneda Virtual en el futuro. El alcance, la variedad y el tipo de Bienes Virtuales y Moneda Virtual que puedes obtener pueden cambiar en cualquier momento. SEGA tiene el derecho absoluto de administrar, regular, controlar, modificar o eliminar dicha Moneda Virtual o Bienes Virtuales según lo considere oportuno a su entera discreción, y SEGA no tendrá ninguna responsabilidad ante ti o ante cualquier otra persona por el ejercicio de tales derechos.<br>Excepto donde esté explícitamente autorizado por SEGA, (i) las transferencias de Moneda Virtual o Bienes Virtuales están estrictamente prohibidas; (ii) fuera de los Servicios, no puedes comprar ni vender ninguna Moneda Virtual o Bien Virtual por dinero del """"mundo real"""" ni intercambiar artículos por valor; y (iii) SEGA no reconoce ninguna supuesta transferencia de Moneda Virtual o Bienes Virtuales, ni la supuesta <br>venta, regalo o intercambio en el """"mundo real"""" de nada que aparezca en los Servicios. Cualquier intento de hacer algo de lo anterior es una violación de estos Términos y resultará en la terminación automática de tus derechos para usar la Moneda Virtual o los Bienes Virtuales y puede resultar en la terminación de tu Cuenta, una prohibición de por vida de los Servicios y/o posibles acciones legales. Aceptas que todas las ventas de Bienes Virtuales y Moneda Virtual son finales. No se otorgarán reembolsos, excepto a la entera y absoluta discreción de SEGA. Todos los Bienes Virtuales y la Moneda Virtual se perderán si tu Cuenta es cancelada o suspendida por cualquier motivo, a la entera y absoluta discreción de SEGA, o si SEGA deja de proporcionar los Servicios.<br>TÉRMINOS DE PAGO<br>Ciertos aspectos de los Servicios se proporcionan, o pueden proporcionarse en el futuro, por una tarifa u otro cargo. En el caso de que elijas utilizar aspectos pagos de los <br>Servicios (por ejemplo, si decides comprar Moneda Virtual o Bienes Virtuales), aceptas las políticas de precios, pagos y facturación aplicables a dichas tarifas y cargos, tal como se publican en los Servicios. Todas las tarifas no son reembolsables ni transferibles, excepto según lo dispuesto expresamente en estos Términos. Todas las tarifas e impuestos aplicables, si los hubiera, se pagan en la moneda asociada con la cuenta que utilizas para comprar Servicios de pago.<br>PRIVACIDAD<br>Consulta la Política de Privacidad de SEGA para obtener información y avisos sobre la recopilación y el uso de tu información personal por parte de SEGA.<br>PROPIEDAD<br>Los Servicios (incluidos, entre otros, cualquier juego, título, código informático, temas, objetos, personajes, nombres de personajes, historias, diálogos, frases, conceptos, arte, animaciones, sonidos, composiciones musicales, <br>efectos audiovisuales, métodos de operación, derechos morales, documentación, transcripciones de chat dentro de los Servicios, información del perfil del personaje, grabaciones de juegos jugados utilizando los Servicios y software del servidor) y el Contenido Colectivo están protegidos por derechos de autor, marcas comerciales y otras leyes de Japón y países extranjeros. Reconoces y aceptas que los Servicios y el Contenido de SEGA, incluidos todos los derechos de propiedad intelectual asociados, son propiedad exclusiva de SEGA y sus licenciantes. <br>No eliminarás, alterarás ni ocultarás ningún aviso de derechos de autor, marca comercial, marca de servicio u otros derechos de propiedad incorporados o que acompañen a los Servicios o al Contenido Colectivo.<br>LICENCIAS OTORGADAS POR SEGA SOBRE EL CONTENIDO DE SEGA Y EL CONTENIDO DE USUARIO<br>Sujeto a tu cumplimiento de los términos y condiciones de estos Términos, SEGA te otorga una licencia limitada, no exclusiva e intransferible: (i) para acceder y utilizar cualquier Contenido de SEGA únicamente para tu entretenimiento personal y fines no comerciales; y (ii) para ver cualquier Contenido de Usuario al que tengas permiso de acceso únicamente para tus fines personales y no comerciales. No tienes derecho a sublicenciar los derechos de licencia otorgados en esta sección.<br>No utilizarás, copiarás, adaptarás, modificarás, prepararás trabajos derivados basados en, distribuirás, licenciarás, venderás, transferirás, mostrarás públicamente, ejecutarás públicamente, transmitirás, emitirás ni explotarás de ninguna otra manera los Servicios o el Contenido Colectivo, excepto según lo permitido expresamente en estos Términos. No se te otorgan licencias ni derechos por implicación o de otra manera bajo ningún derecho de propiedad intelectual propiedad o controlado por SEGA o sus licenciantes, excepto por las licencias y derechos expresamente otorgados en estos Términos.<br>LICENCIA OTORGADA POR EL USUARIO<br>Podemos, a nuestra entera discreción, permitir a los Usuarios publicar, subir, enviar o transmitir Contenido de Usuario. Al poner a disposición cualquier Contenido de Usuario en o a través de los Servicios, por la presente otorgas a SEGA una licencia mundial, irrevocable, perpetua, no exclusiva, transferible y libre de regalías, con derecho a sublicenciar, para usar, ver, copiar, adaptar, modificar, distribuir, licenciar, transferir, mostrar públicamente, ejecutar públicamente, transmitir, emitir y explotar de cualquier otra manera dicho Contenido de Usuario únicamente en, a través o mediante los Servicios. SEGA no reclama ningún derecho de propiedad sobre ningún Contenido de Usuario y nada en estos Términos se considerará que restrinja los derechos que puedas tener para usar y explotar cualquier Contenido de Usuario.<br>Reconoces y aceptas que eres el único responsable de todo el Contenido de Usuario que pongas a disposición a través de los Servicios. En consecuencia, declaras y garantizas que: (i) eres el único y exclusivo propietario de todo el Contenido de Usuario que pones a disposición a través de los Servicios o que tienes todos los derechos, licencias, consentimientos y permisos que son necesarios para otorgar a SEGA los derechos sobre dicho Contenido de Usuario, según lo contemplado en estos Términos; y (ii) ni el Contenido de Usuario ni tu publicación, carga, envío o transmisión del Contenido de Usuario o el uso por parte de SEGA del Contenido de Usuario (o cualquier parte del mismo) en, a través o mediante los Servicios infringirá, se apropiará indebidamente o violará la patente, derechos de autor, marca comercial, secreto comercial, derechos morales u otros derechos de propiedad intelectual, o derechos de publicidad o privacidad de un tercero, o resultará en la violación de cualquier ley o regulación aplicable.<br> <br>COMENTARIOS<br>Agradecemos y te animamos a proporcionar comentarios y sugerencias para mejorar los Servicios (""""Comentarios""""). Puedes enviar Comentarios enviándonos un correo electrónico. Reconoces y aceptas que si nos envías cualquier Comentario, por la presente nos otorgas una licencia no exclusiva, mundial, perpetua, irrevocable, totalmente pagada, libre de regalías, sublicenciable y transferible bajo todos y cada uno de los derechos de propiedad intelectual que poseas o controles para usar, copiar, modificar, crear trabajos derivados basados en y explotar de otra manera los Comentarios para cualquier propósito."
UseAgreement,1,UseAgreement_Decide,Aceptar y reconocer
UseAgreement,1,UseAgreement_Cancel,Rechazar
UseAgreement,1,UseAgreement_WebLink,Revisar el acuerdo de usuario
UseAgreement,1,UseAgreementConfirm,Debes aceptar el Acuerdo de Usuario antes de<br>poder jugar. ¿Seguro que quieres salir?
UseAgreement,1,UseAgreementURL,https://pso2.com
UseAgreement,1,UseAgreement_xone_Message_break2,"PROHIBICIONES GENERALES<br>Aceptas no hacer nada de lo siguiente:<br>• Publicar, subir, enviar o transmitir cualquier Contenido que: (i) infrinja, se apropie indebidamente o viole una patente, derechos de autor, marca comercial, secreto comercial, derechos morales u otros derechos de propiedad intelectual de terceros, o derechos de publicidad o privacidad; (ii) viole, o fomente cualquier conducta que violaría, cualquier ley o regulación aplicable o que daría lugar a responsabilidad civil; (iii) sea fraudulento, falso, engañoso o equívoco; (iv) sea difamatorio, obsceno, pornográfico, vulgar u ofensivo; (v) promueva la discriminación, intolerancia, racismo, odio, acoso o daño contra cualquier individuo o grupo; (vi) sea violento o amenazante o promueva la violencia o acciones amenazantes para cualquier persona o entidad; o (vii) promueva actividades o sustancias ilegales o dañinas.<br>• Usar, mostrar, reflejar o enmarcar los Servicios, o cualquier elemento individual dentro de los Servicios, el nombre de SEGA, cualquier marca comercial, logotipo u otra información de propiedad de SEGA, o el diseño y la disposición de los Servicios, sin el consentimiento expreso por escrito de SEGA;<br>• Acceder, manipular o usar áreas no públicas de los Servicios, los sistemas informáticos de SEGA o los sistemas de entrega técnica de los proveedores de SEGA;<br>• Intentar sondear, escanear o probar la vulnerabilidad de cualquier sistema o red de SEGA o violar cualquier medida de seguridad o autenticación;<br>• Evitar, eludir, eliminar, desactivar, deteriorar, descifrar o sortear cualquier medida tecnológica implementada por SEGA o cualquiera de los proveedores de SEGA o cualquier otro tercero (incluido otro usuario) para proteger los Servicios o el Contenido Colectivo;<br>• Intentar acceder o buscar en los Servicios o en el Contenido Colectivo o descargar Contenido Colectivo de los Servicios mediante el uso de cualquier motor, software, herramienta, agente, dispositivo o mecanismo (incluidas arañas, robots, rastreadores, herramientas de extracción de datos o similares) distintos del software y/o agentes de búsqueda proporcionados por SEGA u otros navegadores web de terceros generalmente disponibles;<br>• Enviar publicidad, materiales promocionales, correo electrónico, correo basura, spam, cartas en cadena u otra forma de solicitud no deseada o no autorizada;<br>• Usar metaetiquetas u otro texto oculto o metadatos utilizando una marca comercial, URL de logotipo o nombre de producto de SEGA sin el consentimiento expreso por escrito de SEGA;<br>• Usar los Servicios o el Contenido Colectivo para cualquier propósito comercial o en beneficio de un tercero o de cualquier manera no permitida por estos Términos;<br>• Falsificar cualquier encabezado de paquete TCP/IP o cualquier parte de la información del encabezado en cualquier correo electrónico o publicación de grupo de noticias, o usar de cualquier manera los Servicios o el Contenido Colectivo para enviar información de identificación de origen alterada, engañosa o falsa;<br>• Intentar descifrar, descompilar, desensamblar o realizar ingeniería inversa de cualquiera de los programas de software utilizados para proporcionar los Servicios o el Contenido Colectivo;<br>• Interferir, o intentar interferir, con el acceso de cualquier usuario, host o red, incluyendo, sin limitación, enviar un virus, sobrecargar, inundar, enviar spam o bombardear con correos electrónicos los Servicios;<br>• Recopilar o almacenar cualquier información de identificación personal de los Servicios de otros usuarios de los Servicios sin su permiso expreso;<br>• Hacerse pasar por o tergiversar su afiliación con cualquier persona o entidad;<br>• Crear una Cuenta si eres un delincuente sexual registrado;<br>• Violar cualquier ley o regulación aplicable; o<br>• Animar o permitir que cualquier otro individuo haga cualquiera de las acciones anteriores.<br> <br>REGLAS PARA EL USO DE LOS SERVICIOS<br>Además de las Prohibiciones Generales enumeradas anteriormente, tu juego y participación en los Servicios se rigen por reglas específicas (""""Reglas"""") mantenidas y aplicadas exclusivamente por SEGA. Tu cooperación para comprender y cumplir con las Reglas es esencial para garantizar que todos los Usuarios puedan disfrutar de su experiencia con los Servicios. Según las Reglas, debes:<br>• respetar los derechos de otros Usuarios a disfrutar y jugar los Servicios. Para este fin, no puedes defraudar, acosar, amenazar o causar angustia y/o atención no deseada a otros Usuarios.<br>• no hacer spam, inundar o hacer publicaciones duplicadas, publicar solicitudes comerciales o anuncios al participar en cualquier interacción con otros Usuarios o cualquier empleado o agente de SEGA, incluidos los representantes de servicio al cliente, o interrumpir de otro modo el flujo normal de diálogo, o usar lenguaje sexualmente explícito, dañino, amenazante, abusivo, difamatorio, obsceno, odioso o racial o étnicamente ofensivo o vincular a cualquier lenguaje o contenido de este tipo;<br>• no hacerte pasar por ningún empleado o agente, incluidos los representantes de servicio al cliente, de SEGA o sus afiliados;<br>• no publicar ni comunicar la información del """"mundo real"""" de ningún Usuario (nombre, dirección, nombre de cuenta, etc.) a través de los Servicios;<br>• no ofrecer ni realizar servicios dentro de los Servicios por dinero en efectivo del """"mundo real"""";<br>• no intercambiar ni transferir (ya sea dentro o fuera de los Servicios) ninguna Moneda Virtual o Bienes Virtuales disponibles en los Servicios, excepto según lo permitido por el juego dentro de los Servicios;<br>• no organizar ni ser miembro de ningún grupo dentro de los Servicios que se base en o defienda valores racistas, sexistas, antirreligiosos, antiétnicos, antigay u otros valores discriminatorios;<br>• no explotar ningún error en las características de diseño que no se haya documentado, y/o """"errores"""" para obtener acceso a contenido que de otro modo no estaría disponible para los Usuarios, o para obtener una ventaja competitiva sobre otros Usuarios o cualquier otro beneficio no intencionado; o comunicar la existencia de dichos errores o """"bugs"""", ya sea directamente o a través de publicaciones públicas, a otros Usuarios. Los errores y fallos deben informarnos de inmediato a -;<br>• no usar ningún programa de terceros (como un """"bot"""") para automatizar las funciones del juego, incluido jugar, interactuar o recopilar Moneda Virtual o Bienes Virtuales dentro de los Servicios; o<br>• no hacer trampa como parte del juego dentro de los Servicios ni participar en ninguna otra conducta que sea irrespetuosa con otros Usuarios o contraria al """"espíritu"""" de los Servicios.<br> <br>APLICACIÓN<br>SEGA tendrá derecho a investigar y procesar violaciones de cualquiera de estos Términos en la mayor medida permitida por la ley, incluyendo, sin limitación, las Prohibiciones Generales y las Reglas. SEGA puede involucrar y cooperar con las autoridades policiales en el procesamiento de usuarios que violen estos Términos. Reconoces que SEGA no tiene la obligación de monitorear tu acceso o uso de los Servicios o del Contenido Colectivo o revisar o editar cualquier Contenido Colectivo, pero tiene el derecho de hacerlo con el fin de operar los Servicios, garantizar tu cumplimiento de estos Términos, o cumplir con la ley aplicable o la orden o requisito de un tribunal, agencia administrativa u otro organismo gubernamental. SEGA se reserva el derecho, en cualquier momento y sin previo aviso, de eliminar o deshabilitar el acceso a cualquier Contenido Colectivo que SEGA, a su entera discreción, considere que viola estos Términos o que de otra manera sea perjudicial para los Servicios.<br>POLÍTICA DE DERECHOS DE AUTOR<br>SEGA respeta la ley de derechos de autor y espera que sus usuarios hagan lo mismo. <br>Es política de SEGA cancelar, en las circunstancias apropiadas, a los Usuarios u otros titulares de cuentas que infrinjan repetidamente o que se crea que infringen repetidamente los derechos de los titulares de los derechos de autor.<br>ENLACES<br>Los Servicios pueden contener enlaces a sitios web o recursos de terceros. Reconoces y aceptas que SEGA no es responsable de: (i) la disponibilidad o precisión de dichos sitios web o recursos; o (ii) el contenido, productos o servicios en o disponibles en dichos sitios web o recursos. Los enlaces a dichos sitios web o recursos no implican ningún respaldo por parte de SEGA de dichos sitios web o recursos o del contenido, productos o servicios disponibles en dichos sitios web o recursos. Reconoces la responsabilidad exclusiva y asumes todos los riesgos derivados de tu uso de cualquier sitio web o recurso de este tipo o del contenido, productos o servicios en o disponibles en dichos sitios web o recursos.<br>TERMINACIÓN Y CANCELACIÓN DE LA CUENTA<br>Si incumples cualquiera de estos Términos, SEGA tendrá derecho a suspender o deshabilitar tu Cuenta o dar por terminados estos Términos, a su entera discreción y sin previo aviso. SEGA se reserva el derecho de revocar tu acceso y uso de los Servicios y del Contenido Colectivo en cualquier momento, con o sin causa. En el caso de que SEGA dé por terminados estos Términos por tu incumplimiento, seguirás siendo responsable de todas las cantidades adeudadas en virtud del presente. Puedes cancelar tu Cuenta con SEGA en cualquier momento enviando un correo electrónico a.<br>RENUNCIAS<br>LOS SERVICIOS Y EL CONTENIDO COLECTIVO SE PROPORCIONAN """"TAL CUAL"""", SIN GARANTÍA DE NINGÚN TIPO, YA SEA EXPRESA O IMPLÍCITA. SIN LIMITAR LO ANTERIOR, SEGA RENUNCIA EXPLÍCITAMENTE A CUALQUIER GARANTÍA DE COMERCIABILIDAD, IDONEIDAD PARA UN PROPÓSITO PARTICULAR, DISFRUTE PACÍFICO O NO INFRACCIÓN, Y CUALQUIER GARANTÍA QUE SURJA DEL CURSO DE LA NEGOCIACIÓN O DEL USO COMERCIAL. SEGA NO GARANTIZA QUE LOS SERVICIOS O EL CONTENIDO COLECTIVO CUMPLIRÁN CON TUS REQUISITOS O ESTARÁN DISPONIBLES DE FORMA ININTERRUMPIDA, SEGURA O LIBRE DE ERRORES. SEGA NO OFRECE NINGUNA GARANTÍA CON RESPECTO A LA CALIDAD DE CUALQUIER PRODUCTO, SERVICIO O CONTENIDO COLECTIVO COMPRADO U OBTENIDO A TRAVÉS DE LOS SERVICIOS O LA PRECISIÓN, PUNTUALIDAD, VERACIDAD, INTEGRIDAD O CONFIABILIDAD DE CUALQUIER CONTENIDO OBTENIDO A TRAVÉS DE LOS SERVICIOS.<br>NINGÚN CONSEJO O INFORMACIÓN, YA SEA ORAL O ESCRITO, OBTENIDO DE SEGA O A TRAVÉS DE LOS SERVICIOS O EL CONTENIDO COLECTIVO, CREARÁ NINGUNA GARANTÍA QUE NO ESTÉ EXPRESAMENTE ESTABLECIDA EN ESTE DOCUMENTO.<br>LOS SERVICIOS SOLO SE PUEDEN JUGAR EN LÍNEA O A TRAVÉS DE UN DISPOSITIVO DE CONSOLA. ERES EL ÚNICO RESPONSABLE DE OBTENER Y MANTENER CONEXIONES DE INTERNET Y PLANES DE DISPOSITIVOS DE CONSOLA ADECUADOS Y PAGAR CUALQUIER CARGO RELACIONADO CON EL USO DE LOS SERVICIOS.<br>ERES EL ÚNICO RESPONSABLE DE TODAS TUS COMUNICACIONES E INTERACCIONES CON OTROS USUARIOS DE LOS SERVICIOS Y CON OTRAS PERSONAS CON LAS QUE TE COMUNIQUES O INTERACTÚES COMO RESULTADO DE TU USO DE LOS SERVICIOS. ENTIENDES QUE SEGA NO EVALÚA NI INVESTIGA LOS ANTECEDENTES DE NINGÚN USUARIO DE LOS SERVICIOS, NI SEGA HACE NINGÚN INTENTO DE VERIFICAR LAS DECLARACIONES DE LOS USUARIOS DE LOS SERVICIOS. SEGA NO HACE DECLARACIONES NI GARANTÍAS EN CUANTO A LA CONDUCTA DE LOS USUARIOS DE LOS SERVICIOS O SU COMPATIBILIDAD CON CUALQUIER USUARIO ACTUAL O FUTURO DE LOS SERVICIOS. ACEPTAS TOMAR PRECAUCIONES RAZONABLES EN TODAS LAS COMUNICACIONES E INTERACCIONES CON OTROS USUARIOS DE LOS SERVICIOS Y CON OTRAS PERSONAS CON LAS QUE TE COMUNIQUES O INTERACTÚES COMO RESULTADO DE TU USO DE LOS SERVICIOS, ESPECIALMENTE SI DECIDES REUNIRTE FUERA DE LÍNEA O EN PERSONA.<br>INDEMNIZACIÓN<br>Aceptas defender, indemnizar y eximir a SEGA, sus funcionarios, directores, empleados y agentes de y contra cualquier reclamo, responsabilidad, daño, pérdida y gasto, incluyendo, sin limitación, honorarios legales y contables razonables, que surjan de o estén de alguna manera conectados con tu acceso o uso de los Servicios o del Contenido Colectivo, o tu violación de estos Términos.<br>LIMITACIÓN DE RESPONSABILIDAD<br>RECONOCES Y ACEPTAS QUE, EN LA MEDIDA MÁXIMA PERMITIDA POR LA LEY, TODO EL RIESGO QUE SURJA DE TU ACCESO Y USO DE LOS SERVICIOS Y EL CONTENIDO COLECTIVO RECAE SOBRE TI. NI SEGA NI NINGUNA OTRA PERSONA O ENTIDAD INVOLUCRADA EN LA CREACIÓN, PRODUCCIÓN O ENTREGA DE LOS SERVICIOS O EL CONTENIDO COLECTIVO SERÁ RESPONSABLE DE NINGÚN DAÑO INCIDENTAL, ESPECIAL, EJEMPLAR O CONSECUENTE, INCLUIDA LA PÉRDIDA DE BENEFICIOS, PÉRDIDA DE DATOS O PÉRDIDA DE FONDO DE COMERCIO, INTERRUPCIÓN DEL SERVICIO, DAÑO INFORMÁTICO O FALLA DEL SISTEMA O EL COSTO DE PRODUCTOS O SERVICIOS DE SUSTITUCIÓN, O POR CUALQUIER DAÑO POR LESIÓN PERSONAL O CORPORAL O ANGUSTIA EMOCIONAL QUE SURJA DE O EN CONEXIÓN CON ESTOS TÉRMINOS O DEL USO O INCAPACIDAD DE USAR LOS SERVICIOS O EL CONTENIDO COLECTIVO, O DE CUALQUIER COMUNICACIÓN, INTERACCIÓN O REUNIÓN CON OTROS USUARIOS DE LOS SERVICIOS U OTRAS PERSONAS CON LAS QUE TE COMUNIQUES O INTERACTÚES COMO RESULTADO DE TU USO DE LOS SERVICIOS, YA SEA BASADO EN GARANTÍA, CONTRATO, AGRAVIO (INCLUYENDO NEGLIGENCIA), RESPONSABILIDAD DEL PRODUCTO O CUALQUIER OTRA TEORÍA LEGAL, Y HAYA SIDO O NO INFORMADA SEGA DE LA POSIBILIDAD DE TAL DAÑO, INCLUSO SI SE ENCUENTRA QUE UN REMEDIO LIMITADO ESTABLECIDO EN ESTE DOCUMENTO HA FALLADO EN SU PROPÓSITO ESENCIAL.<br>EN NINGÚN CASO LA RESPONSABILIDAD TOTAL DE SEGA QUE SURJA DE O EN CONEXIÓN CON ESTOS TÉRMINOS O DEL USO O INCAPACIDAD DE USAR LOS SERVICIOS O EL CONTENIDO COLECTIVO EXCEDERÁ LAS CANTIDADES QUE HAYAS PAGADO A SEGA POR EL USO DE LOS SERVICIOS O EL CONTENIDO COLECTIVO EN EL PERÍODO DE TRES (3) MESES ANTERIOR A LA RECLAMACIÓN QUE DIO LUGAR A LA RESPONSABILIDAD, SI HAS REALIZADO ALGÚN PAGO A SEGA. LAS LIMITACIONES DE DAÑOS ESTABLECIDAS ANTERIORMENTE SON ELEMENTOS FUNDAMENTALES DE LA BASE DEL ACUERDO ENTRE SEGA Y TÚ. ALGUNAS JURISDICCIONES NO PERMITEN LA EXCLUSIÓN O LIMITACIÓN DE RESPONSABILIDAD POR DAÑOS CONSECUENTES O INCIDENTALES, POR LO QUE LA LIMITACIÓN ANTERIOR PUEDE NO APLICARSE A TI.<br>AVISOS DE DERECHOS DE PROPIEDAD<br>Todas las marcas comerciales, marcas de servicio, logotipos, nombres comerciales y cualquier otra designación de propiedad de SEGA utilizada aquí son marcas comerciales o marcas comerciales registradas de SEGA. Cualquier otra marca comercial, marca de servicio, logotipo, nombre comercial y cualquier otra designación de propiedad son marcas comerciales o marcas comerciales registradas de sus respectivas partes.<br>LEY APLICABLE Y JURISDICCIÓN<br>Estos Términos y cualquier acción relacionada con ellos se regirán por las leyes de Japón sin tener en cuenta sus disposiciones sobre conflictos de leyes. La jurisdicción y el lugar exclusivos de cualquier acción para prevenir la infracción, apropiación indebida o violación real o amenazada de los derechos de autor, marcas comerciales, secretos comerciales, patentes u otros derechos de propiedad intelectual de una de las partes serán los tribunales de distrito de Tokio y cada una de las partes en el presente documento renuncia a cualquier objeción a la jurisdicción y el lugar en dichos tribunales.<br>CONTROL DE EXPORTACIÓN<br>Aceptas cumplir plenamente con todas las leyes y regulaciones de exportación japonesas y extranjeras para garantizar que ni las Aplicaciones ni ningún dato técnico relacionado con las mismas ni ningún producto directo de las mismas se exporten o reexporten directa o indirectamente en violación de, o se utilicen para cualquier propósito prohibido por, dichas leyes y regulaciones. ACUERDO COMPLETO<br>Estos Términos constituyen el entendimiento y acuerdo completo y exclusivo entre SEGA y tú con respecto a los Servicios y el Contenido Colectivo, y estos Términos reemplazan y sustituyen a todos y cada uno de los entendimientos o acuerdos orales o escritos anteriores entre SEGA y tú con respecto a los Servicios y el Contenido Colectivo.<br>ASIGNACIÓN<br>No puedes asignar ni transferir estos Términos, por ministerio de la ley o de otra manera, sin el consentimiento previo por escrito de SEGA. Cualquier intento tuyo de asignar o transferir estos Términos, sin dicho consentimiento, será nulo y sin efecto. SEGA puede asignar o transferir estos Términos, a su entera discreción, sin restricción. Sujeto a lo anterior, estos Términos vincularán y redundarán en beneficio de las partes, sus sucesores y cesionarios permitidos.<br>AVISOS<br>Cualquier aviso u otras comunicaciones permitidas o requeridas en virtud del presente, incluidas las relativas a las modificaciones de estos Términos, se realizarán por escrito y serán proporcionadas por SEGA: (i) por correo electrónico (en cada caso a la dirección que proporciones, según <br>corresponda); o (ii) mediante publicación a través de los Servicios. Para los avisos realizados por correo electrónico, se considerará fecha de recepción la fecha en la que se transmite dicho aviso.<br><br>RESOLUCIÓN DE DISPUTAS<br>Tú y SEGA aceptáis que cualquier disputa, reclamación o controversia que surja de o esté relacionada con estos Términos o el incumplimiento, terminación, aplicación, interpretación o validez de los mismos o el uso de los Servicios (colectivamente, """"Disputas"""") se resolverá mediante arbitraje vinculante, excepto que cada parte conserva el derecho a entablar una acción individual en un tribunal de reclamos menores y el derecho a buscar medidas cautelares u otra compensación equitativa en un tribunal de jurisdicción competente para evitar la infracción, apropiación indebida o violación real o inminente de los derechos de autor, marcas comerciales, secretos comerciales, patentes u otros derechos de propiedad intelectual de una parte. Reconoces y aceptas que tú y SEGA renuncian al derecho a un juicio por jurado o a participar como demandante o Usuario de un grupo en cualquier supuesta acción de clase o procedimiento representativo. Además, a menos que tanto tú como SEGA acuerden lo contrario por escrito, el árbitro no podrá consolidar las reclamaciones de más de una persona, y no podrá de otro modo presidir ninguna forma de procedimiento de clase o representativo. Si se determina que este párrafo específico es inaplicable, entonces la totalidad de esta sección de """"Resolución de disputas"""" se considerará nula. Salvo lo dispuesto en la oración anterior, esta sección de """"Resolución de disputas"""" sobrevivirá a cualquier terminación de estos Términos.<br>Reglas de arbitraje y ley aplicable. El arbitraje será administrado por la Asociación de Arbitraje Comercial de Japón (""""JCAA"""") de acuerdo con las Disputas de las Reglas de Arbitraje Comercial (las """"Reglas de la JCAA"""") vigentes en ese momento, excepto según lo modificado por esta sección de """"Resolución de disputas"""". (Las Reglas de la JCAA están disponibles en http://www.jcaa.or.jp/e/ o contactando a la JCAA por teléfono al 03 (5280) 5200 o por fax al 03 (5280) 5170). La Ley de Arbitraje de Japón (Ley No. 138 de 2003) regirá la interpretación y aplicación de esta Sección.<br>Proceso de arbitraje. Una parte que desee iniciar un arbitraje debe proporcionar a la otra parte una """"Solicitud de Arbitraje"""" por escrito como se especifica en las Reglas de la JCAA. Los procedimientos de arbitraje se llevarán a cabo en Tokio, Japón. El tribunal arbitral, compuesto por uno o más árbitros de acuerdo con las Reglas de la JCAA, tendrá la entera discreción para determinar el alcance y la programación de todos y cada uno de los descubrimientos que se promulgarán para resolver cualquier disputa entre las partes en virtud del presente. Si el reclamo de una parte no excede los <br>JPY 20,000,000, los procedimientos de arbitraje se llevarán a cabo de acuerdo con el Capítulo VI """"Procedimientos Acelerados"""" de las Reglas de la JCAA. Los costos y honorarios de abogados incurridos por cada parte en el arbitraje no serán reembolsados por la otra parte. La Regla 83.2 de las Reglas de la JCAA no se aplicará. <br><br>Cambios. A pesar de las disposiciones de la sección """"Modificación"""" anterior, si SEGA cambia esta sección de """"Resolución de disputas"""" después de la fecha en que aceptaste estos Términos por primera vez (o aceptaste cualquier cambio posterior a estos Términos), puedes rechazar cualquier cambio de este tipo enviándonos una notificación por escrito (incluso por correo electrónico a dentro de los 30 días posteriores a la fecha en que dicho cambio entró en vigencia, como se indica en la """"Fecha de última actualización"""" anterior o en la fecha del correo electrónico de SEGA notificándote sobre dicho cambio. Al rechazar cualquier cambio, aceptas que arbitrarás cualquier Disputa entre tú y SEGA de acuerdo con las disposiciones de esta sección de """"Resolución de disputas"""" a partir de la fecha en que aceptaste estos Términos por primera vez (o aceptaste cualquier cambio posterior a estos Términos).<br><br><br><br><br>GENERAL<br>El hecho de que SEGA no haga valer cualquier derecho o disposición de estos Términos no constituirá una renuncia a la aplicación futura de ese derecho o disposición. La renuncia a cualquier derecho o disposición de este tipo será efectiva solo si se hace por escrito y está firmada por un representante debidamente autorizado de SEGA. Salvo lo expresamente establecido en estos Términos, el ejercicio por cualquiera de las partes de cualquiera de sus recursos bajo estos Términos se hará sin perjuicio de sus otros recursos bajo estos Términos o de otra manera. Si por alguna razón un tribunal de jurisdicción competente determina que alguna disposición de estos Términos es inválida o inaplicable, esa disposición se aplicará en la mayor medida permitida y las demás disposiciones de estos Términos permanecerán en pleno vigor y efecto.<br>CONTACTAR A SEGA<br>Si tienes alguna pregunta sobre estos Términos, comunícate con SEGA en<br>Sega of America, Inc.<br><br>6400 Oak Canyon, Suite 100, Irvine, CA 92618, EE. UU.<br>Ventas y distribución al consumidor<br>https://support.pso2.com"
UseAgreement,1,UseAgreement_win10_Message_break2,"PROHIBICIONES GENERALES<br>Aceptas no hacer nada de lo siguiente:<br>• Publicar, subir, enviar o transmitir cualquier Contenido que: (i) infrinja, se apropie indebidamente o viole una patente, derechos de autor, marca comercial, secreto comercial, derechos morales u otros derechos de propiedad intelectual de terceros, o derechos de publicidad o privacidad; (ii) viole, o fomente cualquier conducta que violaría, cualquier ley o regulación aplicable o que daría lugar a responsabilidad civil; (iii) sea fraudulento, falso, engañoso o equívoco; (iv) sea difamatorio, obsceno, pornográfico, vulgar u ofensivo; (v) promueva la discriminación, intolerancia, racismo, odio, acoso o daño contra cualquier individuo o grupo; (vi) sea violento o amenazante o promueva la violencia o acciones amenazantes para cualquier persona o entidad; o (vii) promueva actividades o sustancias ilegales o dañinas.<br>• Usar, mostrar, reflejar o enmarcar los Servicios, o cualquier elemento individual dentro de los Servicios, el nombre de SEGA, cualquier marca comercial, logotipo u otra información de propiedad de SEGA, o el diseño y la disposición de los Servicios, sin el consentimiento expreso por escrito de SEGA;<br>• Acceder, manipular o usar áreas no públicas de los Servicios, los sistemas informáticos de SEGA o los sistemas de entrega técnica de los proveedores de SEGA;<br>• Intentar sondear, escanear o probar la vulnerabilidad de cualquier sistema o red de SEGA o violar cualquier medida de seguridad o autenticación;<br>• Evitar, eludir, eliminar, desactivar, deteriorar, descifrar o sortear cualquier medida tecnológica implementada por SEGA o cualquiera de los proveedores de SEGA o cualquier otro tercero (incluido otro usuario) para proteger los Servicios o el Contenido Colectivo;<br>• Intentar acceder o buscar en los Servicios o en el Contenido Colectivo o descargar Contenido Colectivo de los Servicios mediante el uso de cualquier motor, software, herramienta, agente, dispositivo o mecanismo (incluidas arañas, robots, rastreadores, herramientas de extracción de datos o similares) distintos del software y/o agentes de búsqueda proporcionados por SEGA u otros navegadores web de terceros generalmente disponibles;<br>• Enviar publicidad, materiales promocionales, correo electrónico, correo basura, spam, cartas en cadena u otra forma de solicitud no deseada o no autorizada;<br>• Usar metaetiquetas u otro texto oculto o metadatos utilizando una marca comercial, URL de logotipo o nombre de producto de SEGA sin el consentimiento expreso por escrito de SEGA;<br>• Usar los Servicios o el Contenido Colectivo para cualquier propósito comercial o en beneficio de un tercero o de cualquier manera no permitida por estos Términos;<br>• Falsificar cualquier encabezado de paquete TCP/IP o cualquier parte de la información del encabezado en cualquier correo electrónico o publicación de grupo de noticias, o usar de cualquier manera los Servicios o el Contenido Colectivo para enviar información de identificación de origen alterada, engañosa o falsa;<br>• Intentar descifrar, descompilar, desensamblar o realizar ingeniería inversa de cualquiera de los programas de software utilizados para proporcionar los Servicios o el Contenido Colectivo;<br>• Interferir, o intentar interferir, con el acceso de cualquier usuario, host o red, incluyendo, sin limitación, enviar un virus, sobrecargar, inundar, enviar spam o bombardear con correos electrónicos los Servicios;<br>• Recopilar o almacenar cualquier información de identificación personal de los Servicios de otros usuarios de los Servicios sin su permiso expreso;<br>• Hacerse pasar por o tergiversar su afiliación con cualquier persona o entidad;<br>• Crear una Cuenta si eres un delincuente sexual registrado;<br>• Violar cualquier ley o regulación aplicable; o<br>• Animar o permitir que cualquier otro individuo haga cualquiera de las acciones anteriores.<br> <br>REGLAS PARA EL USO DE LOS SERVICIOS<br>Además de las Prohibiciones Generales enumeradas anteriormente, tu juego y participación en los Servicios se rigen por reglas específicas (""""Reglas"""") mantenidas y aplicadas exclusivamente por SEGA. Tu cooperación para comprender y cumplir con las Reglas es esencial para garantizar que todos los Usuarios puedan disfrutar de su experiencia con los Servicios. Según las Reglas, debes:<br>• respetar los derechos de otros Usuarios a disfrutar y jugar los Servicios. Para este fin, no puedes defraudar, acosar, amenazar o causar angustia y/o atención no deseada a otros Usuarios.<br>• no hacer spam, inundar o hacer publicaciones duplicadas, publicar solicitudes comerciales o anuncios al participar en cualquier interacción con otros Usuarios o cualquier empleado o agente de SEGA, incluidos los representantes de servicio al cliente, o interrumpir de otro modo el flujo normal de diálogo, o usar lenguaje sexualmente explícito, dañino, amenazante, abusivo, difamatorio, obsceno, odioso o racial o étnicamente ofensivo o vincular a cualquier lenguaje o contenido de este tipo;<br>• no hacerte pasar por ningún empleado o agente, incluidos los representantes de servicio al cliente, de SEGA o sus afiliados;<br>• no publicar ni comunicar la información del """"mundo real"""" de ningún Usuario (nombre, dirección, nombre de cuenta, etc.) a través de los Servicios;<br>• no ofrecer ni realizar servicios dentro de los Servicios por dinero en efectivo del """"mundo real"""";<br>• no intercambiar ni transferir (ya sea dentro o fuera de los Servicios) ninguna Moneda Virtual o Bienes Virtuales disponibles en los Servicios, excepto según lo permitido por el juego dentro de los Servicios;<br>• no organizar ni ser miembro de ningún grupo dentro de los Servicios que se base en o defienda valores racistas, sexistas, antirreligiosos, antiétnicos, antigay u otros valores discriminatorios;<br>• no explotar ningún error en las características de diseño que no se haya documentado, y/o """"errores"""" para obtener acceso a contenido que de otro modo no estaría disponible para los Usuarios, o para obtener una ventaja competitiva sobre otros Usuarios o cualquier otro beneficio no intencionado; o comunicar la existencia de dichos errores o """"bugs"""", ya sea directamente o a través de publicaciones públicas, a otros Usuarios. Los errores y fallos deben informarnos de inmediato a -;<br>• no usar ningún programa de terceros (como un """"bot"""") para automatizar las funciones del juego, incluido jugar, interactuar o recopilar Moneda Virtual o Bienes Virtuales dentro de los Servicios; o<br>• no hacer trampa como parte del juego dentro de los Servicios ni participar en ninguna otra conducta que sea irrespetuosa con otros Usuarios o contraria al """"espíritu"""" de los Servicios.<br> <br>APLICACIÓN<br>SEGA tendrá derecho a investigar y procesar violaciones de cualquiera de estos Términos en la mayor medida permitida por la ley, incluyendo, sin limitación, las Prohibiciones Generales y las Reglas. SEGA puede involucrar y cooperar con las autoridades policiales en el procesamiento de usuarios que violen estos Términos. Reconoces que SEGA no tiene la obligación de monitorear tu acceso o uso de los Servicios o del Contenido Colectivo o revisar o editar cualquier Contenido Colectivo, pero tiene el derecho de hacerlo con el fin de operar los Servicios, garantizar tu cumplimiento de estos Términos, o cumplir con la ley aplicable o la orden o requisito de un tribunal, agencia administrativa u otro organismo gubernamental. SEGA se reserva el derecho, en cualquier momento y sin previo aviso, de eliminar o deshabilitar el acceso a cualquier Contenido Colectivo que SEGA, a su entera discreción, considere que viola estos Términos o que de otra manera sea perjudicial para los Servicios.<br>POLÍTICA DE DERECHOS DE AUTOR<br>SEGA respeta la ley de derechos de autor y espera que sus usuarios hagan lo mismo. <br>Es política de SEGA cancelar, en las circunstancias apropiadas, a los Usuarios u otros titulares de cuentas que infrinjan repetidamente o que se crea que infringen repetidamente los derechos de los titulares de los derechos de autor.<br>ENLACES<br>Los Servicios pueden contener enlaces a sitios web o recursos de terceros. Reconoces y aceptas que SEGA no es responsable de: (i) la disponibilidad o precisión de dichos sitios web o recursos; o (ii) el contenido, productos o servicios en o disponibles en dichos sitios web o recursos. Los enlaces a dichos sitios web o recursos no implican ningún respaldo por parte de SEGA de dichos sitios web o recursos o del contenido, productos o servicios disponibles en dichos sitios web o recursos. Reconoces la responsabilidad exclusiva y asumes todos los riesgos derivados de tu uso de cualquier sitio web o recurso de este tipo o del contenido, productos o servicios en o disponibles en dichos sitios web o recursos.<br>TERMINACIÓN Y CANCELACIÓN DE LA CUENTA<br>Si incumples cualquiera de estos Términos, SEGA tendrá derecho a suspender o deshabilitar tu Cuenta o dar por terminados estos Términos, a su entera discreción y sin previo aviso. SEGA se reserva el derecho de revocar tu acceso y uso de los Servicios y del Contenido Colectivo en cualquier momento, con o sin causa. En el caso de que SEGA dé por terminados estos Términos por tu incumplimiento, seguirás siendo responsable de todas las cantidades adeudadas en virtud del presente. Puedes cancelar tu Cuenta con SEGA en cualquier momento enviando un correo electrónico a.<br>RENUNCIAS<br>LOS SERVICIOS Y EL CONTENIDO COLECTIVO SE PROPORCIONAN """"TAL CUAL"""", SIN GARANTÍA DE NINGÚN TIPO, YA SEA EXPRESA O IMPLÍCITA. SIN LIMITAR LO ANTERIOR, SEGA RENUNCIA EXPLÍCITAMENTE A CUALQUIER GARANTÍA DE COMERCIABILIDAD, IDONEIDAD PARA UN PROPÓSITO PARTICULAR, DISFRUTE PACÍFICO O NO INFRACCIÓN, Y CUALQUIER GARANTÍA QUE SURJA DEL CURSO DE LA NEGOCIACIÓN O DEL USO COMERCIAL. SEGA NO GARANTIZA QUE LOS SERVICIOS O EL CONTENIDO COLECTIVO CUMPLIRÁN CON TUS REQUISITOS O ESTARÁN DISPONIBLES DE FORMA ININTERRUMPIDA, SEGURA O LIBRE DE ERRORES. SEGA NO OFRECE NINGUNA GARANTÍA CON RESPECTO A LA CALIDAD DE CUALQUIER PRODUCTO, SERVICIO O CONTENIDO COLECTIVO COMPRADO U OBTENIDO A TRAVÉS DE LOS SERVICIOS O LA PRECISIÓN, PUNTUALIDAD, VERACIDAD, INTEGRIDAD O CONFIABILIDAD DE CUALQUIER CONTENIDO OBTENIDO A TRAVÉS DE LOS SERVICIOS.<br>NINGÚN CONSEJO O INFORMACIÓN, YA SEA ORAL O ESCRITO, OBTENIDO DE SEGA O A TRAVÉS DE LOS SERVICIOS O EL CONTENIDO COLECTIVO, CREARÁ NINGUNA GARANTÍA QUE NO ESTÉ EXPRESAMENTE ESTABLECIDA EN ESTE DOCUMENTO.<br>LOS SERVICIOS SOLO SE PUEDEN JUGAR EN LÍNEA O A TRAVÉS DE UN DISPOSITIVO DE CONSOLA. ERES EL ÚNICO RESPONSABLE DE OBTENER Y MANTENER CONEXIONES DE INTERNET Y PLANES DE DISPOSITIVOS DE CONSOLA ADECUADOS Y PAGAR CUALQUIER CARGO RELACIONADO CON EL USO DE LOS SERVICIOS.<br>ERES EL ÚNICO RESPONSABLE DE TODAS TUS COMUNICACIONES E INTERACCIONES CON OTROS USUARIOS DE LOS SERVICIOS Y CON OTRAS PERSONAS CON LAS QUE TE COMUNIQUES O INTERACTÚES COMO RESULTADO DE TU USO DE LOS SERVICIOS. ENTIENDES QUE SEGA NO EVALÚA NI INVESTIGA LOS ANTECEDENTES DE NINGÚN USUARIO DE LOS SERVICIOS, NI SEGA HACE NINGÚN INTENTO DE VERIFICAR LAS DECLARACIONES DE LOS USUARIOS DE LOS SERVICIOS. SEGA NO HACE DECLARACIONES NI GARANTÍAS EN CUANTO A LA CONDUCTA DE LOS USUARIOS DE LOS SERVICIOS O SU COMPATIBILIDAD CON CUALQUIER USUARIO ACTUAL O FUTURO DE LOS SERVICIOS. ACEPTAS TOMAR PRECAUCIONES RAZONABLES EN TODAS LAS COMUNICACIONES E INTERACCIONES CON OTROS USUARIOS DE LOS SERVICIOS Y CON OTRAS PERSONAS CON LAS QUE TE COMUNIQUES O INTERACTÚES COMO RESULTADO DE TU USO DE LOS SERVICIOS, ESPECIALMENTE SI DECIDES REUNIRTE FUERA DE LÍNEA O EN PERSONA.<br>INDEMNIZACIÓN<br>Aceptas defender, indemnizar y eximir a SEGA, sus funcionarios, directores, empleados y agentes de y contra cualquier reclamo, responsabilidad, daño, pérdida y gasto, incluyendo, sin limitación, honorarios legales y contables razonables, que surjan de o estén de alguna manera conectados con tu acceso o uso de los Servicios o del Contenido Colectivo, o tu violación de estos Términos.<br>LIMITACIÓN DE RESPONSABILIDAD<br>RECONOCES Y ACEPTAS QUE, EN LA MEDIDA MÁXIMA PERMITIDA POR LA LEY, TODO EL RIESGO QUE SURJA DE TU ACCESO Y USO DE LOS SERVICIOS Y EL CONTENIDO COLECTIVO RECAE SOBRE TI. NI SEGA NI NINGUNA OTRA PERSONA O ENTIDAD INVOLUCRADA EN LA CREACIÓN, PRODUCCIÓN O ENTREGA DE LOS SERVICIOS O EL CONTENIDO COLECTIVO SERÁ RESPONSABLE DE NINGÚN DAÑO INCIDENTAL, ESPECIAL, EJEMPLAR O CONSECUENTE, INCLUIDA LA PÉRDIDA DE BENEFICIOS, PÉRDIDA DE DATOS O PÉRDIDA DE FONDO DE COMERCIO, INTERRUPCIÓN DEL SERVICIO, DAÑO INFORMÁTICO O FALLA DEL SISTEMA O EL COSTO DE PRODUCTOS O SERVICIOS DE SUSTITUCIÓN, O POR CUALQUIER DAÑO POR LESIÓN PERSONAL O CORPORAL O ANGUSTIA EMOCIONAL QUE SURJA DE O EN CONEXIÓN CON ESTOS TÉRMINOS O DEL USO O INCAPACIDAD DE USAR LOS SERVICIOS O EL CONTENIDO COLECTIVO, O DE CUALQUIER COMUNICACIÓN, INTERACCIÓN O REUNIÓN CON OTROS USUARIOS DE LOS SERVICIOS U OTRAS PERSONAS CON LAS QUE TE COMUNIQUES O INTERACTÚES COMO RESULTADO DE TU USO DE LOS SERVICIOS, YA SEA BASADO EN GARANTÍA, CONTRATO, AGRAVIO (INCLUYENDO NEGLIGENCIA), RESPONSABILIDAD DEL PRODUCTO O CUALQUIER OTRA TEORÍA LEGAL, Y HAYA SIDO O NO INFORMADA SEGA DE LA POSIBILIDAD DE TAL DAÑO, INCLUSO SI SE ENCUENTRA QUE UN REMEDIO LIMITADO ESTABLECIDO EN ESTE DOCUMENTO HA FALLADO EN SU PROPÓSITO ESENCIAL.<br>EN NINGÚN CASO LA RESPONSABILIDAD TOTAL DE SEGA QUE SURJA DE O EN CONEXIÓN CON ESTOS TÉRMINOS O DEL USO O INCAPACIDAD DE USAR LOS SERVICIOS O EL CONTENIDO COLECTIVO EXCEDERÁ LAS CANTIDADES QUE HAYAS PAGADO A SEGA POR EL USO DE LOS SERVICIOS O EL CONTENIDO COLECTIVO EN EL PERÍODO DE TRES (3) MESES ANTERIOR A LA RECLAMACIÓN QUE DIO LUGAR A LA RESPONSABILIDAD, SI HAS REALIZADO ALGÚN PAGO A SEGA. LAS LIMITACIONES DE DAÑOS ESTABLECIDAS ANTERIORMENTE SON ELEMENTOS FUNDAMENTALES DE LA BASE
UseAgreement,1,UseAgreement_win10_Message_break2,PROHIBICIONES GENERALES<br>Aceptas no hacer nada de lo siguiente:<br>• Publicar"
UseAgreement,1,UseAgreement_steam_Message_break2,"GENERAL PROHIBITIONS<br>You agree not to do any of the following:<br>•	Post, upload, publish, submit or transmit any Content that: (i) infringes, misappropriates or violates a third party's patent, copyright, trademark, trade secret, moral rights or other intellectual property rights, or rights of publicity or privacy; (ii) violates, or encourages any conduct that would violate, any applicable law or regulation or would give rise to civil liability; (iii) is fraudulent, false, misleading or deceptive; (iv) is defamatory, obscene, pornographic, vulgar or offensive; (v) promotes discrimination, bigotry, racism, hatred, harassment or harm against any individual or group; (vi) is violent or threatening or promotes violence or actions that are threatening to any person or entity; or (vii) promotes illegal or harmful activities or substances.<br>•	Use, display, mirror or frame the Services, or any individual element within the Services, SEGA's name, any SEGA trademark, logo or other proprietary information, or the layout and design of the Services, without SEGA's express written consent;<br>•	Access, tamper with, or use non-public areas of the Services, SEGA's computer systems, or the technical delivery systems of SEGA's providers;<br>•	Attempt to probe, scan, or test the vulnerability of any SEGA system or network or breach any security or authentication measures;<br>•	Avoid, bypass, remove, deactivate, impair, descramble or otherwise circumvent any technological measure implemented by SEGA or any of SEGA's servicers or any other third party (including another user) to protect the Services or Collective Content;<br>•	Attempt to access or search the Services or Collective Content or download Collective Content from the Services through the use of any engine, software, tool, agent, device or mechanism (including spiders, robots, crawlers, data mining tools or the like) other than the software and/or search agents provided by SEGA or other generally available third party web browsers;<br>•	Send any unsolicited or unauthorized advertising, promotional materials, email, junk mail, spam, chain letters or other form of solicitation;<br>•	Use any meta tags or other hidden text or metadata utilizing a SEGA trademark, logo URL or product name without SEGA's express written consent;<br>•	Use the Services or Collective Content for any commercial purpose or the benefit of any third party or in any manner not permitted by these Terms;<br>•	Forge any TCP/IP packet header or any part of the header information in any email or newsgroup posting, or in any way use the Services or Collective Content to send altered, deceptive or false source-identifying information;<br>•	Attempt to decipher, decompile, disassemble or reverse engineer any of the software used to provide the Services or Collective Content;<br>•	Interfere with, or attempt to interfere with, the access of any user, host or network, including, without limitation, sending a virus, overloading, flooding, spamming, or mail-bombing the Services;<br>•	Collect or store any personally identifiable information from the Services from other users of the Services without their express permission;<br>•	Impersonate or misrepresent your affiliation with any person or entity;<br>•	Create an Account if you are a registered sex offender;<br>•	Violate any applicable law or regulation; or<br>•	Encourage or enable any other individual to do any of the foregoing.<br> <br>RULES FOR USE OF THE SERVICES<br>In addition to the General Prohibitions listed above, your playing of, and participation in, the Services is governed by specific rules (""""Rules"""") maintained and enforced exclusively by SEGA. Your cooperation in understanding and complying with the Rules is essential to ensure that all Users can enjoy their experience with the Services. According to the Rules, you must:<br>•	respect the rights of other Users to enjoy and play the Services. To this end, you may not defraud, harass, threaten, or cause distress and/or unwanted attention to other Users.<br>•	not spam, flood, or make duplicate posts, post commercial solicitations or ads when engaging in any interaction with other Users or any SEGA employees or agents, including customer service representatives, or otherwise disrupt the normal flow of dialogue, or use sexually explicit, harmful, threatening, abusive, defamatory, obscene, hateful, or racially or ethnically offensive language or link to any such language or content;<br>•	not impersonate any employee or agent including customer service representatives, of SEGA or its affiliates;<br>•	not post or communicate any User's """"real world"""" information (name, address, account name, etc.) through the Services;<br>•	not offer or perform in-Services services for """"real world"""" cash;<br>•	not exchange or transfer - whether in or outside of the Services- any Virtual Currency or Virtual Goods available in the Services, except as permitted by the in-Services play;<br>•	not organize or be a member of any groups within the Services that are based on or espouse any racist, sexist, anti-religious, anti-ethnic, anti-gay or other discriminatory values;<br>•	not exploit any errors in design features which have not been documented, and/or """"bugs"""" to gain access to content that is otherwise not available to Users, or to obtain a competitive advantage over other Users or any other unintended benefit; or communicate the existence of any such errors or """"bugs"""", either directly or through public posting, to other Users. Errors and bugs should be promptly reported to us at -;<br>•	not use any third-party program (such as a """"bot"""") in order to automate gameplay functions, including playing, interacting, or gathering Virtual Currency or Virtual Goods within the Services; or<br>•	not cheat as part of in-Services play or engage in any other conduct that is disrespectful to other Users or contrary to the """"spirit"""" of the Services.<br> <br>ENFORCEMENT<br>SEGA will have the right to investigate and prosecute violations of any of these Terms to the fullest extent of the law, including, without limitation, the General Prohibitions and Rules. SEGA may involve and cooperate with law enforcement authorities in prosecuting users who violate these Terms. You acknowledge that SEGA has no obligation to monitor your access to or use of the Services or Collective Content or to review or edit any Collective Content, but has the right to do so for the purpose of operating the Services, to ensure your compliance with these Terms, or to comply with applicable law or the order or requirement of a court, administrative agency or other governmental body. SEGA reserves the right, at any time and without prior notice, to remove or disable access to any Collective Content that SEGA, at its sole discretion, considers to be in violation of these Terms or otherwise harmful to the Services.<br>COPYRIGHT POLICY<br>SEGA respects copyright law and expects its users to do the same. <br>It is SEGA's policy to terminate in appropriate circumstances Users or other account holders who repeatedly infringe or are believed to be repeatedly infringing the rights of copyright holders.<br>LINKS<br>The Services may contain links to third-party websites or resources. You acknowledge and agree that SEGA is not responsible or liable for: (i) the availability or accuracy of such websites or resources; or (ii) the content, products, or services on or available from such websites or resources. Links to such websites or resources do not imply any endorsement by SEGA of such websites or resources or the content, products, or services available from such websites or resources. You acknowledge sole responsibility for and assume all risk arising from your use of any such websites or resources or the content, products, or services on or available from such websites or resources.<br>TERMINATION AND ACCOUNT CANCELLATION<br>If you breach any of these Terms, SEGA will have the right to suspend or disable your Account or terminate these Terms, at its sole discretion and without prior notice to you. SEGA reserves the right to revoke your access to and use of the Services and Collective Content at any time, with or without cause. In the event SEGA terminates these Terms for your breach, you will remain liable for all amounts due hereunder. You may cancel your Account with SEGA at any time by sending an email to.<br>DISCLAIMERS<br>THE SERVICES AND COLLECTIVE CONTENT ARE PROVIDED """"AS IS"""", WITHOUT WARRANTY OF ANY KIND, EITHER EXPRESS OR IMPLIED. WITHOUT LIMITING THE FOREGOING, SEGA EXPLICITLY DISCLAIMS ANY WARRANTIES OF MERCHANTABILITY, FITNESS FOR A PARTICULAR PURPOSE, QUIET ENJOYMENT OR NON-INFRINGEMENT, AND ANY WARRANTIES ARISING OUT OF COURSE OF DEALING OR USAGE OF TRADE. SEGA MAKES NO WARRANTY THAT THE SERVICES OR COLLECTIVE CONTENT WILL MEET YOUR REQUIREMENTS OR BE AVAILABLE ON AN UNINTERRUPTED, SECURE, OR ERROR-FREE BASIS. SEGA MAKES NO WARRANTY REGARDING THE QUALITY OF ANY PRODUCTS, SERVICES OR COLLECTIVE CONTENT PURCHASED OR OBTAINED THROUGH THE SERVICES OR THE ACCURACY, TIMELINESS, TRUTHFULNESS, COMPLETENESS OR RELIABILITY OF ANY CONTENT OBTAINED THROUGH THE SERVICES.<br>NO ADVICE OR INFORMATION, WHETHER ORAL OR WRITTEN, OBTAINED FROM SEGA OR THROUGH THE SERVICES OR COLLECTIVE CONTENT, WILL CREATE ANY WARRANTY NOT EXPRESSLY MADE HEREIN.<br>THE SERVICES MAY ONLY BE PLAYED ONLINE, OR VIA CONSOLE DEVICE. YOU ARE SOLELY RESPONSIBLE FOR OBTAINING AND MAINTAINING ADEQUATE INTERNET CONNECTIONS AND CONSOLE DEVICE PLANS AND PAYING FOR ANY RELATED CHARGES FOR USE OF THE SERVICES.<br>YOU ARE SOLELY RESPONSIBLE FOR ALL OF YOUR COMMUNICATIONS AND INTERACTIONS WITH OTHER USERS OF THE SERVICES AND WITH OTHER PERSONS WITH WHOM YOU COMMUNICATE OR INTERACT AS A RESULT OF YOUR USE OF THE SERVICES. YOU UNDERSTAND THAT SEGA DOES NOT SCREEN OR INQUIRE INTO THE BACKGROUND OF ANY USERS OF THE SERVICES, NOR DOES SEGA MAKE ANY ATTEMPT TO VERIFY THE STATEMENTS OF USERS OF THE SERVICES. SEGA MAKES NO REPRESENTATIONS OR WARRANTIES AS TO THE CONDUCT OF USERS OF THE SERVICES OR THEIR COMPATIBILITY WITH ANY CURRENT OR FUTURE USERS OF THE SERVICES. YOU AGREE TO TAKE REASONABLE PRECAUTIONS IN ALL COMMUNICATIONS AND INTERACTIONS WITH OTHER USERS OF THE SERVICES AND WITH OTHER PERSONS WITH WHOM YOU COMMUNICATE OR INTERACT AS A RESULT OF YOUR USE OF THE SERVICES, PARTICULARLY IF YOU DECIDE TO MEET OFFLINE OR IN PERSON.<br>INDEMNITY<br>You agree to defend, indemnify, and hold SEGA, its officers, directors, employees and agents, harmless from and against any claims, liabilities, damages, losses, and expenses, including, without limitation, reasonable legal and accounting fees, arising out of or in any way connected with your access to or use of the Services or Collective Content, or your violation of these Terms.<br>LIMITATION OF LIABILITY<br>YOU ACKNOWLEDGE AND AGREE THAT, TO THE MAXIMUM EXTENT PERMITTED BY LAW, THE ENTIRE RISK ARISING OUT OF YOUR ACCESS TO AND USE OF THE SERVICES AND COLLECTIVE CONTENT REMAINS WITH YOU. NEITHER SEGA NOR ANY OTHER PERSON OR ENTITY INVOLVED IN CREATING, PRODUCING, OR DELIVERING THE SERVICES OR COLLECTIVE CONTENT WILL BE LIABLE FOR ANY INCIDENTAL, SPECIAL, EXEMPLARY OR CONSEQUENTIAL DAMAGES, INCLUDING LOST PROFITS, LOSS OF DATA OR LOSS OF GOODWILL, SERVICE INTERRUPTION, COMPUTER DAMAGE OR SYSTEM FAILURE OR THE COST OF SUBSTITUTE PRODUCTS OR SERVICES, OR FOR ANY DAMAGES FOR PERSONAL OR BODILY INJURY OR EMOTIONAL DISTRESS ARISING OUT OF OR IN CONNECTION WITH THESE TERMS OR FROM THE USE OF OR INABILITY TO USE THE SERVICES OR COLLECTIVE CONTENT, OR FROM ANY COMMUNICATIONS, INTERACTIONS OR MEETINGS WITH OTHER USERS OF THE SERVICES OR OTHER PERSONS WITH WHOM YOU COMMUNICATE OR INTERACT AS A RESULT OF YOUR USE OF THE SERVICES WHETHER BASED ON WARRANTY, CONTRACT, TORT (INCLUDING NEGLIGENCE), PRODUCT LIABILITY OR ANY OTHER LEGAL THEORY, AND WHETHER OR NOT SEGA HAS BEEN INFORMED OF THE POSSIBILITY OF SUCH DAMAGE, EVEN IF A LIMITED REMEDY SET FORTH HEREIN IS FOUND TO HAVE FAILED OF ITS ESSENTIAL PURPOSE.<br>IN NO EVENT WILL SEGA'S AGGREGATE LIABILITY ARISING OUT OF OR IN CONNECTION WITH THESE TERMS OR FROM THE USE OF OR INABILITY TO USE THE SERVICES OR COLLECTIVE CONTENT EXCEED THE AMOUNTS YOU HAVE PAID TO SEGA FOR USE OF THE SERVICES OR COLLECTIVE CONTENT IN THE THREE (3) MONTH PERIOD PRIOR TO THE CLAIM GIVING RISE TO LIABILITY, IF YOU HAVE MADE ANY PAYMENTS TO SEGA. THE LIMITATIONS OF DAMAGES SET FORTH ABOVE ARE FUNDAMENTAL ELEMENTS OF THE BASIS OF THE BARGAIN BETWEEN SEGA AND YOU. SOME JURISDICTIONS DO NOT ALLOW THE EXCLUSION OR LIMITATION OF LIABILITY FOR CONSEQUENTIAL OR INCIDENTAL DAMAGES, SO THE ABOVE LIMITATION MAY NOT APPLY TO YOU.<br>PROPRIETARY RIGHTS NOTICES<br>All trademarks, service marks, logos, trade names and any other proprietary designations of SEGA used herein are trademarks or registered trademarks of SEGA. Any other trademarks, service marks, logos, trade names and any other proprietary designations are the trademarks or registered trademarks of their respective parties.<br>CONTROLLING LAW AND JURISDICTION<br>These Terms and any action related thereto will be governed by the laws of Japan without regard to its conflict of laws provisions. The exclusive jurisdiction and venue of any action to prevent the actual or threatened infringement, misappropriation or violation of a party's copyrights, trademarks, trade secrets, patents or other intellectual property rights will be the Tokyo district courts and each of the parties hereto waives any objection to jurisdiction and venue in such courts.<br>EXPORT CONTROL<br>You agree to comply fully with all Japanese and foreign export laws and regulations to ensure that neither the Applications nor any technical data related thereto nor any direct product thereof is exported or re-exported directly or indirectly in violation of, or used for any purposes prohibited by, such laws and regulations. ENTIRE AGREEMENT<br>These Terms constitute the entire and exclusive understanding and agreement between SEGA and you regarding the Services and Collective Content, and these Terms supersede and replace any and all prior oral or written understandings or agreements between SEGA and you regarding the Services and Collective Content.<br>ASSIGNMENT<br>You may not assign or transfer these Terms, by operation of law or otherwise, without SEGA's prior written consent. Any attempt by you to assign or transfer these Terms, without such consent, will be null and of no effect. SEGA may assign or transfer these Terms, at its sole discretion, without restriction. Subject to the foregoing, these Terms will bind and inure to the benefit of the parties, their successors and permitted assigns.<br>NOTICES<br>Any notices or other communications permitted or required hereunder, including those regarding modifications to these Terms, will be in writing and given by SEGA: (i) via email (in each case to the address that you provide, as <br>applicable); or (ii) by posting via the Services. For notices made by e-mail, the date of receipt will be deemed the date on which such notice is transmitted.<br><br>DISPUTE RESOLUTION<br>You and SEGA agree that any dispute, claim or controversy arising out of or relating to these Terms or the breach, termination, enforcement, interpretation or validity thereof or the use of the Services (collectively, """"Disputes"""") will be settled by binding arbitration, except that each party retains the right to bring an individual action in small claims court and the right to seek injunctive or other equitable relief in a court of competent jurisdiction to prevent the actual or threatened infringement, misappropriation or violation of a party's copyrights, trademarks, trade secrets, patents or other intellectual property rights. You acknowledge and agree that you and SEGA are each waiving the right to a trial by jury or to participate as a plaintiff or class User in any purported class action or representative proceeding. Further, unless both you and SEGA otherwise agree in writing, the arbitrator may not consolidate more than one person's claims, and may not otherwise preside over any form of any class or representative proceeding. If this specific paragraph is held unenforceable, then the entirety of this """"Dispute Resolution"""" section will be deemed void. Except as provided in the preceding sentence, this """"Dispute Resolution"""" section will survive any termination of these Terms.<br>Arbitration Rules and Governing Law. The arbitration will be administered by the Japan Commercial Arbitration Association (“JCAA”) in accordance with the Commercial Arbitration Rules Disputes (the """"JCAA Rules"""") then in effect, except as modified by this """"Dispute Resolution"""" section. (The JCAA Rules are available at http://www.jcaa.or.jp/e/ or by contacting the JCAA via telephone at 03 (5280) 5200 or via fax at 03 (5280) 5170). The Arbitration Act of Japan (Act No. 138 of 2003) will govern the interpretation and enforcement of this Section.<br>Arbitration Process. A party who desires to initiate arbitration must provide the other party with a written “Request for Arbitration” as specified in the JCAA Rules. The arbitration proceedings shall be conducted in Tokyo, Japan. The arbitral tribunal, composed of one or more arbitrators in accordance with the JCAA Rules, shall have the sole discretion to determine the extent and scheduling of any and all discovery to be promulgated in resolving any dispute between the parties hereunder. If a party’s claim does not exceed <br>JPY 20,000,000, the arbitration proceedings shall be conducted in accordance with Chapter VI “Expedited Procedures” of the JCAA Rules. Costs and attorney fees incurred by each party in the arbitration shall not be reimbursed by the other party. Rule 83.2 of the JCAA Rules shall not apply. <br><br>Changes. Notwithstanding the provisions of the """"Modification"""" section above, if SEGA changes this """"Dispute Resolution"""" section after the date you first accepted these Terms (or accepted any subsequent changes to these Terms), you may reject any such change by sending us written notice (including by email to  within 30 days of the date such change became effective, as indicated in the """"Last Updated Date"""" above or in the date of SEGA's email to you notifying you of such change. By rejecting any change, you are agreeing that you will arbitrate any Dispute between you and SEGA in accordance with the provisions of this """"Dispute Resolution"""" section as of the date you first accepted these Terms (or accepted any subsequent changes to these Terms).<br><br><br><br><br>GENERAL<br>The failure of SEGA to enforce any right or provision of these Terms will not constitute a waiver of future enforcement of that right or provision. The waiver of any such right or provision will be effective only if in writing and signed by a duly authorized representative of SEGA. Except as expressly set forth in these Terms, the exercise by either party of any of its remedies under these Terms will be without prejudice to its other remedies under these Terms or otherwise. If for any reason a court of competent jurisdiction finds any provision of these Terms invalid or unenforceable, that provision will be enforced to the maximum extent permissible and the other provisions of these Terms will remain in full force and effect.<br>CONTACTING SEGA<br>If you have any questions about these Terms, please contact SEGA at<br>Sega of America, Inc.<br><br>6400 Oak Canyon, Suite 100, Irvine, CA 92618, U.S.A<br>Sales and distribution of consumer<br>https://support.pso2.com"
UseAgreement,1,Agreement_Message_Combination,$(0)<br>$(1)
UseAgreement,1,UseAgreement_Global_Title,Terminos de servicio y politica de privacidad
UseAgreement,1,UseAgreement_Global_Message,"Debes aceptar el Acuerdo de usuario antes de<br>poder jugar. Por favor, revisa los Términos de servicio y selecciona ""Aceptar""."
UseAgreement,1,UseAgreement_Global_Btn_Tos,Términos de servicio (página web)
UseAgreement,1,UseAgreement_Global_Btn_Pp,Política de privacidad (página web)
UseAgreement,1,UseAgreement_Global_CbMessage,He leído y acepto los Términos de servicio y la Política de privacidad.
UseAgreement,1,UseAgreement_Global_Btn_Agree,Aceptar
UseAgreement,1,UseAgreement_Global_Btn_Decline,Rechazar
UseAgreement,1,UseAgreement_Global_Confirm,Debes aceptar el Acuerdo de usuario antes de<br>poder jugar. ¿Estás seguro de que deseas salir?
UseAgreement,1,UseAgreement_Global_URL_Tos,https://pso2.com/terms-and-conditions?language=
UseAgreement,1,UseAgreement_Global_URL_Pp,https://ngs.pso2.com/privacy?lang=
UseAgreement,1,UseAgreement_Global_URL_Tos_PS4_SIEA,https://pso2.com/misc/support/rules/ps4/us/
UseAgreement,1,UseAgreement_Global_URL_Tos_PS4_SIEE,https://pso2.com/misc/support/rules/ps4/eu/
